0.004300 1.320000
0.004320 1.327300
0.004340 1.361900
0.004360 1.243400
0.004380 1.278100
0.004400 1.308700
0.004420 1.239400
0.004440 1.246700
0.004460 1.320800
0.004480 1.282900
0.004500 1.204000
0.004520 1.281300
0.004540 1.340100
0.004560 1.428000
0.004580 1.677800
0.004600 2.179000
0.004620 2.804400
0.004640 2.898700
0.004660 2.907500
0.004680 2.914800
0.004700 2.910000
0.004720 2.793900
0.004740 2.287800
0.004760 1.855900
0.004780 1.615800
0.004800 1.490800
0.004820 1.424000
0.004840 1.220900
0.004860 1.353000
0.004880 1.424800
0.004900 1.202300
0.004920 1.535200
0.004940 1.531100
0.004960 1.569800
0.004980 1.554500
0.005000 1.527900
0.005020 1.485200
0.005040 1.419100
0.005060 1.321600
0.005080 1.309500
0.005100 1.208800
0.005120 1.222500
0.005140 1.118500
0.005160 1.200700
0.005180 1.319200
0.005200 1.262000
0.005220 1.258800
0.005240 1.341800
0.005260 1.349000
0.005280 1.364300
0.005300 1.345800
0.005320 1.361900
0.005340 1.334500
0.005360 1.108100
0.005380 1.343400
0.005400 1.297400
0.005420 1.195100
0.005440 1.183000
0.005460 1.297400
0.005480 1.275700
0.005500 1.195900
0.005520 1.287800
0.005540 1.253900
0.005560 1.296600
0.005580 1.333700
0.005600 1.417500
0.005620 1.581100
0.005640 2.172600
0.005660 2.653700
0.005680 2.902700
0.005700 2.897100
0.005720 2.918800
0.005740 2.828600
0.005760 2.720600
0.005780 2.242700
0.005800 1.849500
0.005820 1.621400
0.005840 1.411900
0.005860 1.382900
0.005880 1.324800
0.005900 1.391700
0.005920 1.443300
0.005940 1.156400
0.005960 1.539200
0.005980 1.580300
0.006000 1.615800
0.006020 1.610900
0.006040 1.593200
0.006060 1.476300
0.006080 1.444900
0.006100 1.324000
0.006120 1.327300
0.006140 1.208000
0.006160 1.266800
0.006180 1.259600
0.006200 1.302300
0.006220 1.316000
0.006240 1.318400
0.006260 1.365900
0.006280 1.407800
0.006300 1.420700
0.006320 1.404600
0.006340 1.428800
0.006360 1.365900
0.006380 1.374800
0.006400 1.352200
0.006420 1.288600
0.006440 1.287800
0.006460 1.326400
0.006480 1.234600
0.006500 1.263600
0.006520 1.269200
0.006540 1.312700
0.006560 0.933200
0.006580 1.262000
0.006600 1.324000
0.006620 1.556100
0.006640 1.888900
0.006660 2.405500
0.006680 2.870500
0.006700 2.901100
0.006720 2.910800
0.006740 2.735900
0.006760 2.312800
0.006780 1.896200
0.006800 1.644800
0.006820 1.403000
0.006840 1.361100
0.006860 1.341800
0.006880 1.334500
0.006900 1.233000
0.006920 1.443300
0.006940 1.501300
0.006960 1.573000
0.006980 1.619000
0.007000 1.626200
0.007020 1.584300
0.007040 1.544000
0.007060 1.451400
0.007080 1.148400
0.007100 1.302300
0.007120 1.256300
0.007140 1.166100
0.007160 1.246700
0.007180 1.143500
0.007200 1.282900
0.007220 1.233800
0.007240 1.387700
0.007260 1.421500
0.007280 1.370000
0.007300 1.413500
0.007320 1.249900
0.007340 1.357900
0.007360 1.375600
0.007380 1.253100
0.007400 1.365100
0.007420 1.271600
0.007440 1.316800
0.007460 1.274900
0.007480 1.383700
0.007500 1.290200
0.007520 1.192700
0.007540 1.341000
0.007560 1.404600
0.007580 1.636700
0.007600 2.025900
0.007620 2.641600
0.007640 2.897900
0.007660 2.893800
0.007680 2.893800
0.007700 2.827800
0.007720 2.463500
0.007740 2.040400
0.007760 1.594800
0.007780 1.601200
0.007800 1.557700
0.007820 1.511800
0.007840 1.482000
0.007860 1.452200
0.007880 1.428800
0.007900 1.415100
0.007920 1.278100
0.007940 1.396600
0.007960 1.461800
0.007980 1.451400
0.008000 1.411100
0.008020 1.427200
0.008040 1.328100
0.008060 1.308700
0.008080 1.308700
0.008100 1.162900
0.008120 1.287800
0.008140 1.301500
0.008160 1.067000
0.008180 1.302300
0.008200 1.202300
0.008220 1.218500
0.008240 1.238600
0.008260 1.274100
0.008280 1.359500
0.008300 1.353800
0.008320 1.306300
0.008340 1.298200
0.008360 1.183000
0.008380 1.248300
0.008400 1.214400
0.008420 1.206400
0.008440 1.227300
0.008460 1.266000
0.008480 1.270800
0.008500 1.273300
0.008520 1.285300
0.008540 1.286200
0.008560 1.278900
0.008580 1.331300
0.008600 1.760800
0.008620 2.249200
0.008640 2.752000
0.008660 2.878500
0.008680 2.878500
0.008700 2.802800
0.008720 2.403900
0.008740 1.992900
0.008760 1.705200
0.008780 1.543200
0.008800 1.401400
0.008820 1.424000
0.008840 1.366700
0.008860 1.253900
0.008880 1.299900
0.008900 1.071800
0.008920 1.365100
0.008940 1.305500
0.008960 1.443300
0.008980 1.482000
0.009000 1.457800
0.009020 1.465900
0.009040 1.347400
0.009060 1.327300
0.009080 1.301500
0.009100 1.263600
0.009120 1.183000
0.009140 1.261200
0.009160 1.251500
0.009180 1.274900
0.009200 1.260400
0.009220 1.215200
0.009240 1.353800
0.009260 1.195100
0.009280 1.237000
0.009300 1.352200
0.009320 1.224900
0.009340 1.338500
0.009360 1.314400
0.009380 1.328100
0.009400 1.342600
0.009420 1.334500
0.009440 1.321600
0.009460 1.220900
0.009480 1.304700
0.009500 1.312700
0.009520 1.250700
0.009540 1.566600
0.009560 1.936500
0.009580 2.461100
0.009600 2.874500
0.009620 2.885000
0.009640 2.891400
0.009660 2.606200
0.009680 2.170200
0.009700 1.845400
0.009720 1.598000
0.009740 1.470700
0.009760 1.445700
0.009780 1.348200
0.009800 1.368400
0.009820 1.336100
0.009840 1.357100
0.009860 1.396600
0.009880 1.295800
0.009900 1.493300
0.009920 1.503700
0.009940 1.377200
0.009960 1.484400
0.009980 1.209600
0.010000 1.310300
0.010020 1.308700
0.010040 1.199900
0.010060 1.262800
0.010080 1.246700
0.010100 1.240200
0.010120 1.233000
0.010140 1.287000
0.010160 1.186200
0.010180 1.013800
0.010200 1.322400
0.010220 1.370000
0.010240 1.373200
0.010260 1.349000
0.010280 1.317600
0.010300 1.334500
0.010320 1.241000
0.010340 1.116900
0.010360 1.237000
0.010380 1.056500
0.010400 1.292600
0.010420 1.274900
0.010440 1.311100
0.010460 1.218500
0.010480 1.199100
0.010500 1.195100
0.010520 1.364300
0.010540 1.364300
0.010560 1.216800
0.010580 1.244200
0.010600 1.303900
0.010620 1.558500
0.010640 1.880100
0.010660 2.462700
0.010680 2.891400
0.010700 2.897900
0.010720 2.895500
0.010740 2.890600
0.010760 2.504600
0.010780 2.104900
0.010800 1.793800
0.010820 1.623000
0.010840 1.569800
0.010860 1.559300
0.010880 1.499700
0.010900 1.483600
0.010920 1.376400
0.010940 1.396600
0.010960 1.358700
0.010980 1.420700
0.011000 1.447300
0.011020 1.349800
0.011040 1.366700
0.011060 1.374800
0.011080 1.331300
0.011100 1.295000
0.011120 1.291000
0.011140 1.259600
0.011160 1.216000
0.011180 1.298200
0.011200 1.117700
0.011220 1.292600
0.011240 1.207200
0.011260 1.284500
0.011280 1.356300
0.011300 1.372400
0.011320 1.342600
0.011340 1.322400
0.011360 1.342600
0.011380 1.291800
0.011400 1.324800
0.011420 1.128200
0.011440 1.236200
0.011460 1.257100
0.011480 1.121800
0.011500 1.108900
0.011520 1.283700
0.011540 1.037100
0.011560 1.156400
0.011580 1.237800
0.011600 1.278900
0.011620 1.331300
0.011640 1.235400
0.011660 0.976700
0.011680 1.291800
0.011700 1.293400
0.011720 1.247500
0.011740 1.221700
0.011760 1.345800
0.011780 1.723700
0.011800 2.210500
0.011820 2.677100
0.011840 2.907500
0.011860 2.905100
0.011880 2.887400
0.011900 2.569100
0.011920 2.146800
0.011940 1.802700
0.011960 1.461800
0.011980 1.468300
0.012000 1.493300
0.012020 1.404600
0.012040 1.440900
0.012060 1.384500
0.012080 1.403000
0.012100 1.434400
0.012120 1.472300
0.012140 1.522300
0.012160 1.531900
0.012180 1.395800
0.012200 1.444100
0.012220 1.268400
0.012240 1.364300
0.012260 1.325600
0.012280 1.044400
0.012300 1.269200
0.012320 1.276500
0.012340 1.264400
0.012360 1.186200
0.012380 1.282100
0.012400 1.356300
0.012420 1.299000
0.012440 1.228100
0.012460 1.370000
0.012480 1.356300
0.012500 1.364300
0.012520 1.241000
0.012540 1.340100
0.012560 1.296600
0.012580 1.108900
0.012600 1.189500
0.012620 1.255500
0.012640 1.260400
0.012660 1.244200
0.012680 1.241800
0.012700 1.293400
0.012720 1.287000
0.012740 1.320800
0.012760 1.279700
0.012780 1.303900
0.012800 1.273300
0.012820 1.336900
0.012840 1.504500
0.012860 1.665700
0.012880 2.277400
0.012900 2.698800
0.012920 2.895500
0.012940 2.904300
0.012960 2.836600
0.012980 2.456300
0.013000 2.059800
0.013020 1.741500
0.013040 1.603700
0.013060 1.495700
0.013080 1.503700
0.013100 1.448900
0.013120 1.409500
0.013140 1.391700
0.013160 1.422300
0.013180 1.453000
0.013200 1.440900
0.013220 1.514200
0.013240 1.370000
0.013260 1.466700
0.013280 1.411100
0.013300 1.404600
0.013320 1.355500
0.013340 1.288600
0.013360 1.272500
0.013380 1.278100
0.013400 1.089500
0.013420 1.249900
0.013440 1.068600
0.013460 1.260400
0.013480 1.336900
0.013500 1.326400
0.013520 1.343400
0.013540 1.319200
0.013560 1.144300
0.013580 1.339300
0.013600 1.222500
0.013620 1.330500
0.013640 1.281300
0.013660 1.269200
0.013680 1.298200
0.013700 1.085500
0.013720 1.276500
0.013740 1.295800
0.013760 1.281300
0.013780 1.288600
0.013800 1.288600
0.013820 1.299000
0.013840 1.287000
0.013860 1.196700
0.013880 1.332900
0.013900 1.328100
0.013920 1.323200
0.013940 1.331300
0.013960 1.386900
0.013980 1.712500
0.014000 2.210500
0.014020 2.698800
0.014040 2.905100
0.014060 2.885800
0.014080 2.889800
0.014100 2.595700
0.014120 2.150000
0.014140 1.814800
0.014160 1.618200
0.014180 1.372400
0.014200 1.472300
0.014220 1.458600
0.014240 1.345800
0.014260 1.473100
0.014280 1.436800
0.014300 1.489200
0.014320 1.405400
0.014340 1.511800
0.014360 1.523900
0.014380 1.497300
0.014400 1.384500
0.014420 1.407000
0.014440 1.283700
0.014460 1.328100
0.014480 1.269200
0.014500 1.146700
0.014520 1.204000
0.014540 1.234600
0.014560 1.342600
0.014580 1.139500
0.014600 1.288600
0.014620 1.249900
0.014640 1.308700
0.014660 1.359500
0.014680 1.364300
0.014700 1.362700
0.014720 1.352200
0.014740 1.311100
0.014760 1.325600
0.014780 1.301500
0.014800 1.190300
0.014820 1.304700
0.014840 1.275700
0.014860 1.237000
0.014880 1.198300
0.014900 1.283700
0.014920 1.288600
0.014940 1.300700
0.014960 1.307900
0.014980 1.333700
0.015000 1.262800
0.015020 1.317600
0.015040 1.311100
0.015060 1.334500
0.015080 1.440100
0.015100 1.698800
0.015120 2.175000
0.015140 2.642400
0.015160 2.897900
0.015180 2.897100
0.015200 2.769700
0.015220 2.337800
0.015240 2.035600
0.015260 1.701200
0.015280 1.422300
0.015300 1.431200
0.015320 1.361900
0.015340 1.029100
0.015360 1.412700
0.015380 1.451400
0.015400 1.493300
0.015420 1.563400
0.015440 1.557700
0.015460 1.567400
0.015480 1.591600
0.015500 1.560100
0.015520 1.485200
0.015540 1.404600
0.015560 1.378800
0.015580 1.302300
0.015600 1.217700
0.015620 0.930800
0.015640 1.183800
0.015660 1.162900
0.015680 1.258800
0.015700 1.149200
0.015720 1.331300
0.015740 1.174900
0.015760 1.161200
0.015780 1.382900
0.015800 1.357100
0.015820 1.356300
0.015840 1.241000
0.015860 1.096800
0.015880 1.173300
0.015900 1.299900
0.015920 1.266000
0.015940 1.212800
0.015960 1.285300
0.015980 1.221700
0.016000 1.265200
0.016020 1.268400
0.016040 1.150800
0.016060 1.075000
0.016080 1.250700
0.016100 1.262000
0.016120 1.303900
0.016140 1.345000
0.016160 1.333700
0.016180 1.328100
0.016200 1.440100
0.016220 1.673000
0.016240 2.093600
0.016260 2.652900
0.016280 2.912400
0.016300 2.904300
0.016320 2.893800
0.016340 2.784200
0.016360 2.363600
0.016380 1.896200
0.016400 1.693900
0.016420 1.535200
0.016440 1.482000
0.016460 1.438500
0.016480 1.469100
0.016500 1.490800
0.016520 1.457800
0.016540 1.504500
0.016560 1.374800
0.016580 1.225700
0.016600 1.431200
0.016620 1.533600
0.016640 1.469900
0.016660 1.466700
0.016680 1.344200
0.016700 1.323200
0.016720 1.198300
0.016740 1.306300
0.016760 1.285300
0.016780 1.132200
0.016800 1.072600
0.016820 1.304700
0.016840 1.332900
0.016860 1.317600
0.016880 1.334500
0.016900 1.247500
0.016920 1.382100
0.016940 1.370800
0.016960 1.313600
0.016980 1.336100
0.017000 1.253100
0.017020 1.327300
0.017040 1.274900
0.017060 1.260400
0.017080 1.276500
0.017100 1.130600
0.017120 1.277300
0.017140 1.227300
0.017160 1.276500
0.017180 1.287800
0.017200 1.295000
0.017220 0.976700
0.017240 1.205600
0.017260 1.269200
0.017280 1.100000
0.017300 1.173300
0.017320 1.205600
0.017340 1.378000
0.017360 1.731800
0.017380 2.212900
0.017400 2.753600
0.017420 2.888200
0.017440 2.910800
0.017460 2.895500
0.017480 2.801200
0.017500 2.363600
0.017520 1.930000
0.017540 1.505300
0.017560 1.569800
0.017580 1.457800
0.017600 1.471500
0.017620 1.479600
0.017640 1.351400
0.017660 1.507800
0.017680 1.405400
0.017700 1.509400
0.017720 1.490000
0.017740 1.578700
0.017760 1.552100
0.017780 1.473100
0.017800 1.457000
0.017820 1.253900
0.017840 1.365100
0.017860 1.264400
0.017880 1.280500
0.017900 1.277300
0.017920 1.317600
0.017940 1.270800
0.017960 1.336900
0.017980 1.335300
0.018000 1.282900
0.018020 1.327300
0.018040 1.365900
0.018060 1.291000
0.018080 1.348200
0.018100 1.207200
0.018120 1.373200
0.018140 1.156400
0.018160 1.346600
0.018180 1.327300
0.018200 1.295000
0.018220 1.287000
0.018240 1.247500
0.018260 1.228100
0.018280 1.126600
0.018300 1.240200
0.018320 1.137100
0.018340 1.301500
0.018360 1.316000
0.018380 1.133800
0.018400 1.249900
0.018420 1.332100
0.018440 1.190300
0.018460 1.303100
0.018480 1.482000
0.018500 1.637500
0.018520 2.288600
0.018540 2.775400
0.018560 2.898700
0.018580 2.902700
0.018600 2.878500
0.018620 2.522300
0.018640 2.105700
0.018660 1.751900
0.018680 1.546400
0.018700 1.354700
0.018720 1.351400
0.018740 1.341000
0.018760 1.379600
0.018780 1.367500
0.018800 1.482000
0.018820 1.355500
0.018840 1.649600
0.018860 1.645600
0.018880 1.646400
0.018900 1.551300
0.018920 1.536000
0.018940 1.369200
0.018960 1.378800
0.018980 1.076600
0.019000 1.233800
0.019020 1.278900
0.019040 1.262000
0.019060 1.233000
0.019080 1.304700
0.019100 1.340100
0.019120 1.336100
0.019140 1.397400
0.019160 1.417500
0.019180 1.391700
0.019200 1.262000
0.019220 1.220100
0.019240 1.370000
0.019260 1.361900
0.019280 1.283700
0.019300 1.319200
0.019320 1.291800
0.019340 1.266000
0.019360 1.305500
0.019380 1.079000
0.019400 1.273300
0.019420 1.300700
0.019440 1.121000
0.019460 1.296600
0.019480 1.269200
0.019500 1.326400
0.019520 1.297400
0.019540 1.249900
0.019560 1.445700
0.019580 1.826100
0.019600 2.324900
0.019620 2.818900
0.019640 2.884200
0.019660 2.910800
0.019680 2.895500
0.019700 2.739100
0.019720 2.350700
0.019740 1.883300
0.019760 1.500500
0.019780 1.490800
0.019800 1.471500
0.019820 1.444900
0.019840 1.457000
0.019860 1.474700
0.019880 1.488400
0.019900 1.518200
0.019920 1.482800
0.019940 1.585900
0.019960 1.562600
0.019980 1.534400
0.020000 1.511800
0.020020 1.454600
0.020040 1.403000
0.020060 1.336900
0.020080 1.300700
0.020100 1.281300
0.020120 1.101600
0.020140 1.215200
0.020160 1.282100
0.020180 1.216800
0.020200 1.315200
0.020220 1.354700
0.020240 1.215200
0.020260 1.386900
0.020280 1.281300
0.020300 1.286200
0.020320 1.354700
0.020340 1.300700
0.020360 1.241000
0.020380 1.288600
0.020400 1.292600
0.020420 1.234600
0.020440 1.266800
0.020460 1.083900
0.020480 1.249900
0.020500 1.152400
0.020520 1.250700
0.020540 1.253100
0.020560 1.294200
0.020580 1.302300
0.020600 1.305500
0.020620 1.266000
0.020640 1.260400
0.020660 1.321600
0.020680 1.579500
0.020700 1.959900
0.020720 2.525600
0.020740 2.877700
0.020760 2.897900
0.020780 2.888200
0.020800 2.890600
0.020820 2.671400
0.020840 2.212100
0.020860 1.825300
0.020880 1.594000
0.020900 1.495700
0.020920 1.378800
0.020940 1.451400
0.020960 1.429600
0.020980 1.436000
0.021000 1.473100
0.021020 1.449700
0.021040 1.408600
0.021060 1.527900
0.021080 1.552900
0.021100 1.515000
0.021120 1.494900
0.021140 1.404600
0.021160 1.372400
0.021180 1.328900
0.021200 1.303100
0.021220 1.270800
0.021240 1.179000
0.021260 1.235400
0.021280 1.249100
0.021300 1.132200
0.021320 1.336100
0.021340 1.345000
0.021360 1.354700
0.021380 1.339300
0.021400 1.350600
0.021420 1.333700
0.021440 1.345800
0.021460 1.335300
0.021480 1.337700
0.021500 1.286200
0.021520 1.282900
0.021540 1.270800
0.021560 1.226500
0.021580 1.183000
0.021600 1.237000
0.021620 1.244200
0.021640 1.256300
0.021660 1.204000
0.021680 1.268400
0.021700 1.147500
0.021720 1.244200
0.021740 1.207200
0.021760 1.328100
0.021780 1.333700
0.021800 1.340100
0.021820 1.330500
0.021840 1.743100
0.021860 2.255600
0.021880 2.760900
0.021900 2.887400
0.021920 2.941400
0.021940 2.895500
0.021960 2.756800
0.021980 2.254000
0.022000 1.905100
0.022020 1.621400
0.022040 1.417500
0.022060 1.351400
0.022080 1.285300
0.022100 1.381200
0.022120 1.444900
0.022140 1.498900
0.022160 1.490800
0.022180 1.474700
0.022200 1.621400
0.022220 1.519900
0.022240 1.596400
0.022260 1.492500
0.022280 1.473100
0.022300 1.376400
0.022320 1.311100
0.022340 1.295000
0.022360 1.276500
0.022380 1.279700
0.022400 1.090300
0.022420 1.287800
0.022440 1.316000
0.022460 1.300700
0.022480 1.368400
0.022500 1.365100
0.022520 1.382100
0.022540 1.386100
0.022560 1.399800
0.022580 1.389300
0.022600 1.292600
0.022620 1.346600
0.022640 1.313600
0.022660 1.271600
0.022680 1.215200
0.022700 1.250700
0.022720 1.244200
0.022740 1.261200
0.022760 1.287800
0.022780 1.261200
0.022800 1.228100
0.022820 1.316000
0.022840 1.370000
0.022860 1.262800
0.022880 1.298200
0.022900 1.261200
0.022920 1.564200
0.022940 1.913900
0.022960 2.464300
0.022980 2.876900
0.023000 2.904300
0.023020 2.905900
0.023040 2.868900
0.023060 2.519100
0.023080 2.090400
0.023100 1.742300
0.023120 1.566600
0.023140 1.415900
0.023160 1.258800
0.023180 1.359500
0.023200 1.369200
0.023220 1.359500
0.023240 1.443300
0.023260 1.474700
0.023280 1.579500
0.023300 1.597200
0.023320 1.519900
0.023340 1.560100
0.023360 1.469100
0.023380 1.414300
0.023400 1.335300
0.023420 1.299000
0.023440 1.089500
0.023460 1.261200
0.023480 1.207200
0.023500 1.183800
0.023520 1.184600
0.023540 1.260400
0.023560 1.214400
0.023580 1.341000
0.023600 1.349800
0.023620 1.316000
0.023640 1.328900
0.023660 1.358700
0.023680 1.336900
0.023700 1.293400
0.023720 1.208000
0.023740 1.232200
0.023760 1.224900
0.023780 1.256300
0.023800 1.237800
0.023820 1.183000
0.023840 1.263600
0.023860 1.276500
0.023880 1.211200
0.023900 1.289400
0.023920 1.303100
0.023940 1.295000
0.023960 1.269200
0.023980 1.324000
0.024000 1.213600
0.024020 1.347400
0.024040 1.454600
0.024060 1.717300
0.024080 2.208900
0.024100 2.723000
0.024120 2.897900
0.024140 2.895500
0.024160 2.882600
0.024180 2.849500
0.024200 2.433700
0.024220 1.996100
0.024240 1.675400
0.024260 1.525500
0.024280 1.435200
0.024300 1.399000
0.024320 1.405400
0.024340 1.413500
0.024360 1.434400
0.024380 1.417500
0.024400 1.540000
0.024420 1.485200
0.024440 1.590800
0.024460 1.573000
0.024480 1.475500
0.024500 1.477100
0.024520 1.416700
0.024540 1.347400
0.024560 1.288600
0.024580 1.254700
0.024600 1.238600
0.024620 1.174900
0.024640 1.256300
0.024660 1.261200
0.024680 1.234600
0.024700 1.188600
0.024720 1.287800
0.024740 1.344200
0.024760 1.223300
0.024780 1.311900
0.024800 1.306300
0.024820 1.287800
0.024840 1.087100
0.024860 1.308700
0.024880 1.262800
0.024900 1.228900
0.024920 1.272500
0.024940 1.191100
0.024960 1.241800
0.024980 1.124200
0.025000 1.270000
0.025020 1.270800
0.025040 1.257900
0.025060 1.288600
0.025080 1.302300
0.025100 1.266800
0.025120 1.320800
0.025140 1.305500
0.025160 1.383700
0.025180 1.654400
0.025200 2.093600
0.025220 2.647300
0.025240 2.893000
0.025260 2.889000
0.025280 2.910800
0.025300 2.792300
0.025320 2.355500
0.025340 1.962300
0.025360 1.682600
0.025380 1.508600
0.025400 1.417500
0.025420 1.257100
0.025440 1.253900
0.025460 1.322400
0.025480 1.431200
0.025500 1.442500
0.025520 1.513400
0.025540 1.592400
0.025560 1.499700
0.025580 1.523900
0.025600 1.525500
0.025620 1.341000
0.025640 1.386900
0.025660 1.305500
0.025680 1.298200
0.025700 0.968600
0.025720 1.242600
0.025740 0.957400
0.025760 1.237800
0.025780 1.178200
0.025800 1.267600
0.025820 1.278100
0.025840 1.219300
0.025860 1.291000
0.025880 1.205600
0.025900 1.289400
0.025920 1.296600
0.025940 1.336900
0.025960 1.312700
0.025980 1.287800
0.026000 0.991200
0.026020 1.150000
0.026040 1.285300
0.026060 1.159600
0.026080 1.282100
0.026100 1.289400
0.026120 1.179800
0.026140 1.325600
0.026160 1.279700
0.026180 1.320800
0.026200 1.269200
0.026220 1.353000
0.026240 1.391700
0.026260 1.604500
0.026280 1.974400
0.026300 2.474800
0.026320 2.844700
0.026340 2.903500
0.026360 2.872100
0.026380 2.802000
0.026400 2.420800
0.026420 2.033200
0.026440 1.681000
0.026460 1.506200
0.026480 1.269200
0.026500 1.335300
0.026520 1.370000
0.026540 1.386100
0.026560 1.452200
0.026580 1.231400
0.026600 1.457000
0.026620 1.505300
0.026640 1.523900
0.026660 1.581900
0.026680 1.453800
0.026700 1.473900
0.026720 1.407000
0.026740 1.341000
0.026760 1.273300
0.026780 1.224900
0.026800 1.262800
0.026820 1.183800
0.026840 1.201500
0.026860 1.173300
0.026880 1.259600
0.026900 1.224900
0.026920 1.299000
0.026940 1.349000
0.026960 1.320800
0.026980 1.237000
0.027000 1.357100
0.027020 1.328900
0.027040 1.227300
0.027060 1.308700
0.027080 1.272500
0.027100 1.197500
0.027120 1.307900
0.027140 1.303100
0.027160 1.292600
0.027180 1.245900
0.027200 1.316000
0.027220 1.329700
0.027240 1.298200
0.027260 1.207200
0.027280 1.269200
0.027300 1.327300
0.027320 1.342600
0.027340 1.328900
0.027360 1.368400
0.027380 1.502100
0.027400 1.791400
0.027420 2.189500
0.027440 2.619900
0.027460 2.858400
0.027480 2.863200
0.027500 2.730300
0.027520 2.400700
0.027540 2.050100
0.027560 1.664100
0.027580 1.527100
0.027600 1.346600
0.027620 1.281300
0.027640 1.228100
0.027660 1.295000
0.027680 1.353000
0.027700 1.276500
0.027720 1.522300
0.027740 1.602100
0.027760 1.614900
0.027780 1.668100
0.027800 1.533600
0.027820 1.580300
0.027840 1.362700
0.027860 1.407800
0.027880 1.353800
0.027900 1.216000
0.027920 1.089500
0.027940 1.200700
0.027960 1.232200
0.027980 1.225700
0.028000 1.283700
0.028020 1.300700
0.028040 1.141900
0.028060 1.337700
0.028080 1.260400
0.028100 1.382900
0.028120 1.406200
0.028140 1.368400
0.028160 1.334500
0.028180 1.233800
0.028200 1.331300
0.028220 1.295800
0.028240 1.212000
0.028260 1.306300
0.028280 1.289400
0.028300 1.320800
0.028320 1.266800
0.028340 1.330500
0.028360 1.071000
0.028380 1.391700
0.028400 1.525500
0.028420 1.847000
0.028440 2.296700
0.028460 2.698000
0.028480 2.868100
0.028500 2.825300
0.028520 2.576300
0.028540 2.331400
0.028560 1.949400
0.028580 1.725300
0.028600 1.548100
0.028620 1.415100
0.028640 1.379600
0.028660 1.345800
0.028680 1.310300
0.028700 1.409500
0.028720 1.459400
0.028740 1.551300
0.028760 1.608500
0.028780 1.639900
0.028800 1.557700
0.028820 1.534400
0.028840 1.561000
0.028860 1.478800
0.028880 1.403800
0.028900 1.346600
0.028920 1.074200
0.028940 1.274100
0.028960 1.228900
0.028980 1.196700
0.029000 1.269200
0.029020 1.242600
0.029040 1.201500
0.029060 1.321600
0.029080 1.332100
0.029100 1.231400
0.029120 1.204800
0.029140 1.365100
0.029160 1.399000
0.029180 1.311100
0.029200 1.274100
0.029220 1.332100
0.029240 1.274100
0.029260 1.337700
0.029280 1.301500
0.029300 1.318400
0.029320 1.340100
0.029340 1.279700
0.029360 1.531100
0.029380 1.858300
0.029400 2.350700
0.029420 2.806000
0.029440 2.901100
0.029460 2.901100
0.029480 2.864000
0.029500 2.525600
0.029520 2.090400
0.029540 1.814000
0.029560 1.626200
0.029580 1.494900
0.029600 1.346600
0.029620 1.416700
0.029640 1.245100
0.029660 1.485200
0.029680 1.495700
0.029700 1.531900
0.029720 1.553700
0.029740 1.594000
0.029760 1.614900
0.029780 1.594800
0.029800 1.550500
0.029820 1.332100
0.029840 1.431200
0.029860 1.370800
0.029880 1.286200
0.029900 1.223300
0.029920 0.989600
0.029940 1.133000
0.029960 1.265200
0.029980 1.256300
0.030000 1.287000
0.030020 1.186200
0.030040 1.378800
0.030060 1.378800
0.030080 1.373200
0.030100 1.243400
0.030120 1.374000
0.030140 1.259600
0.030160 1.237000
0.030180 1.213600
0.030200 1.317600
0.030220 1.314400
0.030240 1.314400
0.030260 1.259600
0.030280 1.311100
0.030300 1.293400
0.030320 1.340100
0.030340 1.258800
0.030360 1.749500
0.030380 2.276600
0.030400 2.746400
0.030420 2.875300
0.030440 2.906700
0.030460 2.910000
0.030480 2.824500
0.030500 2.417600
0.030520 1.992100
0.030540 1.689100
0.030560 1.406200
0.030580 1.427200
0.030600 1.328100
0.030620 1.262800
0.030640 1.440100
0.030660 1.447300
0.030680 1.511000
0.030700 1.574700
0.030720 1.617400
0.030740 1.614100
0.030760 1.619800
0.030780 1.533600
0.030800 1.522300
0.030820 1.428800
0.030840 1.354700
0.030860 1.174900
0.030880 1.276500
0.030900 1.248300
0.030920 1.180600
0.030940 1.290200
0.030960 1.291800
0.030980 1.303900
0.031000 1.357100
0.031020 1.353000
0.031040 1.212000
0.031060 1.390100
0.031080 1.335300
0.031100 1.377200
0.031120 1.378800
0.031140 1.156400
0.031160 1.358700
0.031180 1.305500
0.031200 1.041200
0.031220 1.237000
0.031240 1.215200
0.031260 1.304700
0.031280 1.168500
0.031300 1.132200
0.031320 0.967000
0.031340 1.267600
0.031360 1.424800
0.031380 1.689100
0.031400 2.153300
0.031420 2.668200
0.031440 2.885000
0.031460 2.901100
0.031480 2.885000
0.031500 2.591600
0.031520 2.132300
0.031540 1.793000
0.031560 1.505300
0.031580 1.349800
0.031600 1.287000
0.031620 1.199900
0.031640 1.274900
0.031660 1.320800
0.031680 1.450500
0.031700 1.522300
0.031720 1.308700
0.031740 1.637500
0.031760 1.689100
0.031780 1.540000
0.031800 1.565000
0.031820 1.495700
0.031840 1.256300
0.031860 1.386100
0.031880 1.133000
0.031900 1.288600
0.031920 1.141100
0.031940 1.275700
0.031960 1.088700
0.031980 1.310300
0.032000 1.353000
0.032020 1.343400
0.032040 1.404600
0.032060 1.395800
0.032080 1.407000
0.032100 1.367500
0.032120 1.426400
0.032140 1.365100
0.032160 1.359500
0.032180 1.354700
0.032200 1.324800
0.032220 1.037900
0.032240 1.311100
0.032260 1.315200
0.032280 1.159600
0.032300 1.289400
0.032320 1.314400
0.032340 1.411900
0.032360 1.651200
0.032380 2.113800
0.032400 2.640000
0.032420 2.885800
0.032440 2.898700
0.032460 2.882600
0.032480 2.624700
0.032500 2.127500
0.032520 1.797100
0.032540 1.535200
0.032560 1.394100
0.032580 1.282100
0.032600 1.237000
0.032620 1.249900
0.032640 1.316000
0.032660 1.397400
0.032680 1.496500
0.032700 1.577100
0.032720 1.607700
0.032740 1.594800
0.032760 1.529500
0.032780 1.560100
0.032800 1.520700
0.032820 1.411900
0.032840 1.240200
0.032860 1.319200
0.032880 1.200700
0.032900 1.199100
0.032920 1.242600
0.032940 1.279700
0.032960 1.316000
0.032980 1.303900
0.033000 1.221700
0.033020 1.390100
0.033040 1.418300
0.033060 1.397400
0.033080 1.390100
0.033100 1.375600
0.033120 1.258800
0.033140 1.245900
0.033160 1.301500
0.033180 1.126600
0.033200 1.267600
0.033220 1.279700
0.033240 1.339300
0.033260 1.269200
0.033280 1.219300
0.033300 1.288600
0.033320 1.308700
0.033340 1.419900
0.033360 1.701200
0.033380 2.212100
0.033400 2.739900
0.033420 2.893000
0.033440 2.893800
0.033460 2.891400
0.033480 2.744000
0.033500 2.348300
0.033520 1.934900
0.033540 1.571400
0.033560 1.428000
0.033580 1.400600
0.033600 1.156400
0.033620 1.353800
0.033640 1.396600
0.033660 1.469100
0.033680 1.402200
0.033700 1.552100
0.033720 1.555300
0.033740 1.603700
0.033760 1.591600
0.033780 1.568200
0.033800 1.505300
0.033820 1.401400
0.033840 1.385300
0.033860 1.292600
0.033880 1.231400
0.033900 1.264400
0.033920 1.278900
0.033940 1.287000
0.033960 1.284500
0.033980 1.309500
0.034000 1.321600
0.034020 1.324800
0.034040 1.353000
0.034060 1.373200
0.034080 1.325600
0.034100 1.305500
0.034120 1.174900
0.034140 1.356300
0.034160 1.332100
0.034180 1.289400
0.034200 1.277300
0.034220 1.314400
0.034240 1.302300
0.034260 1.237000
0.034280 1.119300
0.034300 1.178200
0.034320 1.295000
0.034340 1.268400
0.034360 1.340100
0.034380 1.455400
0.034400 1.747900
0.034420 2.215300
0.034440 2.723000
0.034460 2.885800
0.034480 2.901100
0.034500 2.875300
0.034520 2.521500
0.034540 2.127500
0.034560 1.673800
0.034580 1.530300
0.034600 1.353800
0.034620 1.083900
0.034640 1.304700
0.034660 1.257100
0.034680 1.376400
0.034700 1.444100
0.034720 1.491600
0.034740 1.534400
0.034760 1.623800
0.034780 1.638300
0.034800 1.652800
0.034820 1.534400
0.034840 1.482800
0.034860 1.347400
0.034880 1.389300
0.034900 1.332900
0.034920 1.299900
0.034940 1.270800
0.034960 1.092700
0.034980 1.183000
0.035000 1.192700
0.035020 1.320000
0.035040 1.353000
0.035060 1.010500
0.035080 1.282100
0.035100 1.282100
0.035120 1.259600
0.035140 1.397400
0.035160 1.382100
0.035180 1.320000
0.035200 1.328900
0.035220 1.142700
0.035240 1.339300
0.035260 1.287800
0.035280 1.311900
0.035300 1.319200
0.035320 1.266800
0.035340 1.306300
0.035360 1.374000
0.035380 1.477900
0.035400 2.031600
0.035420 2.456300
0.035440 2.785100
0.035460 2.839900
0.035480 2.688400
0.035500 2.367600
0.035520 1.985600
0.035540 1.664100
0.035560 1.425600
0.035580 1.250700
0.035600 1.091100
0.035620 0.967800
0.035640 1.139500
0.035660 1.256300
0.035680 1.370800
0.035700 1.372400
0.035720 1.579500
0.035740 1.605300
0.035760 1.648000
0.035780 1.627000
0.035800 1.579500
0.035820 1.535200
0.035840 1.432800
0.035860 1.363500
0.035880 1.223300
0.035900 1.311900
0.035920 1.200700
0.035940 1.243400
0.035960 1.241000
0.035980 1.311100
0.036000 1.250700
0.036020 1.367500
0.036040 1.299000
0.036060 1.356300
0.036080 1.307900
0.036100 1.411900
0.036120 1.403000
0.036140 1.363500
0.036160 1.370800
0.036180 1.340100
0.036200 1.282900
0.036220 1.318400
0.036240 1.270000
0.036260 1.314400
0.036280 1.302300
0.036300 1.341000
0.036320 1.490000
0.036340 1.785000
0.036360 2.187100
0.036380 2.700400
0.036400 2.870500
0.036420 2.885800
0.036440 2.711700
0.036460 2.304800
0.036480 1.995300
0.036500 1.686700
0.036520 1.502100
0.036540 1.377200
0.036560 1.273300
0.036580 1.307100
0.036600 1.305500
0.036620 1.404600
0.036640 1.345000
0.036660 1.511000
0.036680 1.563400
0.036700 1.569800
0.036720 1.478800
0.036740 1.555300
0.036760 1.486000
0.036780 1.424800
0.036800 1.400600
0.036820 1.340100
0.036840 1.231400
0.036860 1.253900
0.036880 1.239400
0.036900 1.224100
0.036920 1.283700
0.036940 1.237000
0.036960 1.315200
0.036980 1.311900
0.037000 1.176600
0.037020 1.325600
0.037040 1.293400
0.037060 1.373200
0.037080 1.183800
0.037100 1.381200
0.037120 1.221700
0.037140 1.350600
0.037160 1.325600
0.037180 1.150000
0.037200 1.263600
0.037220 1.210400
0.037240 1.287800
0.037260 1.313600
0.037280 1.320000
0.037300 1.231400
0.037320 1.322400
0.037340 1.414300
0.037360 1.624600
0.037380 1.981600
0.037400 2.471600
0.037420 2.848700
0.037440 2.887400
0.037460 2.859200
0.037480 2.627100
0.037500 2.252400
0.037520 1.852700
0.037540 1.631100
0.037560 1.356300
0.037580 1.406200
0.037600 1.396600
0.037620 1.327300
0.037640 1.411100
0.037660 1.420700
0.037680 1.349800
0.037700 1.533600
0.037720 1.453000
0.037740 1.585900
0.037760 1.567400
0.037780 1.566600
0.037800 1.472300
0.037820 1.370800
0.037840 1.373200
0.037860 1.354700
0.037880 1.321600
0.037900 1.116900
0.037920 1.212800
0.037940 1.291800
0.037960 1.281300
0.037980 1.228900
0.038000 1.278100
0.038020 1.270800
0.038040 1.353800
0.038060 1.360300
0.038080 1.310300
0.038100 1.394900
0.038120 1.360300
0.038140 1.349000
0.038160 1.212800
0.038180 1.321600
0.038200 1.189500
0.038220 1.320800
0.038240 1.324000
0.038260 1.263600
0.038280 1.154800
0.038300 1.299000
0.038320 1.318400
0.038340 1.269200
0.038360 1.349800
0.038380 1.242600
0.038400 1.297400
0.038420 1.508600
0.038440 1.777700
0.038460 2.177400
0.038480 2.610200
0.038500 2.827000
0.038520 2.836600
0.038540 2.621500
0.038560 2.279000
0.038580 1.907500
0.038600 1.697900
0.038620 1.373200
0.038640 1.325600
0.038660 1.299900
0.038680 1.333700
0.038700 1.339300
0.038720 1.403000
0.038740 1.399000
0.038760 1.535200
0.038780 1.614900
0.038800 1.635100
0.038820 1.609300
0.038840 1.604500
0.038860 1.567400
0.038880 1.442500
0.038900 1.372400
0.038920 1.197500
0.038940 1.349000
0.038960 1.275700
0.038980 1.282900
0.039000 1.281300
0.039020 1.257900
0.039040 1.327300
0.039060 1.193500
0.039080 1.331300
0.039100 1.385300
0.039120 1.308700
0.039140 1.410300
0.039160 1.300700
0.039180 1.384500
0.039200 1.265200
0.039220 1.356300
0.039240 1.345000
0.039260 1.336100
0.039280 1.331300
0.039300 1.213600
0.039320 1.316800
0.039340 1.147500
0.039360 1.218500
0.039380 1.306300
0.039400 1.299900
0.039420 1.370000
0.039440 1.477900
0.039460 1.836600
0.039480 2.288600
0.039500 2.673800
0.039520 2.843100
0.039540 2.833400
0.039560 2.569900
0.039580 2.266100
0.039600 1.872800
0.039620 1.681800
0.039640 1.510200
0.039660 1.385300
0.039680 1.334500
0.039700 1.292600
0.039720 1.307100
0.039740 1.372400
0.039760 1.494900
0.039780 1.533600
0.039800 1.575500
0.039820 1.581900
0.039840 1.590000
0.039860 1.580300
0.039880 1.514200
0.039900 1.448900
0.039920 1.370800
0.039940 1.340100
0.039960 1.272500
0.039980 1.304700
0.040000 1.172500
0.040020 1.273300
0.040040 1.311900
0.040060 1.324800
0.040080 1.282100
0.040100 1.310300
0.040120 1.289400
0.040140 1.398200
0.040160 1.407000
0.040180 1.367500
0.040200 1.395800
0.040220 1.345800
0.040240 1.346600
0.040260 1.292600
0.040280 1.232200
0.040300 1.303900
0.040320 1.253900
0.040340 1.238600
0.040360 1.274100
0.040380 1.146700
0.040400 1.300700
0.040420 1.299900
0.040440 1.206400
0.040460 1.175800
0.040480 1.341000
0.040500 1.331300
0.040520 1.757600
0.040540 2.196800
0.040560 2.629500
0.040580 2.862400
0.040600 2.901100
0.040620 2.752800
0.040640 2.453000
0.040660 2.013800
0.040680 1.781000
0.040700 1.605300
0.040720 1.442500
0.040740 1.455400
0.040760 1.432000
0.040780 1.410300
0.040800 1.461800
0.040820 1.479600
0.040840 1.345800
0.040860 1.531100
0.040880 1.581100
0.040900 1.581900
0.040920 1.534400
0.040940 1.472300
0.040960 1.330500
0.040980 1.269200
0.041000 1.316000
0.041020 1.303100
0.041040 1.210400
0.041060 1.220900
0.041080 1.124200
0.041100 1.218500
0.041120 1.259600
0.041140 1.271600
0.041160 1.306300
0.041180 1.338500
0.041200 1.356300
0.041220 1.246700
0.041240 1.261200
0.041260 1.327300
0.041280 1.350600
0.041300 1.176600
0.041320 1.291800
0.041340 1.217700
0.041360 1.263600
0.041380 1.245100
0.041400 1.178200
0.041420 1.191100
0.041440 1.129800
0.041460 1.197500
0.041480 1.256300
0.041500 1.288600
0.041520 1.303100
0.041540 1.158800
0.041560 1.334500
0.041580 1.373200
0.041600 1.747100
0.041620 2.194400
0.041640 2.545700
0.041660 2.744000
0.041680 2.764900
0.041700 2.548900
0.041720 2.272500
0.041740 1.943700
0.041760 1.697100
0.041780 1.275700
0.041800 1.309500
0.041820 1.278900
0.041840 1.107300
0.041860 1.195100
0.041880 1.382100
0.041900 1.456200
0.041920 1.429600
0.041940 1.632700
0.041960 1.664100
0.041980 1.644000
0.042000 1.549700
0.042020 1.506200
0.042040 1.479600
0.042060 1.351400
0.042080 1.283700
0.042100 1.275700
0.042120 1.269200
0.042140 1.251500
0.042160 1.008100
0.042180 1.216800
0.042200 1.276500
0.042220 1.283700
0.042240 1.317600
0.042260 1.286200
0.042280 1.160400
0.042300 1.367500
0.042320 1.375600
0.042340 1.341000
0.042360 1.336100
0.042380 1.309500
0.042400 1.333700
0.042420 1.319200
0.042440 1.306300
0.042460 1.310300
0.042480 1.219300
0.042500 1.316000
0.042520 1.188600
0.042540 1.307900
0.042560 1.291800
0.042580 1.425600
0.042600 1.660900
0.042620 2.030000
0.042640 2.467500
0.042660 2.731900
0.042680 2.822100
0.042700 2.668200
0.042720 2.393400
0.042740 2.079100
0.042760 1.781800
0.042780 1.548900
0.042800 1.463400
0.042820 1.363500
0.042840 1.312700
0.042860 1.121000
0.042880 1.327300
0.042900 1.337700
0.042920 1.509400
0.042940 1.508600
0.042960 1.601200
0.042980 1.620600
0.043000 1.569800
0.043020 1.437700
0.043040 1.483600
0.043060 1.330500
0.043080 1.336900
0.043100 1.266000
0.043120 1.151600
0.043140 1.218500
0.043160 1.250700
0.043180 1.237000
0.043200 1.176600
0.043220 1.107300
0.043240 1.306300
0.043260 1.316800
0.043280 1.327300
0.043300 1.320800
0.043320 1.357100
0.043340 1.334500
0.043360 1.307900
0.043380 1.191900
0.043400 1.328100
0.043420 1.341000
0.043440 1.259600
0.043460 1.332900
0.043480 1.102400
0.043500 1.277300
0.043520 1.314400
0.043540 1.307100
0.043560 1.311900
0.043580 1.304700
0.043600 1.334500
0.043620 1.515800
0.043640 1.800300
0.043660 2.228200
0.043680 2.647300
0.043700 2.836600
0.043720 2.820500
0.043740 2.640000
0.043760 2.305600
0.043780 1.971100
0.043800 1.605300
0.043820 1.536800
0.043840 1.264400
0.043860 1.278100
0.043880 1.368400
0.043900 1.348200
0.043920 1.315200
0.043940 1.422300
0.043960 1.533600
0.043980 1.577100
0.044000 1.588400
0.044020 1.563400
0.044040 1.432000
0.044060 1.507000
0.044080 1.353000
0.044100 1.288600
0.044120 1.282900
0.044140 1.266000
0.044160 1.235400
0.044180 1.240200
0.044200 1.219300
0.044220 1.090300
0.044240 1.287000
0.044260 1.266800
0.044280 1.306300
0.044300 1.316000
0.044320 1.343400
0.044340 1.348200
0.044360 1.303900
0.044380 1.075800
0.044400 1.314400
0.044420 1.301500
0.044440 1.249900
0.044460 1.228100
0.044480 1.317600
0.044500 1.320800
0.044520 1.330500
0.044540 1.299900
0.044560 1.164500
0.044580 1.276500
0.044600 1.321600
0.044620 1.316800
0.044640 1.303100
0.044660 1.345800
0.044680 1.435200
0.044700 1.569800
0.044720 1.978400
0.044740 2.398200
0.044760 2.716600
0.044780 2.848700
0.044800 2.668200
0.044820 2.441000
0.044840 2.152500
0.044860 1.819600
0.044880 1.638300
0.044900 1.459400
0.044920 1.357100
0.044940 1.342600
0.044960 1.344200
0.044980 1.378800
0.045000 1.336100
0.045020 1.485200
0.045040 1.540800
0.045060 1.542400
0.045080 1.565000
0.045100 1.562600
0.045120 1.221700
0.045140 1.517400
0.045160 1.443300
0.045180 1.323200
0.045200 1.311900
0.045220 1.312700
0.045240 1.244200
0.045260 1.287800
0.045280 1.268400
0.045300 1.218500
0.045320 1.208000
0.045340 1.183800
0.045360 1.353000
0.045380 1.318400
0.045400 1.374000
0.045420 1.239400
0.045440 1.347400
0.045460 1.021800
0.045480 1.388500
0.045500 1.233800
0.045520 1.266800
0.045540 1.306300
0.045560 1.312700
0.045580 1.306300
0.045600 1.326400
0.045620 1.344200
0.045640 1.230500
0.045660 1.349800
0.045680 1.318400
0.045700 1.377200
0.045720 1.506200
0.045740 1.635900
0.045760 2.044500
0.045780 2.420000
0.045800 2.652100
0.045820 2.702100
0.045840 2.543300
0.045860 2.230600
0.045880 1.912300
0.045900 1.527100
0.045920 1.446500
0.045940 1.147500
0.045960 1.212000
0.045980 1.207200
0.046000 1.236200
0.046020 1.129800
0.046040 1.375600
0.046060 1.514200
0.046080 1.590800
0.046100 1.625400
0.046120 1.627800
0.046140 1.504500
0.046160 1.533600
0.046180 1.453000
0.046200 1.397400
0.046220 1.345000
0.046240 1.283700
0.046260 1.249900
0.046280 1.245900
0.046300 1.246700
0.046320 1.288600
0.046340 1.150000
0.046360 1.335300
0.046380 1.334500
0.046400 1.382100
0.046420 1.375600
0.046440 1.364300
0.046460 1.413500
0.046480 1.418300
0.046500 1.361100
0.046520 1.388500
0.046540 1.299000
0.046560 1.354700
0.046580 1.345000
0.046600 1.305500
0.046620 1.256300
0.046640 1.339300
0.046660 1.253900
0.046680 1.327300
0.046700 1.310300
0.046720 1.419100
0.046740 1.445700
0.046760 1.902600
0.046780 2.332200
0.046800 2.686700
0.046820 2.826200
0.046840 2.753600
0.046860 2.511900
0.046880 2.208100
0.046900 1.882500
0.046920 1.659300
0.046940 1.457000
0.046960 1.278900
0.046980 1.227300
0.047000 1.325600
0.047020 1.318400
0.047040 1.411100
0.047060 1.443300
0.047080 1.507000
0.047100 1.574700
0.047120 1.552900
0.047140 1.571400
0.047160 1.551300
0.047180 1.507800
0.047200 1.428800
0.047220 1.381200
0.047240 1.338500
0.047260 1.325600
0.047280 1.295000
0.047300 1.234600
0.047320 1.306300
0.047340 1.221700
0.047360 1.262000
0.047380 1.280500
0.047400 1.317600
0.047420 1.332100
0.047440 1.369200
0.047460 1.375600
0.047480 1.394900
0.047500 1.262800
0.047520 1.379600
0.047540 1.384500
0.047560 1.395800
0.047580 1.353000
0.047600 1.322400
0.047620 1.310300
0.047640 1.303900
0.047660 1.323200
0.047680 1.316800
0.047700 1.330500
0.047720 1.119300
0.047740 1.343400
0.047760 1.410300
0.047780 1.565800
0.047800 1.901000
0.047820 2.297500
0.047840 2.637600
0.047860 2.790700
0.047880 2.735900
0.047900 2.485300
0.047920 2.139600
0.047940 1.814800
0.047960 1.608500
0.047980 1.314400
0.048000 1.337700
0.048020 1.207200
0.048040 1.005700
0.048060 1.307900
0.048080 1.297400
0.048100 1.322400
0.048120 1.533600
0.048140 1.569000
0.048160 1.589200
0.048180 1.585100
0.048200 1.565000
0.048220 1.497300
0.048240 1.437700
0.048260 1.399000
0.048280 1.188600
0.048300 1.303900
0.048320 1.301500
0.048340 1.282900
0.048360 1.318400
0.048380 1.205600
0.048400 1.334500
0.048420 1.350600
0.048440 1.332900
0.048460 1.369200
0.048480 1.404600
0.048500 1.432800
0.048520 1.463400
0.048540 1.370800
0.048560 1.370800
0.048580 1.338500
0.048600 1.353000
0.048620 1.080700
0.048640 1.337700
0.048660 1.354700
0.048680 1.218500
0.048700 1.147500
0.048720 1.211200
0.048740 1.364300
0.048760 1.447300
0.048780 1.594800
0.048800 1.911500
0.048820 2.295100
0.048840 2.559400
0.048860 2.673800
0.048880 2.577900
0.048900 2.362000
0.048920 2.006600
0.048940 1.514200
0.048960 1.480400
0.048980 1.376400
0.049000 1.288600
0.049020 1.272500
0.049040 1.106400
0.049060 1.262000
0.049080 1.119300
0.049100 1.461800
0.049120 1.515000
0.049140 1.597200
0.049160 1.611700
0.049180 1.598800
0.049200 1.565800
0.049220 1.149200
0.049240 1.303100
0.049260 1.112100
0.049280 1.179800
0.049300 1.208800
0.049320 1.096000
0.049340 1.298200
0.049360 1.297400
0.049380 1.318400
0.049400 1.257900
0.049420 1.167700
0.049440 1.247500
0.049460 1.403800
0.049480 1.413500
0.049500 1.370800
0.049520 1.228900
0.049540 1.332900
0.049560 1.405400
0.049580 1.380400
0.049600 1.325600
0.049620 1.357900
0.049640 1.338500
0.049660 1.322400
0.049680 1.350600
0.049700 1.159600
0.049720 1.325600
0.049740 1.297400
0.049760 1.358700
0.049780 1.536800
0.049800 1.758400
0.049820 2.134700
0.049840 2.502200
0.049860 2.740700
0.049880 2.787500
0.049900 2.635200
0.049920 2.326500
0.049940 2.011400
0.049960 1.699600
0.049980 1.376400
0.050000 1.420700
0.050020 1.358700
0.050040 1.316800
0.050060 1.307900
0.050080 1.413500
0.050100 1.460200
0.050120 1.482800
0.050140 1.511800
0.050160 1.534400
0.050180 1.573000
0.050200 1.409500
0.050220 1.502900
0.050240 1.402200
0.050260 1.399000
0.050280 1.353800
0.050300 1.339300
0.050320 1.112100
0.050340 1.262800
0.050360 1.282100
0.050380 1.304700
0.050400 1.283700
0.050420 1.353000
0.050440 1.354700
0.050460 1.363500
0.050480 1.328900
0.050500 1.407800
0.050520 1.410300
0.050540 1.245100
0.050560 1.378800
0.050580 1.364300
0.050600 1.379600
0.050620 1.300700
0.050640 1.200700
0.050660 1.351400
0.050680 1.376400
0.050700 1.365100
0.050720 1.353800
0.050740 1.120100
0.050760 1.336900
0.050780 1.218500
0.050800 1.403000
0.050820 1.478800
0.050840 1.692300
0.050860 1.984000
0.050880 2.357100
0.050900 2.633600
0.050920 2.740700
0.050940 2.616600
0.050960 2.374100
0.050980 2.071100
0.051000 1.662500
0.051020 1.585100
0.051040 1.450500
0.051060 1.355500
0.051080 1.287800
0.051100 1.019400
0.051120 1.370000
0.051140 1.424000
0.051160 1.501300
0.051180 1.548100
0.051200 1.417500
0.051220 1.607700
0.051240 1.601200
0.051260 1.540000
0.051280 1.502100
0.051300 1.432000
0.051320 1.403000
0.051340 1.354700
0.051360 1.078200
0.051380 1.321600
0.051400 1.296600
0.051420 1.308700
0.051440 1.310300
0.051460 1.326400
0.051480 1.177400
0.051500 1.399800
0.051520 1.264400
0.051540 1.409500
0.051560 1.258800
0.051580 1.425600
0.051600 1.367500
0.051620 1.327300
0.051640 1.393300
0.051660 1.355500
0.051680 1.307900
0.051700 1.238600
0.051720 1.365900
0.051740 1.320800
0.051760 1.346600
0.051780 1.269200
0.051800 1.361100
0.051820 1.048400
0.051840 1.380400
0.051860 1.622200
0.051880 1.866400
0.051900 2.283000
0.051920 2.565900
0.051940 2.694800
0.051960 2.586000
0.051980 2.363600
0.052000 2.055800
0.052020 1.781000
0.052040 1.524700
0.052060 1.355500
0.052080 1.325600
0.052100 1.192700
0.052120 1.269200
0.052140 1.320000
0.052160 1.439300
0.052180 1.502100
0.052200 1.488400
0.052220 1.524700
0.052240 1.582700
0.052260 1.592400
0.052280 1.548100
0.052300 1.462600
0.052320 1.414300
0.052340 1.340100
0.052360 1.330500
0.052380 1.237000
0.052400 1.211200
0.052420 1.224900
0.052440 1.234600
0.052460 1.283700
0.052480 1.323200
0.052500 1.349000
0.052520 1.295000
0.052540 1.356300
0.052560 1.274900
0.052580 1.360300
0.052600 1.421500
0.052620 1.285300
0.052640 1.369200
0.052660 1.386100
0.052680 1.309500
0.052700 1.356300
0.052720 1.354700
0.052740 1.050800
0.052760 1.267600
0.052780 1.366700
0.052800 1.350600
0.052820 1.340100
0.052840 1.361100
0.052860 1.314400
0.052880 1.602100
0.052900 1.783400
0.052920 2.288600
0.052940 2.623900
0.052960 2.789100
0.052980 2.789100
0.053000 2.582000
0.053020 2.250800
0.053040 1.926800
0.053060 1.695500
0.053080 1.530300
0.053100 1.320000
0.053120 1.393300
0.053140 1.321600
0.053160 1.390100
0.053180 1.424000
0.053200 1.453800
0.053220 1.513400
0.053240 1.538400
0.053260 1.476300
0.053280 1.589200
0.053300 1.503700
0.053320 1.519900
0.053340 1.461000
0.053360 1.401400
0.053380 0.999300
0.053400 1.339300
0.053420 1.281300
0.053440 1.076600
0.053460 1.286200
0.053480 1.307900
0.053500 1.328900
0.053520 1.344200
0.053540 1.374000
0.053560 1.350600
0.053580 1.276500
0.053600 1.374800
0.053620 1.402200
0.053640 1.391700
0.053660 1.416700
0.053680 1.424000
0.053700 1.374000
0.053720 1.394900
0.053740 1.365900
0.053760 1.173300
0.053780 1.329700
0.053800 1.370000
0.053820 1.356300
0.053840 1.339300
0.053860 1.349000
0.053880 1.291800
0.053900 1.332900
0.053920 1.359500
0.053940 1.440100
0.053960 1.589200
0.053980 1.868800
0.054000 2.262900
0.054020 2.599700
0.054040 2.707700
0.054060 2.741500
0.054080 2.559400
0.054100 2.239500
0.054120 1.909100
0.054140 1.639900
0.054160 1.405400
0.054180 1.392500
0.054200 1.346600
0.054220 1.201500
0.054240 1.360300
0.054260 1.370000
0.054280 1.229700
0.054300 1.519900
0.054320 1.613300
0.054340 1.607700
0.054360 1.624600
0.054380 1.473100
0.054400 1.544000
0.054420 1.477100
0.054440 1.437700
0.054460 1.319200
0.054480 1.260400
0.054500 1.324800
0.054520 1.183800
0.054540 1.287000
0.054560 1.295800
0.054580 1.283700
0.054600 1.337700
0.054620 1.339300
0.054640 1.353000
0.054660 1.425600
0.054680 1.380400
0.054700 1.324800
0.054720 1.340100
0.054740 1.361900
0.054760 1.251500
0.054780 1.406200
0.054800 1.375600
0.054820 1.407000
0.054840 1.390900
0.054860 1.324000
0.054880 1.326400
0.054900 1.339300
0.054920 1.353800
0.054940 1.347400
0.054960 1.447300
0.054980 1.610900
0.055000 1.867200
0.055020 2.237900
0.055040 2.513500
0.055060 2.601300
0.055080 2.627100
0.055100 2.347500
0.055120 2.113800
0.055140 1.822900
0.055160 1.567400
0.055180 1.410300
0.055200 1.308700
0.055220 1.162900
0.055240 1.257900
0.055260 1.242600
0.055280 1.365900
0.055300 1.427200
0.055320 1.556900
0.055340 1.634300
0.055360 1.652000
0.055380 1.656000
0.055400 1.596400
0.055420 1.444100
0.055440 1.446500
0.055460 1.348200
0.055480 1.351400
0.055500 1.173300
0.055520 1.079900
0.055540 1.063700
0.055560 1.249900
0.055580 1.302300
0.055600 1.328900
0.055620 1.351400
0.055640 1.315200
0.055660 1.276500
0.055680 1.374800
0.055700 1.419100
0.055720 1.404600
0.055740 1.428000
0.055760 1.366700
0.055780 1.394900
0.055800 1.382900
0.055820 1.308700
0.055840 1.348200
0.055860 1.347400
0.055880 1.347400
0.055900 1.366700
0.055920 1.245900
0.055940 1.370800
0.055960 1.261200
0.055980 1.577900
0.056000 1.875200
0.056020 2.275800
0.056040 2.606200
0.056060 2.810800
0.056080 2.700400
0.056100 2.568300
0.056120 2.254800
0.056140 1.943700
0.056160 1.702000
0.056180 1.512600
0.056200 1.366700
0.056220 1.343400
0.056240 1.365100
0.056260 1.301500
0.056280 1.431200
0.056300 1.477100
0.056320 1.520700
0.056340 1.594000
0.056360 1.598000
0.056380 1.579500
0.056400 1.579500
0.056420 1.546400
0.056440 1.500500
0.056460 1.438500
0.056480 1.379600
0.056500 1.334500
0.056520 1.320000
0.056540 1.275700
0.056560 1.277300
0.056580 1.310300
0.056600 1.309500
0.056620 1.187800
0.056640 1.160400
0.056660 1.400600
0.056680 1.337700
0.056700 1.282100
0.056720 1.411900
0.056740 1.336100
0.056760 1.408600
0.056780 1.340100
0.056800 1.390900
0.056820 1.322400
0.056840 1.359500
0.056860 1.370800
0.056880 1.370800
0.056900 1.370800
0.056920 1.366700
0.056940 1.022600
0.056960 1.374800
0.056980 1.411100
0.057000 1.523900
0.057020 1.756800
0.057040 2.118600
0.057060 2.485300
0.057080 2.730300
0.057100 2.773000
0.057120 2.611800
0.057140 2.353100
0.057160 2.028400
0.057180 1.748700
0.057200 1.520700
0.057220 1.390100
0.057240 1.228100
0.057260 1.333700
0.057280 1.355500
0.057300 1.407000
0.057320 1.274100
0.057340 1.397400
0.057360 1.575500
0.057380 1.546400
0.057400 1.594000
0.057420 1.596400
0.057440 1.580300
0.057460 1.507800
0.057480 1.481200
0.057500 1.321600
0.057520 1.124200
0.057540 1.344200
0.057560 1.313600
0.057580 1.154800
0.057600 1.250700
0.057620 1.237000
0.057640 1.253100
0.057660 1.326400
0.057680 1.367500
0.057700 1.411100
0.057720 1.371600
0.057740 1.400600
0.057760 1.420700
0.057780 1.409500
0.057800 1.411100
0.057820 1.434400
0.057840 1.411900
0.057860 1.391700
0.057880 1.416700
0.057900 1.386100
0.057920 1.334500
0.057940 1.402200
0.057960 1.371600
0.057980 1.430400
0.058000 1.589200
0.058020 1.839000
0.058040 2.171000
0.058060 2.466700
0.058080 2.583600
0.058100 2.574700
0.058120 2.375700
0.058140 2.111400
0.058160 1.810000
0.058180 1.605300
0.058200 1.399800
0.058220 1.171700
0.058240 1.264400
0.058260 1.023400
0.058280 1.278100
0.058300 1.312700
0.058320 1.498100
0.058340 1.584300
0.058360 1.527100
0.058380 1.697100
0.058400 1.669700
0.058420 1.437700
0.058440 1.574700
0.058460 1.338500
0.058480 1.411100
0.058500 1.236200
0.058520 1.197500
0.058540 1.260400
0.058560 1.286200
0.058580 1.305500
0.058600 1.129000
0.058620 1.361100
0.058640 1.334500
0.058660 1.394900
0.058680 1.133000
0.058700 1.360300
0.058720 1.432000
0.058740 1.420700
0.058760 1.324000
0.058780 1.366700
0.058800 1.348200
0.058820 1.285300
0.058840 1.380400
0.058860 1.287800
0.058880 1.243400
0.058900 1.390900
0.058920 1.516600
0.058940 1.748700
0.058960 2.081500
0.058980 2.458700
0.059000 2.753600
0.059020 2.823700
0.059040 2.717400
0.059060 2.388600
0.059080 2.133100
0.059100 1.826100
0.059120 1.627000
0.059140 1.529500
0.059160 1.458600
0.059180 1.391700
0.059200 1.420700
0.059220 1.249900
0.059240 1.487600
0.059260 1.514200
0.059280 1.510200
0.059300 1.577100
0.059320 1.574700
0.059340 1.529500
0.059360 1.516600
0.059380 1.461000
0.059400 1.429600
0.059420 1.407000
0.059440 1.340100
0.059460 1.352200
0.059480 1.302300
0.059500 1.319200
0.059520 1.309500
0.059540 1.250700
0.059560 1.275700
0.059580 1.383700
0.059600 1.391700
0.059620 1.364300
0.059640 1.424000
0.059660 1.215200
0.059680 1.417500
0.059700 1.388500
0.059720 1.334500
0.059740 1.352200
0.059760 1.378000
0.059780 1.266800
0.059800 1.295800
0.059820 1.322400
0.059840 1.292600
0.059860 1.349800
0.059880 1.389300
0.059900 1.458600
0.059920 1.732600
0.059940 2.109700
0.059960 2.515100
0.059980 2.795500
0.060000 2.867300
0.060020 2.792300
0.060040 2.557000
0.060060 2.237100
0.060080 1.955000
0.060100 1.756800
0.060120 1.598000
0.060140 1.576300
0.060160 1.541600
0.060180 1.506200
0.060200 1.515000
0.060220 1.531100
0.060240 1.556100
0.060260 1.561000
0.060280 1.594000
0.060300 1.442500
0.060320 1.598000
0.060340 1.443300
0.060360 1.544000
0.060380 1.434400
0.060400 1.218500
0.060420 1.390100
0.060440 1.372400
0.060460 1.353000
0.060480 1.356300
0.060500 1.135500
0.060520 1.346600
0.060540 1.286200
0.060560 1.292600
0.060580 1.407000
0.060600 1.394900
0.060620 1.374000
0.060640 1.378000
0.060660 1.270000
0.060680 1.389300
0.060700 1.398200
0.060720 1.343400
0.060740 1.371600
0.060760 1.378800
0.060780 1.379600
0.060800 1.373200
0.060820 1.378000
0.060840 1.404600
0.060860 1.245900
0.060880 1.394900
0.060900 1.488400
0.060920 1.623000
0.060940 1.903400
0.060960 2.358800
0.060980 2.724600
0.061000 2.868900
0.061020 2.850300
0.061040 2.617400
0.061060 2.259600
0.061080 1.942900
0.061100 1.681000
0.061120 1.435200
0.061140 1.422300
0.061160 1.378800
0.061180 1.295800
0.061200 1.401400
0.061220 1.433600
0.061240 1.552100
0.061260 1.597200
0.061280 1.697900
0.061300 1.694700
0.061320 1.692300
0.061340 1.655200
0.061360 1.539200
0.061380 1.498900
0.061400 1.419100
0.061420 1.266800
0.061440 1.286200
0.061460 1.307900
0.061480 1.139500
0.061500 1.172500
0.061520 1.262800
0.061540 1.345000
0.061560 1.343400
0.061580 1.416700
0.061600 1.308700
0.061620 1.358700
0.061640 1.378000
0.061660 1.228900
0.061680 1.401400
0.061700 1.424800
0.061720 1.231400
0.061740 1.360300
0.061760 1.349000
0.061780 1.357900
0.061800 1.082300
0.061820 1.368400
0.061840 1.369200
0.061860 1.212000
0.061880 1.321600
0.061900 1.518200
0.061920 1.866400
0.061940 2.399900
0.061960 2.852700
0.061980 2.888200
0.062000 2.887400
0.062020 2.908400
0.062040 2.861600
0.062060 2.491700
0.062080 2.089600
0.062100 1.741500
0.062120 1.590800
0.062140 1.507000
0.062160 1.473900
0.062180 1.437700
0.062200 1.457800
0.062220 1.480400
0.062240 1.308700
0.062260 1.571400
0.062280 1.555300
0.062300 1.601200
0.062320 1.579500
0.062340 1.568200
0.062360 1.508600
0.062380 1.453000
0.062400 1.377200
0.062420 1.272500
0.062440 1.071800
0.062460 1.347400
0.062480 1.308700
0.062500 1.317600
0.062520 1.274100
0.062540 1.313600
0.062560 1.179000
0.062580 1.355500
0.062600 1.349000
0.062620 1.263600
0.062640 1.345800
0.062660 1.285300
0.062680 1.215200
0.062700 1.361100
0.062720 1.341800
0.062740 1.277300
0.062760 1.293400
0.062780 1.303900
0.062800 1.262000
0.062820 1.331300
0.062840 1.213600
0.062860 1.332100
0.062880 1.202300
0.062900 1.265200
0.062920 1.331300
0.062940 1.346600
0.062960 1.639900
0.062980 2.059800
0.063000 2.627100
0.063020 2.903500
0.063040 2.905100
0.063060 2.891400
0.063080 2.901900
0.063100 2.747200
0.063120 2.302300
0.063140 1.880900
0.063160 1.627800
0.063180 1.486000
0.063200 1.339300
0.063220 1.331300
0.063240 1.369200
0.063260 1.413500
0.063280 1.468300
0.063300 1.476300
0.063320 1.544800
0.063340 1.555300
0.063360 1.602100
0.063380 1.557700
0.063400 1.521500
0.063420 1.179000
0.063440 1.312700
0.063460 1.348200
0.063480 1.216000
0.063500 1.300700
0.063520 1.133800
0.063540 1.188600
0.063560 1.112100
0.063580 1.014600
0.063600 1.326400
0.063620 1.380400
0.063640 1.127400
0.063660 1.416700
0.063680 1.378000
0.063700 1.411900
0.063720 1.399000
0.063740 1.256300
0.063760 1.350600
0.063780 1.296600
0.063800 1.295800
0.063820 1.173300
0.063840 1.252300
0.063860 1.289400
0.063880 1.311900
0.063900 1.100800
0.063920 1.212000
0.063940 1.183800
0.063960 1.335300
0.063980 1.338500
0.064000 1.324800
0.064020 1.338500
0.064040 1.214400
0.064060 1.230500
0.064080 1.658500
0.064100 2.107300
0.064120 2.611000
0.064140 2.891400
0.064160 2.892200
0.064180 2.881800
0.064200 2.758500
0.064220 2.307200
0.064240 1.873600
0.064260 1.586700
0.064280 1.295000
0.064300 1.250700
0.064320 1.195900
0.064340 1.252300
0.064360 1.230500
0.064380 1.429600
0.064400 1.536800
0.064420 1.623000
0.064440 1.673800
0.064460 1.631100
0.064480 1.661700
0.064500 1.622200
0.064520 1.535200
0.064540 1.436000
0.064560 1.262800
0.064580 1.093600
0.064600 1.192700
0.064620 1.220900
0.064640 1.252300
0.064660 1.220100
0.064680 1.290200
0.064700 1.351400
0.064720 1.362700
0.064740 1.388500
0.064760 1.340100
0.064780 1.347400
0.064800 1.424800
0.064820 1.392500
0.064840 1.388500
0.064860 1.356300
0.064880 1.210400
0.064900 1.217700
0.064920 1.044400
0.064940 1.266800
0.064960 1.198300
0.064980 1.042800
0.065000 1.077400
0.065020 1.292600
0.065040 1.282100
0.065060 1.224100
0.065080 1.312700
0.065100 1.326400
0.065120 1.320800
0.065140 1.361100
0.065160 1.562600
0.065180 1.872000
0.065200 2.515900
0.065220 2.886600
0.065240 2.890600
0.065260 2.887400
0.065280 2.901100
0.065300 2.793900
0.065320 2.318500
0.065340 1.888100
0.065360 1.634300
0.065380 1.405400
0.065400 1.351400
0.065420 1.382100
0.065440 1.402200
0.065460 1.440100
0.065480 1.457800
0.065500 1.461800
0.065520 1.498900
0.065540 1.597200
0.065560 1.605300
0.065580 1.565800
0.065600 1.523900
0.065620 1.453000
0.065640 1.385300
0.065660 1.324000
0.065680 1.244200
0.065700 1.295800
0.065720 1.270000
0.065740 1.204800
0.065760 1.185400
0.065780 1.291800
0.065800 1.315200
0.065820 1.161200
0.065840 1.357100
0.065860 1.278900
0.065880 1.341000
0.065900 1.289400
0.065920 1.382900
0.065940 1.341800
0.065960 1.342600
0.065980 1.343400
0.066000 1.320800
0.066020 1.263600
0.066040 1.262000
0.066060 1.284500
0.066080 1.139500
0.066100 1.301500
0.066120 1.211200
0.066140 1.295800
0.066160 1.306300
0.066180 1.258800
0.066200 1.278900
0.066220 1.333700
0.066240 1.278100
0.066260 1.121800
0.066280 1.299900
0.066300 1.420700
0.066320 1.564200
0.066340 2.166200
0.066360 2.714900
0.066380 2.896300
0.066400 2.896300
0.066420 2.887400
0.066440 2.891400
0.066460 2.565900
0.066480 2.084000
0.066500 1.747100
0.066520 1.528700
0.066540 1.411900
0.066560 1.364300
0.066580 1.363500
0.066600 1.378800
0.066620 1.469100
0.066640 1.534400
0.066660 1.578700
0.066680 1.598800
0.066700 1.627800
0.066720 1.581900
0.066740 1.578700
0.066760 1.511800
0.066780 1.164500
0.066800 1.317600
0.066820 1.278900
0.066840 1.218500
0.066860 1.212800
0.066880 1.253900
0.066900 1.237800
0.066920 1.303900
0.066940 1.321600
0.066960 1.336900
0.066980 1.358700
0.067000 1.045200
0.067020 1.356300
0.067040 1.311900
0.067060 1.323200
0.067080 1.175800
0.067100 1.344200
0.067120 1.343400
0.067140 1.353800
0.067160 1.332900
0.067180 1.303100
0.067200 1.291000
0.067220 1.316000
0.067240 1.105600
0.067260 1.277300
0.067280 1.291000
0.067300 1.272500
0.067320 1.327300
0.067340 1.249900
0.067360 1.321600
0.067380 1.341000
0.067400 1.353000
0.067420 1.407800
0.067440 1.608500
0.067460 2.056600
0.067480 2.597300
0.067500 2.886600
0.067520 2.893800
0.067540 2.858400
0.067560 2.572300
0.067580 2.163700
0.067600 1.798700
0.067620 1.523100
0.067640 1.382100
0.067660 1.005700
0.067680 1.151600
0.067700 1.205600
0.067720 1.151600
0.067740 1.423200
0.067760 1.524700
0.067780 1.540000
0.067800 1.653600
0.067820 1.665700
0.067840 1.648800
0.067860 1.573000
0.067880 1.502100
0.067900 1.247500
0.067920 1.301500
0.067940 1.291000
0.067960 1.139500
0.067980 1.218500
0.068000 1.215200
0.068020 1.245100
0.068040 0.965400
0.068060 1.245900
0.068080 1.246700
0.068100 1.374800
0.068120 1.328900
0.068140 1.342600
0.068160 1.382900
0.068180 1.347400
0.068200 1.348200
0.068220 1.306300
0.068240 1.231400
0.068260 1.246700
0.068280 1.082300
0.068300 1.142700
0.068320 1.259600
0.068340 1.197500
0.068360 1.237000
0.068380 1.174900
0.068400 1.287800
0.068420 1.270000
0.068440 1.280500
0.068460 1.315200
0.068480 1.336100
0.068500 1.444100
0.068520 1.706000
0.068540 2.169400
0.068560 2.681100
0.068580 2.876100
0.068600 2.880100
0.068620 2.885800
0.068640 2.828600
0.068660 2.411100
0.068680 2.001000
0.068700 1.685100
0.068720 1.516600
0.068740 1.417500
0.068760 1.357900
0.068780 1.371600
0.068800 1.358700
0.068820 1.440900
0.068840 1.525500
0.068860 1.397400
0.068880 1.600400
0.068900 1.606100
0.068920 1.491600
0.068940 1.544800
0.068960 1.412700
0.068980 1.324000
0.069000 1.335300
0.069020 1.278900
0.069040 1.262800
0.069060 1.189500
0.069080 1.150800
0.069100 1.205600
0.069120 1.263600
0.069140 1.301500
0.069160 1.246700
0.069180 1.329700
0.069200 1.265200
0.069220 1.208800
0.069240 1.359500
0.069260 1.344200
0.069280 1.356300
0.069300 1.262000
0.069320 1.291800
0.069340 1.194300
0.069360 1.267600
0.069380 1.293400
0.069400 1.096000
0.069420 1.278100
0.069440 1.192700
0.069460 1.108100
0.069480 1.121000
0.069500 1.334500
0.069520 1.352200
0.069540 1.295000
0.069560 1.291800
0.069580 1.414300
0.069600 1.593200
0.069620 1.945300
0.069640 2.457900
0.069660 2.844700
0.069680 2.889000
0.069700 2.887400
0.069720 2.845500
0.069740 2.427300
0.069760 2.002600
0.069780 1.503700
0.069800 1.510200
0.069820 1.373200
0.069840 1.256300
0.069860 1.350600
0.069880 1.365900
0.069900 1.427200
0.069920 1.461000
0.069940 1.552900
0.069960 1.595600
0.069980 1.598000
0.070000 1.599600
0.070020 1.573800
0.070040 1.531900
0.070060 1.475500
0.070080 1.378800
0.070100 1.233800
0.070120 1.270000
0.070140 1.174100
0.070160 1.210400
0.070180 1.108100
0.070200 1.239400
0.070220 1.304700
0.070240 1.311100
0.070260 1.223300
0.070280 1.305500
0.070300 1.373200
0.070320 1.384500
0.070340 1.328900
0.070360 1.367500
0.070380 1.353000
0.070400 1.360300
0.070420 1.256300
0.070440 1.151600
0.070460 1.282900
0.070480 1.218500
0.070500 1.331300
0.070520 1.311100
0.070540 1.338500
0.070560 1.225700
0.070580 1.357100
0.070600 1.391700
0.070620 1.565000
0.070640 1.795500
0.070660 2.314400
0.070680 2.766500
0.070700 2.892200
0.070720 2.883400
0.070740 2.752800
0.070760 2.368400
0.070780 1.966300
0.070800 1.521500
0.070820 1.489200
0.070840 1.274900
0.070860 1.308700
0.070880 1.196700
0.070900 1.159600
0.070920 1.379600
0.070940 1.482800
0.070960 1.562600
0.070980 1.503700
0.071000 1.660100
0.071020 1.646400
0.071040 1.596400
0.071060 1.501300
0.071080 1.388500
0.071100 1.379600
0.071120 1.305500
0.071140 1.095200
0.071160 1.150000
0.071180 1.004900
0.071200 1.250700
0.071220 1.217700
0.071240 1.295000
0.071260 1.312700
0.071280 1.343400
0.071300 1.368400
0.071320 1.320800
0.071340 1.361900
0.071360 1.403800
0.071380 1.391700
0.071400 1.316800
0.071420 1.343400
0.071440 1.329700
0.071460 1.310300
0.071480 1.318400
0.071500 1.258800
0.071520 1.005700
0.071540 1.354700
0.071560 1.316800
0.071580 1.366700
0.071600 1.343400
0.071620 1.345800
0.071640 1.476300
0.071660 1.969500
0.071680 2.516700
0.071700 2.865600
0.071720 2.879300
0.071740 2.893800
0.071760 2.893000
0.071780 2.698800
0.071800 2.239500
0.071820 1.867200
0.071840 1.372400
0.071860 1.457800
0.071880 1.412700
0.071900 1.275700
0.071920 1.366700
0.071940 1.295000
0.071960 1.490800
0.071980 1.525500
0.072000 1.535200
0.072020 1.599600
0.072040 1.610100
0.072060 1.553700
0.072080 1.498100
0.072100 1.413500
0.072120 1.335300
0.072140 1.315200
0.072160 1.117700
0.072180 1.139500
0.072200 1.222500
0.072220 1.277300
0.072240 1.161200
0.072260 1.319200
0.072280 1.311900
0.072300 1.353000
0.072320 1.352200
0.072340 1.379600
0.072360 1.362700
0.072380 1.372400
0.072400 1.345000
0.072420 1.344200
0.072440 1.332900
0.072460 1.091100
0.072480 1.282100
0.072500 1.253900
0.072520 1.274100
0.072540 1.286200
0.072560 1.281300
0.072580 1.301500
0.072600 1.141100
0.072620 1.161200
0.072640 0.985600
0.072660 1.431200
0.072680 1.647200
0.072700 2.031600
0.072720 2.575500
0.072740 2.887400
0.072760 2.885800
0.072780 2.902700
0.072800 2.829400
0.072820 2.537700
0.072840 2.090400
0.072860 1.765600
0.072880 1.477900
0.072900 1.469100
0.072920 1.332900
0.072940 1.395800
0.072960 1.391700
0.072980 1.191900
0.073000 1.498100
0.073020 1.548900
0.073040 1.608500
0.073060 1.598800
0.073080 1.588400
0.073100 1.534400
0.073120 1.519900
0.073140 1.382100
0.073160 1.370000
0.073180 1.340100
0.073200 1.311900
0.073220 1.269200
0.073240 1.209600
0.073260 1.301500
0.073280 1.290200
0.073300 1.307100
0.073320 1.370000
0.073340 1.329700
0.073360 1.415100
0.073380 1.366700
0.073400 1.370000
0.073420 1.411100
0.073440 1.420700
0.073460 1.278100
0.073480 1.358700
0.073500 1.349800
0.073520 1.168500
0.073540 1.295800
0.073560 1.347400
0.073580 1.316800
0.073600 1.332900
0.073620 1.361900
0.073640 1.279700
0.073660 1.349000
0.073680 1.382100
0.073700 1.482000
0.073720 1.739000
0.073740 2.106500
0.073760 2.590800
0.073780 2.855200
0.073800 2.892200
0.073820 2.810800
0.073840 2.462700
0.073860 2.075100
0.073880 1.773700
0.073900 1.550500
0.073920 1.365900
0.073940 1.314400
0.073960 1.319200
0.073980 1.357100
0.074000 1.343400
0.074020 1.527900
0.074040 1.451400
0.074060 1.514200
0.074080 1.679400
0.074100 1.679400
0.074120 1.563400
0.074140 1.443300
0.074160 1.474700
0.074180 1.393300
0.074200 1.349000
0.074220 1.120100
0.074240 1.263600
0.074260 1.300700
0.074280 1.092700
0.074300 1.347400
0.074320 1.318400
0.074340 1.333700
0.074360 1.424000
0.074380 1.428000
0.074400 1.428000
0.074420 1.446500
0.074440 1.407000
0.074460 1.411100
0.074480 1.237800
0.074500 1.372400
0.074520 1.288600
0.074540 1.276500
0.074560 1.261200
0.074580 1.303900
0.074600 1.307100
0.074620 1.318400
0.074640 1.358700
0.074660 1.352200
0.074680 1.334500
0.074700 1.568200
0.074720 1.900200
0.074740 2.395800
0.074760 2.859200
0.074780 2.891400
0.074800 2.872900
0.074820 2.885800
0.074840 2.602100
0.074860 2.187100
0.074880 1.844600
0.074900 1.624600
0.074920 1.517400
0.074940 1.497300
0.074960 1.466700
0.074980 1.484400
0.075000 1.490000
0.075020 1.462600
0.075040 1.572200
0.075060 1.419900
0.075080 1.561800
0.075100 1.610900
0.075120 1.557700
0.075140 1.469900
0.075160 1.279700
0.075180 1.428000
0.075200 1.271600
0.075220 1.257900
0.075240 1.337700
0.075260 1.286200
0.075280 1.315200
0.075300 1.146700
0.075320 1.317600
0.075340 1.369200
0.075360 1.383700
0.075380 1.378800
0.075400 1.424000
0.075420 1.344200
0.075440 1.363500
0.075460 1.217700
0.075480 1.268400
0.075500 1.359500
0.075520 1.328900
0.075540 1.306300
0.075560 1.342600
0.075580 1.148400
0.075600 1.297400
0.075620 1.311100
0.075640 1.348200
0.075660 1.327300
0.075680 1.347400
0.075700 1.307900
0.075720 1.350600
0.075740 1.391700
0.075760 1.508600
0.075780 1.754400
0.075800 2.273300
0.075820 2.794700
0.075840 2.903500
0.075860 2.897900
0.075880 2.891400
0.075900 2.773800
0.075920 2.341000
0.075940 1.934900
0.075960 1.685900
0.075980 1.476300
0.076000 1.457800
0.076020 1.457800
0.076040 1.440100
0.076060 1.473100
0.076080 1.430400
0.076100 1.514200
0.076120 1.482000
0.076140 1.594000
0.076160 1.548100
0.076180 1.391700
0.076200 1.507800
0.076220 1.421500
0.076240 1.418300
0.076260 1.363500
0.076280 1.307900
0.076300 1.312700
0.076320 1.295000
0.076340 1.236200
0.076360 1.093600
0.076380 1.252300
0.076400 1.320000
0.076420 1.352200
0.076440 1.407800
0.076460 1.262000
0.076480 1.440100
0.076500 1.217700
0.076520 1.353800
0.076540 1.398200
0.076560 1.378800
0.076580 1.245100
0.076600 1.349000
0.076620 1.345000
0.076640 1.236200
0.076660 1.336900
0.076680 1.341800
0.076700 1.324800
0.076720 1.304700
0.076740 1.317600
0.076760 1.365900
0.076780 1.331300
0.076800 1.361900
0.076820 1.273300
0.076840 1.366700
0.076860 1.423200
0.076880 1.389300
0.076900 1.811600
0.076920 2.267700
0.076940 2.756000
0.076960 2.908400
0.076980 2.905900
0.077000 2.803600
0.077020 2.490900
0.077040 2.055800
0.077060 1.663300
0.077080 1.523100
0.077100 1.413500
0.077120 1.313600
0.077140 1.340100
0.077160 1.382100
0.077180 1.461800
0.077200 1.545600
0.077220 1.602100
0.077240 1.652800
0.077260 1.682600
0.077280 1.671400
0.077300 1.572200
0.077320 1.556100
0.077340 1.459400
0.077360 1.401400
0.077380 1.336900
0.077400 1.320800
0.077420 1.019400
0.077440 1.178200
0.077460 1.319200
0.077480 1.170900
0.077500 1.379600
0.077520 1.426400
0.077540 1.270000
0.077560 1.413500
0.077580 1.444100
0.077600 1.424000
0.077620 1.401400
0.077640 1.349800
0.077660 1.208000
0.077680 1.358700
0.077700 1.304700
0.077720 1.355500
0.077740 1.287800
0.077760 1.340100
0.077780 1.337700
0.077800 1.331300
0.077820 1.353800
0.077840 1.381200
0.077860 1.382900
0.077880 1.387700
0.077900 1.088700
0.077920 1.424000
0.077940 1.738200
0.077960 2.104900
0.077980 2.680300
0.078000 2.893000
0.078020 3.048600
0.078040 2.888200
0.078060 2.617400
0.078080 2.206400
0.078100 1.821200
0.078120 1.288600
0.078140 1.382900
0.078160 1.461800
0.078180 1.402200
0.078200 1.451400
0.078220 1.457800
0.078240 1.309500
0.078260 1.374000
0.078280 1.490000
0.078300 1.523900
0.078320 1.295000
0.078340 1.579500
0.078360 1.500500
0.078380 1.486800
0.078400 1.412700
0.078420 1.319200
0.078440 1.272500
0.078460 1.231400
0.078480 1.304700
0.078500 1.345000
0.078520 1.208800
0.078540 1.334500
0.078560 1.369200
0.078580 1.402200
0.078600 1.228900
0.078620 1.404600
0.078640 1.414300
0.078660 1.411100
0.078680 1.373200
0.078700 1.324000
0.078720 1.309500
0.078740 1.352200
0.078760 1.242600
0.078780 1.254700
0.078800 1.316000
0.078820 1.321600
0.078840 1.312700
0.078860 1.121000
0.078880 1.277300
0.078900 1.259600
0.078920 1.306300
0.078940 1.260400
0.078960 1.381200
0.078980 1.369200
0.079000 1.378800
0.079020 1.489200
0.079040 1.568200
0.079060 1.868800
0.079080 2.414400
0.079100 2.861600
0.079120 2.910000
0.079140 2.905100
0.079160 2.896300
0.079180 2.600500
0.079200 2.153300
0.079220 1.807500
0.079240 1.598800
0.079260 1.501300
0.079280 1.377200
0.079300 1.457000
0.079320 1.494100
0.079340 1.257100
0.079360 1.469100
0.079380 1.542400
0.079400 1.582700
0.079420 1.601200
0.079440 1.569800
0.079460 1.493300
0.079480 1.490800
0.079500 1.454600
0.079520 1.368400
0.079540 1.322400
0.079560 1.295800
0.079580 1.167700
0.079600 1.292600
0.079620 1.183000
0.079640 1.222500
0.079660 1.295000
0.079680 1.266000
0.079700 1.283700
0.079720 1.327300
0.079740 1.382900
0.079760 1.353800
0.079780 1.431200
0.079800 1.303100
0.079820 1.355500
0.079840 1.319200
0.079860 1.352200
0.079880 1.097600
0.079900 1.302300
0.079920 1.336100
0.079940 1.337700
0.079960 1.321600
0.079980 1.346600
0.080000 1.330500
0.080020 1.142700
0.080040 1.163700
0.080060 1.190300
0.080080 1.245900
0.080100 1.141900
0.080120 1.235400
0.080140 1.277300
0.080160 1.444100
0.080180 1.648800
0.080200 2.153300
0.080220 2.630300
0.080240 2.868100
0.080260 2.892200
0.080280 2.831800
0.080300 2.491700
0.080320 2.082300
0.080340 1.764000
0.080360 1.558500
0.080380 1.408600
0.080400 1.375600
0.080420 1.213600
0.080440 1.403800
0.080460 1.183000
0.080480 1.465100
0.080500 1.455400
0.080520 1.612500
0.080540 1.619800
0.080560 1.623800
0.080580 1.573800
0.080600 1.366700
0.080620 1.488400
0.080640 1.403800
0.080660 1.025100
0.080680 1.313600
0.080700 1.286200
0.080720 1.254700
0.080740 1.147500
0.080760 1.153200
0.080780 1.355500
0.080800 1.233000
0.080820 1.291000
0.080840 1.410300
0.080860 1.228100
0.080880 1.385300
0.080900 1.403000
0.080920 1.378800
0.080940 1.295000
0.080960 1.333700
0.080980 1.341800
0.081000 1.250700
0.081020 1.269200
0.081040 1.291000
0.081060 1.280500
0.081080 1.324000
0.081100 1.333700
0.081120 1.290200
0.081140 1.353800
0.081160 1.223300
0.081180 1.376400
0.081200 1.357900
0.081220 1.488400
0.081240 1.723700
0.081260 2.113800
0.081280 2.607800
0.081300 2.893000
0.081320 2.897100
0.081340 2.818100
0.081360 2.554600
0.081380 2.166200
0.081400 1.746300
0.081420 1.493300
0.081440 1.489200
0.081460 1.440900
0.081480 1.417500
0.081500 1.407800
0.081520 1.460200
0.081540 1.321600
0.081560 1.513400
0.081580 1.542400
0.081600 1.502900
0.081620 1.588400
0.081640 1.459400
0.081660 1.320800
0.081680 1.224900
0.081700 1.295000
0.081720 1.308700
0.081740 1.294200
0.081760 1.175800
0.081780 1.260400
0.081800 1.287800
0.081820 1.278900
0.081840 1.322400
0.081860 1.333700
0.081880 1.365100
0.081900 1.349800
0.081920 1.357100
0.081940 1.318400
0.081960 1.400600
0.081980 1.262000
0.082000 1.363500
0.082020 1.331300
0.082040 1.310300
0.082060 1.302300
0.082080 1.314400
0.082100 1.319200
0.082120 1.249900
0.082140 1.288600
0.082160 1.194300
0.082180 1.295800
0.082200 1.281300
0.082220 1.324800
0.082240 1.339300
0.082260 1.186200
0.082280 1.354700
0.082300 1.287800
0.082320 1.453800
0.082340 1.790600
0.082360 2.294300
0.082380 2.734300
0.082400 2.881000
0.082420 2.904300
0.082440 2.796300
0.082460 2.564200
0.082480 2.088800
0.082500 1.786600
0.082520 1.577900
0.082540 1.501300
0.082560 1.269200
0.082580 1.386900
0.082600 1.464200
0.082620 1.429600
0.082640 1.510200
0.082660 1.527900
0.082680 1.551300
0.082700 1.547300
0.082720 1.587500
0.082740 1.556900
0.082760 1.496500
0.082780 1.386100
0.082800 1.348200
0.082820 1.339300
0.082840 1.106400
0.082860 1.266000
0.082880 1.233000
0.082900 1.224100
0.082920 1.221700
0.082940 1.296600
0.082960 1.323200
0.082980 1.159600
0.083000 1.311100
0.083020 1.330500
0.083040 1.390900
0.083060 1.308700
0.083080 1.343400
0.083100 1.327300
0.083120 1.267600
0.083140 1.255500
0.083160 1.269200
0.083180 1.246700
0.083200 1.287800
0.083220 1.211200
0.083240 1.188600
0.083260 1.129000
0.083280 1.275700
0.083300 1.308700
0.083320 1.321600
0.083340 1.215200
0.083360 1.315200
0.083380 1.305500
0.083400 1.318400
0.083420 1.345800
0.083440 1.547300
0.083460 1.861500
0.083480 2.334600
0.083500 2.741500
0.083520 2.887400
0.083540 2.875300
0.083560 2.649700
0.083580 2.275800
0.083600 1.908300
0.083620 1.652000
0.083640 1.474700
0.083660 1.316800
0.083680 1.369200
0.083700 1.345000
0.083720 1.042800
0.083740 1.324000
0.083760 1.469900
0.083780 1.526300
0.083800 1.581900
0.083820 1.637500
0.083840 1.540800
0.083860 1.594800
0.083880 1.545600
0.083900 1.457800
0.083920 1.341000
0.083940 1.337700
0.083960 1.179800
0.083980 1.296600
0.084000 1.301500
0.084020 1.270000
0.084040 1.302300
0.084060 1.287000
0.084080 1.341800
0.084100 1.237800
0.084120 1.432000
0.084140 1.434400
0.084160 1.401400
0.084180 1.390100
0.084200 1.437700
0.084220 1.320800
0.084240 1.341800
0.084260 1.340100
0.084280 1.310300
0.084300 1.270000
0.084320 1.313600
0.084340 1.314400
0.084360 1.150800
0.084380 1.249900
0.084400 1.312700
0.084420 1.324000
0.084440 1.008900
0.084460 1.245100
0.084480 1.424800
0.084500 1.597200
0.084520 1.979200
0.084540 2.403900
0.084560 2.665800
0.084580 2.803600
0.084600 2.698000
0.084620 2.405500
0.084640 2.050100
0.084660 1.728600
0.084680 1.518200
0.084700 1.345800
0.084720 1.264400
0.084740 1.256300
0.084760 1.209600
0.084780 1.326400
0.084800 1.445700
0.084820 1.556900
0.084840 1.527900
0.084860 1.649600
0.084880 1.698800
0.084900 1.646400
0.084920 1.589200
0.084940 1.488400
0.084960 1.457800
0.084980 1.370000
0.085000 1.277300
0.085020 1.282900
0.085040 1.240200
0.085060 1.155600
0.085080 1.268400
0.085100 1.241800
0.085120 1.320800
0.085140 1.357900
0.085160 1.410300
0.085180 1.417500
0.085200 1.270800
0.085220 1.424000
0.085240 1.317600
0.085260 1.332900
0.085280 1.341800
0.085300 1.289400
0.085320 1.107300
0.085340 1.051600
0.085360 1.269200
0.085380 1.249100
0.085400 1.133800
0.085420 1.311100
0.085440 1.295800
0.085460 1.241800
0.085480 1.319200
0.085500 1.325600
0.085520 1.519900
0.085540 1.766400
0.085560 2.333800
0.085580 2.748800
0.085600 2.896300
0.085620 2.920400
0.085640 2.809200
0.085660 2.407900
0.085680 2.039600
0.085700 1.850300
0.085720 1.588400
0.085740 1.445700
0.085760 1.440100
0.085780 1.356300
0.085800 1.444900
0.085820 1.486000
0.085840 1.518200
0.085860 1.498900
0.085880 1.410300
0.085900 1.504500
0.085920 1.605300
0.085940 1.584300
0.085960 1.544800
0.085980 1.457000
0.086000 1.411100
0.086020 1.354700
0.086040 1.204000
0.086060 1.308700
0.086080 1.142700
0.086100 1.277300
0.086120 1.261200
0.086140 1.104800
0.086160 1.347400
0.086180 1.345000
0.086200 1.390100
0.086220 1.319200
0.086240 1.350600
0.086260 1.318400
0.086280 1.329700
0.086300 1.328100
0.086320 1.369200
0.086340 1.340100
0.086360 1.336900
0.086380 1.307100
0.086400 1.197500
0.086420 1.277300
0.086440 1.278900
0.086460 1.240200
0.086480 1.260400
0.086500 1.290200
0.086520 1.288600
0.086540 1.311900
0.086560 1.245900
0.086580 1.305500
0.086600 1.405400
0.086620 1.730200
0.086640 2.175800
0.086660 2.714100
0.086680 2.896300
0.086700 2.902700
0.086720 2.880100
0.086740 2.574700
0.086760 2.159700
0.086780 1.804300
0.086800 1.535200
0.086820 1.447300
0.086840 1.179800
0.086860 1.340100
0.086880 1.415100
0.086900 1.469100
0.086920 1.469100
0.086940 1.560100
0.086960 1.602100
0.086980 1.585100
0.087000 1.629500
0.087020 1.561800
0.087040 1.555300
0.087060 1.378000
0.087080 1.343400
0.087100 1.374000
0.087120 1.326400
0.087140 1.316000
0.087160 1.279700
0.087180 1.146700
0.087200 1.314400
0.087220 1.295800
0.087240 1.328900
0.087260 1.333700
0.087280 1.175800
0.087300 1.356300
0.087320 1.373200
0.087340 1.413500
0.087360 1.422300
0.087380 1.365900
0.087400 1.296600
0.087420 1.312700
0.087440 1.340100
0.087460 1.321600
0.087480 1.166100
0.087500 1.302300
0.087520 1.301500
0.087540 1.312700
0.087560 1.122600
0.087580 1.212800
0.087600 1.307100
0.087620 1.315200
0.087640 1.238600
0.087660 1.164500
0.087680 1.371600
0.087700 1.405400
0.087720 1.585900
0.087740 1.910700
0.087760 2.391800
0.087780 2.795500
0.087800 2.915600
0.087820 2.870500
0.087840 2.598900
0.087860 2.224200
0.087880 1.833300
0.087900 1.511000
0.087920 1.404600
0.087940 1.318400
0.087960 0.997700
0.087980 1.308700
0.088000 1.078200
0.088020 1.441700
0.088040 1.545600
0.088060 1.637500
0.088080 1.676200
0.088100 1.707600
0.088120 1.692300
0.088140 1.547300
0.088160 1.556900
0.088180 1.343400
0.088200 1.393300
0.088220 1.341000
0.088240 1.257100
0.088260 1.283700
0.088280 1.264400
0.088300 1.309500
0.088320 1.318400
0.088340 1.354700
0.088360 1.378000
0.088380 1.383700
0.088400 1.320000
0.088420 1.417500
0.088440 1.350600
0.088460 1.279700
0.088480 1.410300
0.088500 1.213600
0.088520 1.260400
0.088540 1.341000
0.088560 1.310300
0.088580 1.324800
0.088600 1.321600
0.088620 1.328100
0.088640 1.335300
0.088660 1.289400
0.088680 1.332900
0.088700 1.303900
0.088720 1.297400
0.088740 1.432000
0.088760 1.574700
0.088780 1.978400
0.088800 2.474800
0.088820 2.815700
0.088840 2.891400
0.088860 2.872100
0.088880 2.667400
0.088900 2.242700
0.088920 1.883300
0.088940 1.634300
0.088960 1.453000
0.088980 1.320000
0.089000 1.346600
0.089020 1.183000
0.089040 1.418300
0.089060 1.473100
0.089080 1.500500
0.089100 1.565800
0.089120 1.612500
0.089140 1.638300
0.089160 1.631900
0.089180 1.536800
0.089200 1.529500
0.089220 1.442500
0.089240 1.391700
0.089260 1.322400
0.089280 1.264400
0.089300 1.150000
0.089320 1.220900
0.089340 1.275700
0.089360 1.308700
0.089380 1.327300
0.089400 1.346600
0.089420 1.363500
0.089440 1.362700
0.089460 1.394900
0.089480 1.394100
0.089500 1.323200
0.089520 1.391700
0.089540 1.383700
0.089560 1.351400
0.089580 1.342600
0.089600 1.334500
0.089620 1.332900
0.089640 1.307900
0.089660 1.291800
0.089680 1.208800
0.089700 1.215200
0.089720 1.294200
0.089740 1.286200
0.089760 1.148400
0.089780 1.292600
0.089800 1.446500
0.089820 1.643200
0.089840 2.050900
0.089860 2.579600
0.089880 2.891400
0.089900 2.879300
0.089920 2.898700
0.089940 2.664200
0.089960 2.261200
0.089980 1.810800
0.090000 1.629500
0.090020 1.496500
0.090040 1.181400
0.090060 1.212800
0.090080 1.374800
0.090100 1.463400
0.090120 1.471500
0.090140 1.542400
0.090160 1.582700
0.090180 1.559300
0.090200 1.596400
0.090220 1.602900
0.090240 1.411900
0.090260 1.476300
0.090280 1.404600
0.090300 1.384500
0.090320 1.324800
0.090340 1.148400
0.090360 1.247500
0.090380 1.249100
0.090400 1.187000
0.090420 1.195100
0.090440 1.341800
0.090460 1.375600
0.090480 1.344200
0.090500 1.269200
0.090520 1.401400
0.090540 1.392500
0.090560 1.312700
0.090580 1.342600
0.090600 1.310300
0.090620 1.285300
0.090640 1.205600
0.090660 1.336900
0.090680 1.288600
0.090700 1.318400
0.090720 1.327300
0.090740 1.310300
0.090760 1.229700
0.090780 1.298200
0.090800 1.340100
0.090820 1.344200
0.090840 1.348200
0.090860 1.361900
0.090880 1.504500
0.090900 1.808400
0.090920 2.275800
0.090940 2.722200
0.090960 2.900300
0.090980 2.876900
0.091000 2.648900
0.091020 2.381300
0.091040 1.980800
0.091060 1.676200
0.091080 1.427200
0.091100 1.366700
0.091120 1.349000
0.091140 1.291800
0.091160 1.284500
0.091180 1.472300
0.091200 1.499700
0.091220 1.584300
0.091240 1.486800
0.091260 1.661700
0.091280 1.650400
0.091300 1.617400
0.091320 1.540000
0.091340 1.508600
0.091360 1.360300
0.091380 1.284500
0.091400 1.307900
0.091420 1.298200
0.091440 1.209600
0.091460 1.276500
0.091480 1.270800
0.091500 1.297400
0.091520 1.381200
0.091540 1.361100
0.091560 1.345000
0.091580 1.285300
0.091600 1.411100
0.091620 1.424800
0.091640 1.399000
0.091660 1.382100
0.091680 1.349800
0.091700 1.284500
0.091720 1.329700
0.091740 1.255500
0.091760 1.320800
0.091780 1.295000
0.091800 1.330500
0.091820 1.315200
0.091840 1.336900
0.091860 1.307100
0.091880 1.340100
0.091900 1.295800
0.091920 1.352200
0.091940 1.467500
0.091960 1.743900
0.091980 2.208100
0.092000 2.639200
0.092020 2.865600
0.092040 2.886600
0.092060 2.740700
0.092080 2.369200
0.092100 2.013800
0.092120 1.700400
0.092140 1.502900
0.092160 1.230500
0.092180 1.233000
0.092200 1.314400
0.092220 1.323200
0.092240 1.424800
0.092260 1.465100
0.092280 1.568200
0.092300 1.634300
0.092320 1.665700
0.092340 1.664900
0.092360 1.638300
0.092380 1.459400
0.092400 1.483600
0.092420 1.270000
0.092440 1.351400
0.092460 1.287000
0.092480 1.133000
0.092500 1.221700
0.092520 1.223300
0.092540 1.270000
0.092560 1.276500
0.092580 1.263600
0.092600 1.335300
0.092620 1.361900
0.092640 1.393300
0.092660 1.396600
0.092680 1.285300
0.092700 1.390900
0.092720 1.214400
0.092740 1.354700
0.092760 1.338500
0.092780 1.324800
0.092800 1.181400
0.092820 1.134700
0.092840 1.150000
0.092860 1.282100
0.092880 0.966200
0.092900 1.279700
0.092920 1.327300
0.092940 1.320800
0.092960 1.338500
0.092980 1.320000
0.093000 1.353800
0.093020 1.407800
0.093040 1.801100
0.093060 2.287800
0.093080 2.671400
0.093100 2.901900
0.093120 2.901900
0.093140 2.852700
0.093160 2.536000
0.093180 2.127500
0.093200 1.747100
0.093220 1.577900
0.093240 1.429600
0.093260 1.367500
0.093280 1.358700
0.093300 1.377200
0.093320 1.435200
0.093340 1.493300
0.093360 1.526300
0.093380 1.515000
0.093400 1.614100
0.093420 1.599600
0.093440 1.589200
0.093460 1.490000
0.093480 1.492500
0.093500 1.388500
0.093520 1.351400
0.093540 1.205600
0.093560 1.298200
0.093580 1.190300
0.093600 1.273300
0.093620 1.292600
0.093640 1.321600
0.093660 1.327300
0.093680 1.359500
0.093700 1.372400
0.093720 1.315200
0.093740 1.394900
0.093760 1.367500
0.093780 1.384500
0.093800 1.394900
0.093820 1.347400
0.093840 1.242600
0.093860 1.274100
0.093880 1.093600
0.093900 1.188600
0.093920 1.299900
0.093940 1.290200
0.093960 1.230500
0.093980 1.295000
0.094000 1.309500
0.094020 1.218500
0.094040 1.307900
0.094060 1.245100
0.094080 1.264400
0.094100 1.375600
0.094120 1.606900
0.094140 1.961500
0.094160 2.435300
0.094180 2.766500
0.094200 2.887400
0.094220 2.878500
0.094240 2.640800
0.094260 2.209700
0.094280 1.897800
0.094300 1.627000
0.094320 1.357100
0.094340 1.217700
0.094360 1.317600
0.094380 1.290200
0.094400 1.371600
0.094420 1.366700
0.094440 1.480400
0.094460 1.547300
0.094480 1.594800
0.094500 1.450500
0.094520 1.619800
0.094540 1.585100
0.094560 1.539200
0.094580 1.452200
0.094600 1.369200
0.094620 1.304700
0.094640 1.175800
0.094660 1.112100
0.094680 1.268400
0.094700 1.286200
0.094720 1.220100
0.094740 1.311900
0.094760 1.340100
0.094780 1.351400
0.094800 1.324000
0.094820 1.266000
0.094840 1.372400
0.094860 1.400600
0.094880 1.371600
0.094900 1.376400
0.094920 1.142700
0.094940 1.316800
0.094960 1.344200
0.094980 1.202300
0.095000 1.141900
0.095020 1.279700
0.095040 1.261200
0.095060 1.237800
0.095080 1.173300
0.095100 1.296600
0.095120 1.303900
0.095140 1.351400
0.095160 1.570600
0.095180 1.828500
0.095200 2.294300
0.095220 2.640000
0.095240 2.830200
0.095260 2.737500
0.095280 2.485300
0.095300 2.125100
0.095320 1.660900
0.095340 1.556100
0.095360 1.361900
0.095380 1.270800
0.095400 1.007300
0.095420 1.249900
0.095440 1.050800
0.095460 1.338500
0.095480 1.482000
0.095500 1.587500
0.095520 1.632700
0.095540 1.668900
0.095560 1.598800
0.095580 1.627000
0.095600 1.511800
0.095620 1.424800
0.095640 1.327300
0.095660 1.279700
0.095680 1.234600
0.095700 1.151600
0.095720 1.215200
0.095740 1.040400
0.095760 1.245900
0.095780 1.145900
0.095800 1.318400
0.095820 1.316000
0.095840 1.211200
0.095860 1.308700
0.095880 1.185400
0.095900 1.306300
0.095920 1.339300
0.095940 1.347400
0.095960 1.337700
0.095980 1.353000
0.096000 1.343400
0.096020 1.309500
0.096040 1.284500
0.096060 1.320800
0.096080 1.274900
0.096100 1.272500
0.096120 1.286200
0.096140 1.328100
0.096160 1.463400
0.096180 1.709200
0.096200 2.208900
0.096220 2.664200
0.096240 2.864000
0.096260 2.893000
0.096280 2.779400
0.096300 2.404700
0.096320 2.045300
0.096340 1.740700
0.096360 1.198300
0.096380 1.324800
0.096400 1.355500
0.096420 1.346600
0.096440 1.381200
0.096460 1.432000
0.096480 1.405400
0.096500 1.540000
0.096520 1.562600
0.096540 1.560100
0.096560 1.589200
0.096580 1.596400
0.096600 1.539200
0.096620 1.468300
0.096640 1.366700
0.096660 1.332900
0.096680 1.280500
0.096700 1.262800
0.096720 1.208000
0.096740 1.159600
0.096760 1.187800
0.096780 1.195100
0.096800 1.262800
0.096820 1.307900
0.096840 1.241000
0.096860 1.307900
0.096880 1.318400
0.096900 1.339300
0.096920 1.320800
0.096940 1.162100
0.096960 1.348200
0.096980 1.167700
0.097000 1.324000
0.097020 1.318400
0.097040 1.277300
0.097060 1.307100
0.097080 1.288600
0.097100 1.300700
0.097120 1.273300
0.097140 1.272500
0.097160 1.274100
0.097180 1.389300
0.097200 1.531100
0.097220 1.869600
0.097240 2.359600
0.097260 2.748800
0.097280 2.862400
0.097300 2.854400
0.097320 2.641600
0.097340 2.276600
0.097360 1.879300
0.097380 1.665700
0.097400 1.476300
0.097420 1.386100
0.097440 1.258800
0.097460 1.399000
0.097480 1.436000
0.097500 1.479600
0.097520 1.460200
0.097540 1.523100
0.097560 1.598000
0.097580 1.606100
0.097600 1.617400
0.097620 1.568200
0.097640 1.482800
0.097660 1.452200
0.097680 1.411100
0.097700 1.100800
0.097720 1.252300
0.097740 1.288600
0.097760 1.268400
0.097780 1.282100
0.097800 1.245900
0.097820 1.307100
0.097840 1.161200
0.097860 1.287000
0.097880 1.316000
0.097900 1.295000
0.097920 1.363500
0.097940 1.257900
0.097960 1.275700
0.097980 1.389300
0.098000 1.302300
0.098020 1.337700
0.098040 1.231400
0.098060 1.337700
0.098080 1.337700
0.098100 1.312700
0.098120 1.284500
0.098140 1.311100
0.098160 1.344200
0.098180 1.341000
0.098200 1.385300
0.098220 1.344200
0.098240 1.581100
0.098260 1.967900
0.098280 2.393400
0.098300 2.706100
0.098320 2.822100
0.098340 2.712500
0.098360 2.436900
0.098380 2.106500
0.098400 1.788200
0.098420 1.568200
0.098440 1.447300
0.098460 1.260400
0.098480 1.262800
0.098500 1.308700
0.098520 1.324800
0.098540 1.402200
0.098560 1.535200
0.098580 1.624600
0.098600 1.728600
0.098620 1.622200
0.098640 1.705200
0.098660 1.506200
0.098680 1.528700
0.098700 1.494100
0.098720 1.313600
0.098740 1.324000
0.098760 1.289400
0.098780 1.251500
0.098800 1.272500
0.098820 1.071000
0.098840 1.202300
0.098860 1.369200
0.098880 1.301500
0.098900 1.408600
0.098920 1.417500
0.098940 1.432000
0.098960 1.324000
0.098980 1.422300
0.099000 1.287000
0.099020 1.356300
0.099040 1.390900
0.099060 1.363500
0.099080 1.295800
0.099100 1.299000
0.099120 1.324000
0.099140 1.338500
0.099160 1.274100
0.099180 1.343400
0.099200 1.257900
0.099220 1.647200
0.099240 2.035600
0.099260 2.516700
0.099280 2.870500
0.099300 2.884200
0.099320 2.868100
0.099340 2.602900
0.099360 2.247500
0.099380 1.848600
0.099400 1.656800
0.099420 1.522300
0.099440 1.463400
0.099460 1.317600
0.099480 1.411900
0.099500 1.430400
0.099520 1.475500
0.099540 1.551300
0.099560 1.610900
0.099580 1.633500
0.099600 1.641500
0.099620 1.648000
0.099640 1.555300
0.099660 1.460200
0.099680 1.455400
0.099700 1.399800
0.099720 1.160400
0.099740 1.308700
0.099760 1.218500
0.099780 1.306300
0.099800 1.287800
0.099820 1.173300
0.099840 1.317600
0.099860 1.361100
0.099880 1.199100
0.099900 1.411900
0.099920 1.313600
0.099940 1.407000
0.099960 1.386900
0.099980 1.382900
0.100000 1.382100
0.100020 1.365100
0.100040 1.266000
0.100060 1.162100
0.100080 1.332100
0.100100 1.274900
0.100120 1.265200
0.100140 1.304700
0.100160 1.287000
0.100180 1.273300
0.100200 1.320800
0.100220 1.422300
0.100240 1.648000
0.100260 2.057400
0.100280 2.527200
0.100300 2.889000
0.100320 2.902700
0.100340 2.886600
0.100360 2.833400
0.100380 2.440100
0.100400 2.063800
0.100420 1.760000
0.100440 1.535200
0.100460 1.429600
0.100480 1.408600
0.100500 1.411100
0.100520 1.417500
0.100540 1.437700
0.100560 1.364300
0.100580 1.549700
0.100600 1.577100
0.100620 1.602900
0.100640 1.606100
0.100660 1.553700
0.100680 1.527100
0.100700 1.457000
0.100720 1.224900
0.100740 1.076600
0.100760 1.277300
0.100780 1.106400
0.100800 1.291800
0.100820 0.996800
0.100840 1.295000
0.100860 1.283700
0.100880 1.328900
0.100900 1.334500
0.100920 1.343400
0.100940 1.380400
0.100960 1.397400
0.100980 1.304700
0.101000 1.282900
0.101020 1.365100
0.101040 1.332100
0.101060 1.315200
0.101080 1.300700
0.101100 1.310300
0.101120 1.306300
0.101140 1.233800
0.101160 1.271600
0.101180 1.224900
0.101200 1.273300
0.101220 1.271600
0.101240 1.316000
0.101260 1.319200
0.101280 1.375600
0.101300 1.502900
0.101320 1.666500
0.101340 2.220100
0.101360 2.705300
0.101380 2.879300
0.101400 2.890600
0.101420 2.846300
0.101440 2.536000
0.101460 2.154900
0.101480 1.762400
0.101500 1.565800
0.101520 1.414300
0.101540 1.324800
0.101560 1.340100
0.101580 1.370000
0.101600 1.362700
0.101620 1.476300
0.101640 1.517400
0.101660 1.581100
0.101680 1.602100
0.101700 1.591600
0.101720 1.586700
0.101740 1.394900
0.101760 1.446500
0.101780 1.424000
0.101800 1.356300
0.101820 1.156400
0.101840 1.216800
0.101860 1.214400
0.101880 1.105600
0.101900 1.257100
0.101920 1.278900
0.101940 1.231400
0.101960 1.338500
0.101980 1.175800
0.102000 1.372400
0.102020 1.367500
0.102040 1.314400
0.102060 1.382900
0.102080 1.268400
0.102100 1.309500
0.102120 1.338500
0.102140 1.195100
0.102160 1.325600
0.102180 1.224100
0.102200 1.258800
0.102220 1.226500
0.102240 1.286200
0.102260 1.218500
0.102280 1.333700
0.102300 1.066200
0.102320 1.336900
0.102340 1.299900
0.102360 1.364300
0.102380 1.432000
0.102400 1.755200
0.102420 2.191100
0.102440 2.598100
0.102460 2.822100
0.102480 2.844700
0.102500 2.648100
0.102520 2.316000
0.102540 1.932500
0.102560 1.666500
0.102580 1.497300
0.102600 1.324000
0.102620 1.282900
0.102640 1.214400
0.102660 1.325600
0.102680 1.383700
0.102700 1.479600
0.102720 1.567400
0.102740 1.404600
0.102760 1.641500
0.102780 1.643200
0.102800 1.495700
0.102820 1.531100
0.102840 1.476300
0.102860 1.428000
0.102880 1.323200
0.102900 1.295000
0.102920 1.101600
0.102940 1.133000
0.102960 1.099200
0.102980 1.283700
0.103000 1.259600
0.103020 1.321600
0.103040 1.208800
0.103060 1.386100
0.103080 1.345800
0.103100 1.391700
0.103120 1.402200
0.103140 1.302300
0.103160 1.382100
0.103180 1.179000
0.103200 1.270800
0.103220 1.190300
0.103240 1.315200
0.103260 1.279700
0.103280 1.319200
0.103300 1.301500
0.103320 1.295000
0.103340 1.325600
0.103360 1.328900
0.103380 1.379600
0.103400 1.591600
0.103420 1.888100
0.103440 2.362800
0.103460 2.745600
0.103480 2.858400
0.103500 2.863200
0.103520 2.691600
0.103540 2.281400
0.103560 1.978400
0.103580 1.685100
0.103600 1.353000
0.103620 1.345800
0.103640 1.382100
0.103660 1.375600
0.103680 1.395800
0.103700 1.400600
0.103720 1.488400
0.103740 1.566600
0.103760 1.612500
0.103780 1.629500
0.103800 1.645600
0.103820 1.507000
0.103840 1.520700
0.103860 1.462600
0.103880 1.407800
0.103900 1.328900
0.103920 1.254700
0.103940 1.270000
0.103960 1.183800
0.103980 1.154000
0.104000 1.274900
0.104020 1.228100
0.104040 1.335300
0.104060 1.307100
0.104080 1.382900
0.104100 1.407000
0.104120 1.349000
0.104140 1.390100
0.104160 1.365900
0.104180 1.275700
0.104200 1.329700
0.104220 1.258800
0.104240 1.303100
0.104260 1.324800
0.104280 1.240200
0.104300 1.298200
0.104320 1.345800
0.104340 1.211200
0.104360 1.109700
0.104380 1.287000
0.104400 1.313600
0.104420 1.396600
0.104440 1.561800
0.104460 1.904200
0.104480 2.375700
0.104500 2.806800
0.104520 2.895500
0.104540 2.905100
0.104560 2.809200
0.104580 2.425600
0.104600 2.046100
0.104620 1.760000
0.104640 1.570600
0.104660 1.461000
0.104680 1.439300
0.104700 1.403000
0.104720 1.321600
0.104740 1.125800
0.104760 1.484400
0.104780 1.457000
0.104800 1.573000
0.104820 1.608500
0.104840 1.585100
0.104860 1.469100
0.104880 1.504500
0.104900 1.453800
0.104920 1.274900
0.104940 1.199100
0.104960 1.304700
0.104980 1.256300
0.105000 1.277300
0.105020 1.228900
0.105040 1.264400
0.105060 1.197500
0.105080 1.151600
0.105100 1.267600
0.105120 1.359500
0.105140 1.167700
0.105160 1.365100
0.105180 1.300700
0.105200 1.162100
0.105220 1.314400
0.105240 1.307900
0.105260 1.168500
0.105280 1.292600
0.105300 1.321600
0.105320 1.295000
0.105340 1.237000
0.105360 1.301500
0.105380 1.259600
0.105400 1.222500
0.105420 1.328100
0.105440 1.353800
0.105460 1.331300
0.105480 1.349800
0.105500 1.524700
0.105520 1.828500
0.105540 2.298300
0.105560 2.754400
0.105580 2.884200
0.105600 2.870500
0.105620 2.727000
0.105640 2.382900
0.105660 1.986400
0.105680 1.544000
0.105700 1.519000
0.105720 1.388500
0.105740 1.382100
0.105760 1.397400
0.105780 1.414300
0.105800 1.450500
0.105820 1.494900
0.105840 1.409500
0.105860 1.579500
0.105880 1.602100
0.105900 1.540000
0.105920 1.477100
0.105940 1.526300
0.105960 1.443300
0.105980 1.385300
0.106000 1.345800
0.106020 1.291000
0.106040 1.156400
0.106060 1.299000
0.106080 1.232200
0.106100 1.282100
0.106120 1.305500
0.106140 1.271600
0.106160 1.257100
0.106180 1.343400
0.106200 1.340100
0.106220 1.331300
0.106240 1.382900
0.106260 1.346600
0.106280 1.280500
0.106300 1.328100
0.106320 1.216000
0.106340 1.295000
0.106360 1.205600
0.106380 1.319200
0.106400 1.265200
0.106420 1.192700
0.106440 1.317600
0.106460 1.203200
0.106480 1.295000
0.106500 1.331300
0.106520 1.406200
0.106540 1.561800
0.106560 1.859100
0.106580 2.307200
0.106600 2.666600
0.106620 2.786700
0.106640 2.716600
0.106660 2.470000
0.106680 2.093600
0.106700 1.748700
0.106720 1.547300
0.106740 1.360300
0.106760 1.182200
0.106780 1.244200
0.106800 0.911400
0.106820 1.307900
0.106840 1.311100
0.106860 1.448900
0.106880 1.588400
0.106900 1.647200
0.106920 1.543200
0.106940 1.616600
0.106960 1.590800
0.106980 1.343400
0.107000 1.420700
0.107020 1.307900
0.107040 1.271600
0.107060 1.217700
0.107080 1.242600
0.107100 1.162100
0.107120 1.225700
0.107140 1.301500
0.107160 1.280500
0.107180 1.360300
0.107200 1.377200
0.107220 1.055700
0.107240 1.399800
0.107260 1.364300
0.107280 1.089500
0.107300 1.381200
0.107320 1.326400
0.107340 1.233800
0.107360 1.313600
0.107380 1.262000
0.107400 1.287800
0.107420 1.305500
0.107440 1.264400
0.107460 1.287000
0.107480 1.297400
0.107500 1.332100
0.107520 1.357900
0.107540 1.634300
0.107560 2.098500
0.107580 2.583600
0.107600 2.847900
0.107620 2.889800
0.107640 2.810000
0.107660 2.457100
0.107680 2.075100
0.107700 1.747100
0.107720 1.502100
0.107740 1.457000
0.107760 1.312700
0.107780 1.401400
0.107800 1.344200
0.107820 1.432800
0.107840 1.278100
0.107860 1.453800
0.107880 1.573800
0.107900 1.550500
0.107920 1.610900
0.107940 1.581100
0.107960 1.527100
0.107980 1.479600
0.108000 1.367500
0.108020 1.272500
0.108040 1.211200
0.108060 1.140300
0.108080 1.170100
0.108100 1.243400
0.108120 1.269200
0.108140 1.178200
0.108160 1.251500
0.108180 1.301500
0.108200 1.307900
0.108220 1.370000
0.108240 1.347400
0.108260 1.257900
0.108280 1.338500
0.108300 1.242600
0.108320 1.353000
0.108340 1.175800
0.108360 1.320000
0.108380 1.324800
0.108400 1.290200
0.108420 1.278100
0.108440 1.278100
0.108460 1.198300
0.108480 1.191900
0.108500 1.308700
0.108520 1.345800
0.108540 1.303900
0.108560 1.353000
0.108580 1.421500
0.108600 1.830100
0.108620 2.272500
0.108640 2.756000
0.108660 2.881000
0.108680 2.860800
0.108700 2.796300
0.108720 2.421600
0.108740 2.049300
0.108760 1.727000
0.108780 1.544800
0.108800 1.450500
0.108820 1.419900
0.108840 1.349800
0.108860 1.263600
0.108880 1.436800
0.108900 1.450500
0.108920 1.521500
0.108940 1.534400
0.108960 1.585100
0.108980 1.567400
0.109000 1.450500
0.109020 1.541600
0.109040 1.197500
0.109060 1.220900
0.109080 1.316800
0.109100 1.307100
0.109120 1.155600
0.109140 1.274100
0.109160 1.201500
0.109180 1.262800
0.109200 1.268400
0.109220 1.314400
0.109240 1.189500
0.109260 1.345000
0.109280 1.302300
0.109300 1.352200
0.109320 1.324800
0.109340 1.310300
0.109360 1.345800
0.109380 1.348200
0.109400 1.316800
0.109420 1.328900
0.109440 1.280500
0.109460 1.278900
0.109480 1.297400
0.109500 1.214400
0.109520 1.267600
0.109540 1.254700
0.109560 1.292600
0.109580 1.341000
0.109600 1.266800
0.109620 1.323200
0.109640 1.009700
0.109660 1.345800
0.109680 1.521500
0.109700 1.971100
0.109720 2.420000
0.109740 2.785900
0.109760 2.869700
0.109780 2.745600
0.109800 2.522300
0.109820 2.183900
0.109840 1.840600
0.109860 1.637500
0.109880 1.303100
0.109900 1.378800
0.109920 1.355500
0.109940 1.313600
0.109960 1.389300
0.109980 1.477900
0.110000 1.531100
0.110020 1.569800
0.110040 1.639100
0.110060 1.649600
0.110080 1.635100
0.110100 1.592400
0.110120 1.446500
0.110140 1.465900
0.110160 1.379600
0.110180 1.332100
0.110200 1.259600
0.110220 1.261200
0.110240 1.217700
0.110260 1.268400
0.110280 1.224100
0.110300 1.273300
0.110320 1.345800
0.110340 1.378800
0.110360 1.407000
0.110380 1.378000
0.110400 1.310300
0.110420 1.378000
0.110440 1.292600
0.110460 1.202300
0.110480 1.324800
0.110500 1.282100
0.110520 1.291800
0.110540 1.335300
0.110560 1.327300
0.110580 1.345800
0.110600 1.300700
0.110620 1.249100
0.110640 1.241800
0.110660 1.287800
0.110680 1.183800
0.110700 1.502100
0.110720 1.774500
0.110740 2.202400
0.110760 2.597300
0.110780 2.802800
0.110800 2.773000
0.110820 2.567500
0.110840 2.256400
0.110860 1.913900
0.110880 1.660900
0.110900 1.486000
0.110920 1.383700
0.110940 1.220100
0.110960 1.312700
0.110980 1.204800
0.111000 1.221700
0.111020 1.470700
0.111040 1.537600
0.111060 1.496500
0.111080 1.613300
0.111100 1.613300
0.111120 1.595600
0.111140 1.536000
0.111160 1.438500
0.111180 1.287800
0.111200 1.299900
0.111220 1.285300
0.111240 1.233000
0.111260 1.217700
0.111280 1.205600
0.111300 1.237000
0.111320 1.276500
0.111340 1.277300
0.111360 1.117700
0.111380 1.299900
0.111400 1.373200
0.111420 1.340100
0.111440 1.342600
0.111460 1.279700
0.111480 1.319200
0.111500 1.262000
0.111520 1.328100
0.111540 1.325600
0.111560 1.297400
0.111580 1.309500
0.111600 1.326400
0.111620 1.230500
0.111640 1.310300
0.111660 1.320800
0.111680 1.327300
0.111700 1.095200
0.111720 1.552900
0.111740 1.876000
0.111760 2.395800
0.111780 2.773800
0.111800 2.897900
0.111820 2.885000
0.111840 2.672200
0.111860 2.317700
0.111880 1.909900
0.111900 1.658500
0.111920 1.507800
0.111940 1.419100
0.111960 1.270000
0.111980 1.288600
0.112000 1.391700
0.112020 1.427200
0.112040 1.459400
0.112060 1.527100
0.112080 1.577900
0.112100 1.580300
0.112120 1.569000
0.112140 1.519900
0.112160 1.497300
0.112180 1.435200
0.112200 1.223300
0.112220 1.204800
0.112240 1.290200
0.112260 1.264400
0.112280 1.230500
0.112300 1.076600
0.112320 1.224100
0.112340 1.237800
0.112360 1.287800
0.112380 1.321600
0.112400 1.040400
0.112420 1.353800
0.112440 1.346600
0.112460 1.312700
0.112480 1.270000
0.112500 1.126600
0.112520 1.303900
0.112540 1.331300
0.112560 1.260400
0.112580 1.315200
0.112600 1.248300
0.112620 1.162100
0.112640 1.301500
0.112660 1.209600
0.112680 1.216000
0.112700 1.261200
0.112720 1.349000
0.112740 1.395800
0.112760 1.523900
0.112780 1.816400
0.112800 2.283000
0.112820 2.689200
0.112840 2.848700
0.112860 2.874500
0.112880 2.704500
0.112900 2.367600
0.112920 1.983200
0.112940 1.718100
0.112960 1.539200
0.112980 1.431200
0.113000 1.396600
0.113020 1.332900
0.113040 1.421500
0.113060 1.429600
0.113080 1.500500
0.113100 1.560100
0.113120 1.568200
0.113140 1.598800
0.113160 1.621400
0.113180 1.585100
0.113200 1.507800
0.113220 1.412700
0.113240 1.352200
0.113260 1.340100
0.113280 1.199900
0.113300 1.176600
0.113320 1.140300
0.113340 1.250700
0.113360 1.247500
0.113380 1.234600
0.113400 1.293400
0.113420 1.249900
0.113440 1.372400
0.113460 1.376400
0.113480 1.389300
0.113500 1.253100
0.113520 1.320800
0.113540 1.360300
0.113560 1.295800
0.113580 1.340100
0.113600 1.286200
0.113620 1.313600
0.113640 1.321600
0.113660 1.308700
0.113680 1.220100
0.113700 1.256300
0.113720 1.221700
0.113740 1.266800
0.113760 1.323200
0.113780 1.326400
0.113800 1.314400
0.113820 1.407800
0.113840 1.691500
0.113860 2.090400
0.113880 2.518300
0.113900 2.796300
0.113920 2.881000
0.113940 2.681900
0.113960 2.449800
0.113980 2.059800
0.114000 1.634300
0.114020 1.495700
0.114040 1.413500
0.114060 1.320800
0.114080 1.303100
0.114100 1.198300
0.114120 1.309500
0.114140 1.319200
0.114160 1.556100
0.114180 1.581100
0.114200 1.666500
0.114220 1.679400
0.114240 1.635900
0.114260 1.609300
0.114280 1.533600
0.114300 1.452200
0.114320 1.274100
0.114340 1.333700
0.114360 1.197500
0.114380 1.252300
0.114400 1.289400
0.114420 1.249900
0.114440 1.299000
0.114460 1.329700
0.114480 1.386100
0.114500 1.250700
0.114520 1.428000
0.114540 1.417500
0.114560 1.372400
0.114580 1.393300
0.114600 1.394900
0.114620 1.384500
0.114640 1.237000
0.114660 1.366700
0.114680 1.307100
0.114700 1.241000
0.114720 1.351400
0.114740 1.046800
0.114760 1.337700
0.114780 1.338500
0.114800 1.350600
0.114820 1.388500
0.114840 1.574700
0.114860 1.907500
0.114880 2.439300
0.114900 2.735900
0.114920 2.891400
0.114940 2.852700
0.114960 2.698800
0.114980 2.332200
0.115000 1.952600
0.115020 1.541600
0.115040 1.518200
0.115060 1.357100
0.115080 1.358700
0.115100 1.311100
0.115120 1.301500
0.115140 1.124200
0.115160 1.531100
0.115180 1.563400
0.115200 1.635900
0.115220 1.665700
0.115240 1.641500
0.115260 1.635100
0.115280 1.562600
0.115300 1.390100
0.115320 1.245100
0.115340 1.282900
0.115360 1.285300
0.115380 1.276500
0.115400 1.221700
0.115420 1.163700
0.115440 1.266000
0.115460 1.173300
0.115480 1.293400
0.115500 1.364300
0.115520 1.383700
0.115540 1.391700
0.115560 1.280500
0.115580 1.360300
0.115600 1.390900
0.115620 1.340100
0.115640 1.315200
0.115660 1.218500
0.115680 1.250700
0.115700 1.287000
0.115720 1.253100
0.115740 1.307100
0.115760 1.282900
0.115780 1.192700
0.115800 1.288600
0.115820 1.308700
0.115840 1.321600
0.115860 1.299900
0.115880 1.367500
0.115900 1.605300
0.115920 1.984800
0.115940 2.536800
0.115960 2.882600
0.115980 2.880100
0.116000 2.893800
0.116020 2.843100
0.116040 2.431300
0.116060 2.063000
0.116080 1.722900
0.116100 1.389300
0.116120 1.364300
0.116140 1.299000
0.116160 1.362700
0.116180 1.408600
0.116200 1.453800
0.116220 1.490800
0.116240 1.457000
0.116260 1.598800
0.116280 1.609300
0.116300 1.538400
0.116320 1.421500
0.116340 1.534400
0.116360 1.363500
0.116380 1.398200
0.116400 1.349000
0.116420 1.204000
0.116440 1.287800
0.116460 1.278900
0.116480 1.198300
0.116500 1.242600
0.116520 1.294200
0.116540 1.174100
0.116560 1.353000
0.116580 1.199100
0.116600 1.205600
0.116620 1.370800
0.116640 1.386900
0.116660 1.392500
0.116680 1.363500
0.116700 1.213600
0.116720 1.332100
0.116740 1.279700
0.116760 1.320800
0.116780 1.330500
0.116800 1.161200
0.116820 1.314400
0.116840 1.251500
0.116860 1.303100
0.116880 1.195900
0.116900 1.185400
0.116920 1.308700
0.116940 1.343400
0.116960 1.357900
0.116980 1.551300
0.117000 1.839800
0.117020 2.294300
0.117040 2.740700
0.117060 2.868100
0.117080 2.872900
0.117100 2.753600
0.117120 2.376500
0.117140 1.956600
0.117160 1.530300
0.117180 1.351400
0.117200 1.309500
0.117220 1.307100
0.117240 1.222500
0.117260 1.292600
0.117280 1.373200
0.117300 1.469900
0.117320 1.605300
0.117340 1.505300
0.117360 1.614100
0.117380 1.698800
0.117400 1.688300
0.117420 1.578700
0.117440 1.558500
0.117460 1.411900
0.117480 1.379600
0.117500 1.308700
0.117520 1.295800
0.117540 1.221700
0.117560 1.239400
0.117580 1.300700
0.117600 1.285300
0.117620 1.312700
0.117640 1.380400
0.117660 1.391700
0.117680 1.377200
0.117700 1.384500
0.117720 1.419900
0.117740 1.288600
0.117760 1.325600
0.117780 1.154800
0.117800 1.339300
0.117820 1.362700
0.117840 1.329700
0.117860 1.328100
0.117880 1.317600
0.117900 1.313600
0.117920 1.290200
0.117940 1.342600
0.117960 1.393300
0.117980 1.640700
0.118000 2.023500
0.118020 2.511900
0.118040 2.841500
0.118060 2.883400
0.118080 2.856800
0.118100 2.559400
0.118120 2.162900
0.118140 1.764800
0.118160 1.554500
0.118180 1.376400
0.118200 1.286200
0.118220 1.138700
0.118240 1.308700
0.118260 1.287000
0.118280 1.400600
0.118300 1.342600
0.118320 1.582700
0.118340 1.646400
0.118360 1.659300
0.118380 1.618200
0.118400 1.599600
0.118420 1.527900
0.118440 1.453000
0.118460 1.378800
0.118480 1.310300
0.118500 1.226500
0.118520 1.233000
0.118540 1.216000
0.118560 1.194300
0.118580 1.281300
0.118600 1.306300
0.118620 1.364300
0.118640 1.279700
0.118660 1.382100
0.118680 1.403800
0.118700 1.395800
0.118720 1.336100
0.118740 1.287800
0.118760 1.369200
0.118780 1.313600
0.118800 1.301500
0.118820 1.337700
0.118840 1.266800
0.118860 1.149200
0.118880 1.331300
0.118900 1.053300
0.118920 1.303100
0.118940 1.308700
0.118960 1.306300
0.118980 1.364300
0.119000 1.469900
0.119020 1.813200
0.119040 2.337800
0.119060 2.822900
0.119080 2.903500
0.119100 2.907500
0.119120 2.887400
0.119140 2.624700
0.119160 2.246700
0.119180 1.797100
0.119200 1.578700
0.119220 1.339300
0.119240 1.333700
0.119260 1.394900
0.119280 1.406200
0.119300 1.454600
0.119320 1.491600
0.119340 1.555300
0.119360 1.572200
0.119380 1.606100
0.119400 1.494900
0.119420 1.606100
0.119440 1.552900
0.119460 1.372400
0.119480 1.412700
0.119500 1.353800
0.119520 1.300700
0.119540 1.253900
0.119560 1.143500
0.119580 1.252300
0.119600 1.218500
0.119620 1.292600
0.119640 1.324800
0.119660 1.346600
0.119680 1.388500
0.119700 1.308700
0.119720 1.386100
0.119740 1.386100
0.119760 1.370800
0.119780 1.277300
0.119800 1.242600
0.119820 1.145900
0.119840 1.324000
0.119860 1.333700
0.119880 1.278900
0.119900 1.150000
0.119920 1.282900
0.119940 1.319200
0.119960 1.191900
0.119980 1.305500
0.120000 1.320800
0.120020 1.344200
0.120040 1.320000
0.120060 1.408600
0.120080 1.618200
0.120100 2.005000
0.120120 2.541700
0.120140 2.885000
0.120160 2.883400
0.120180 2.879300
0.120200 2.831800
0.120220 2.340200
0.120240 1.941300
0.120260 1.664100
0.120280 1.449700
0.120300 1.336900
0.120320 1.317600
0.120340 1.250700
0.120360 1.357100
0.120380 1.116900
0.120400 1.496500
0.120420 1.576300
0.120440 1.617400
0.120460 1.513400
0.120480 1.608500
0.120500 1.557700
0.120520 1.485200
0.120540 1.448100
0.120560 1.354700
0.120580 1.294200
0.120600 1.245900
0.120620 1.219300
0.120640 1.243400
0.120660 1.212000
0.120680 1.272500
0.120700 1.233800
0.120720 1.272500
0.120740 1.245900
0.120760 1.349000
0.120780 1.302300
0.120800 1.382100
0.120820 1.389300
0.120840 1.370000
0.120860 1.179000
0.120880 1.344200
0.120900 1.288600
0.120920 1.311900
0.120940 1.204000
0.120960 1.257100
0.120980 1.228100
0.121000 1.302300
0.121020 1.291800
0.121040 1.322400
0.121060 1.308700
0.121080 1.332100
0.121100 1.331300
0.121120 1.308700
0.121140 1.399000
0.121160 1.643200
0.121180 2.009800
0.121200 2.488500
0.121220 2.752000
0.121240 2.903500
0.121260 2.827800
0.121280 2.500600
0.121300 2.107300
0.121320 1.631100
0.121340 1.268400
0.121360 1.320800
0.121380 1.208000
0.121400 0.944500
0.121420 1.230500
0.121440 1.305500
0.121460 1.341000
0.121480 1.504500
0.121500 1.606900
0.121520 1.693900
0.121540 1.695500
0.121560 1.670500
0.121580 1.631900
0.121600 1.228100
0.121620 1.437700
0.121640 1.345800
0.121660 1.264400
0.121680 1.215200
0.121700 1.132200
0.121720 1.204800
0.121740 1.212000
0.121760 1.297400
0.121780 1.307100
0.121800 1.357900
0.121820 1.332900
0.121840 1.395800
0.121860 1.247500
0.121880 1.226500
0.121900 1.383700
0.121920 1.351400
0.121940 1.386100
0.121960 1.346600
0.121980 1.351400
0.122000 1.109700
0.122020 1.203200
0.122040 1.307900
0.122060 1.292600
0.122080 1.228100
0.122100 1.220100
0.122120 1.279700
0.122140 1.247500
0.122160 1.381200
0.122180 1.617400
0.122200 2.104100
0.122220 2.600500
0.122240 2.846300
0.122260 2.884200
0.122280 2.778600
0.122300 2.470800
0.122320 2.075100
0.122340 1.736600
0.122360 1.512600
0.122380 1.321600
0.122400 1.295800
0.122420 1.177400
0.122440 1.286200
0.122460 1.256300
0.122480 1.420700
0.122500 1.502900
0.122520 1.590800
0.122540 1.644800
0.122560 1.652000
0.122580 1.640700
0.122600 1.480400
0.122620 1.470700
0.122640 1.365900
0.122660 1.336900
0.122680 1.010500
0.122700 1.216000
0.122720 1.185400
0.122740 1.210400
0.122760 1.254700
0.122780 1.037100
0.122800 1.299900
0.122820 1.315200
0.122840 1.279700
0.122860 1.370800
0.122880 1.275700
0.122900 1.377200
0.122920 1.389300
0.122940 1.311900
0.122960 1.302300
0.122980 1.308700
0.123000 1.311100
0.123020 1.278900
0.123040 1.135500
0.123060 1.275700
0.123080 0.938800
0.123100 1.249100
0.123120 1.257100
0.123140 1.278100
0.123160 1.285300
0.123180 1.175800
0.123200 1.127400
0.123220 1.398200
0.123240 1.665700
0.123260 2.070300
0.123280 2.557000
0.123300 2.851900
0.123320 2.879300
0.123340 2.896300
0.123360 2.653700
0.123380 2.210500
0.123400 1.873600
0.123420 1.617400
0.123440 1.403000
0.123460 1.365100
0.123480 1.356300
0.123500 1.352200
0.123520 1.385300
0.123540 1.405400
0.123560 1.443300
0.123580 1.530300
0.123600 1.594800
0.123620 1.485200
0.123640 1.613300
0.123660 1.564200
0.123680 1.278900
0.123700 1.424000
0.123720 1.336100
0.123740 1.287000
0.123760 1.296600
0.123780 1.257100
0.123800 1.212800
0.123820 1.253100
0.123840 1.140300
0.123860 1.255500
0.123880 1.349000
0.123900 1.316800
0.123920 1.331300
0.123940 1.361100
0.123960 1.394100
0.123980 1.236200
0.124000 1.286200
0.124020 1.317600
0.124040 1.146700
0.124060 1.303100
0.124080 1.331300
0.124100 1.255500
0.124120 1.253900
0.124140 1.297400
0.124160 1.266800
0.124180 1.249100
0.124200 1.219300
0.124220 1.220100
0.124240 1.177400
0.124260 1.307900
0.124280 1.309500
0.124300 1.283700
0.124320 1.382900
0.124340 1.776100
0.124360 2.240300
0.124380 2.655300
0.124400 2.881800
0.124420 2.856000
0.124440 2.802800
0.124460 2.459500
0.124480 2.076700
0.124500 1.739000
0.124520 1.515000
0.124540 1.415100
0.124560 1.305500
0.124580 1.324800
0.124600 1.233800
0.124620 1.308700
0.124640 1.183000
0.124660 1.490800
0.124680 1.515800
0.124700 1.622200
0.124720 1.617400
0.124740 1.567400
0.124760 1.537600
0.124780 1.474700
0.124800 1.404600
0.124820 1.327300
0.124840 1.108900
0.124860 1.254700
0.124880 1.081500
0.124900 1.245100
0.124920 1.269200
0.124940 1.295000
0.124960 1.253100
0.124980 1.316000
0.125000 1.363500
0.125020 1.347400
0.125040 1.341800
0.125060 1.385300
0.125080 1.350600
0.125100 1.380400
0.125120 1.324000
0.125140 1.316000
0.125160 1.311900
0.125180 1.183800
0.125200 1.300700
0.125220 1.204800
0.125240 1.292600
0.125260 1.231400
0.125280 1.262800
0.125300 1.166900
0.125320 1.197500
0.125340 1.324800
0.125360 1.207200
0.125380 1.257100
0.125400 1.522300
0.125420 1.713300
0.125440 2.205600
0.125460 2.561800
0.125480 2.781800
0.125500 2.734300
0.125520 2.561000
0.125540 2.239500
0.125560 1.869600
0.125580 1.603700
0.125600 1.311100
0.125620 1.282900
0.125640 1.129800
0.125660 1.000900
0.125680 1.189500
0.125700 1.156400
0.125720 1.392500
0.125740 1.556900
0.125760 1.339300
0.125780 1.694700
0.125800 1.649600
0.125820 1.666500
0.125840 1.598800
0.125860 1.507800
0.125880 1.319200
0.125900 1.313600
0.125920 1.260400
0.125940 1.091100
0.125960 1.182200
0.125980 1.240200
0.126000 1.062100
0.126020 1.190300
0.126040 1.295800
0.126060 1.337700
0.126080 1.363500
0.126100 1.393300
0.126120 1.354700
0.126140 1.372400
0.126160 1.407800
0.126180 1.390900
0.126200 1.320000
0.126220 1.361900
0.126240 1.316800
0.126260 1.314400
0.126280 1.206400
0.126300 1.303100
0.126320 1.293400
0.126340 1.243400
0.126360 1.201500
0.126380 1.332900
0.126400 1.416700
0.126420 1.712500
0.126440 2.132300
0.126460 2.602100
0.126480 2.856000
0.126500 2.887400
0.126520 2.819700
0.126540 2.485300
0.126560 2.099300
0.126580 1.770500
0.126600 1.550500
0.126620 1.388500
0.126640 1.262800
0.126660 1.309500
0.126680 1.114500
0.126700 1.316800
0.126720 1.446500
0.126740 1.480400
0.126760 1.555300
0.126780 1.597200
0.126800 1.624600
0.126820 1.613300
0.126840 1.548900
0.126860 1.494900
0.126880 1.408600
0.126900 1.352200
0.126920 1.276500
0.126940 1.247500
0.126960 1.222500
0.126980 1.194300
0.127000 0.975100
0.127020 1.183800
0.127040 1.297400
0.127060 1.275700
0.127080 1.190300
0.127100 1.368400
0.127120 1.348200
0.127140 1.365900
0.127160 1.379600
0.127180 1.222500
0.127200 1.291800
0.127220 1.168500
0.127240 1.315200
0.127260 1.255500
0.127280 1.301500
0.127300 1.101600
0.127320 1.284500
0.127340 1.274900
0.127360 1.262800
0.127380 1.284500
0.127400 1.263600
0.127420 1.163700
0.127440 1.383700
0.127460 1.598000
0.127480 1.929200
0.127500 2.416800
0.127520 2.787500
0.127540 2.879300
0.127560 2.885800
0.127580 2.658500
0.127600 2.272500
0.127620 1.805100
0.127640 1.588400
0.127660 1.451400
0.127680 1.161200
0.127700 1.295800
0.127720 1.279700
0.127740 1.313600
0.127760 1.429600
0.127780 1.367500
0.127800 1.548100
0.127820 1.531100
0.127840 1.606100
0.127860 1.613300
0.127880 1.486800
0.127900 1.493300
0.127920 1.417500
0.127940 1.358700
0.127960 1.268400
0.127980 1.246700
0.128000 1.181400
0.128020 1.162100
0.128040 1.158000
0.128060 1.278900
0.128080 1.262000
0.128100 1.295800
0.128120 1.328100
0.128140 1.350600
0.128160 1.219300
0.128180 1.243400
0.128200 1.360300
0.128220 1.317600
0.128240 1.350600
0.128260 1.299900
0.128280 1.270800
0.128300 1.260400
0.128320 1.283700
0.128340 1.281300
0.128360 1.138700
0.128380 1.260400
0.128400 0.999300
0.128420 1.334500
0.128440 1.336900
0.128460 1.304700
0.128480 1.328100
0.128500 1.416700
0.128520 1.634300
0.128540 2.017900
0.128560 2.470000
0.128580 2.797100
0.128600 2.860800
0.128620 2.760100
0.128640 2.474800
0.128660 2.108100
0.128680 1.552100
0.128700 1.564200
0.128720 1.375600
0.128740 1.258800
0.128760 1.320800
0.128780 1.233000
0.128800 1.295000
0.128820 1.423200
0.128840 1.536000
0.128860 1.605300
0.128880 1.643200
0.128900 1.623800
0.128920 1.634300
0.128940 1.582700
0.128960 1.507800
0.128980 1.358700
0.129000 1.327300
0.129020 1.212000
0.129040 1.231400
0.129060 1.230500
0.129080 1.206400
0.129100 1.227300
0.129120 1.288600
0.129140 1.307100
0.129160 1.348200
0.129180 1.314400
0.129200 1.376400
0.129220 1.378800
0.129240 1.390100
0.129260 1.359500
0.129280 1.378800
0.129300 1.389300
0.129320 1.371600
0.129340 1.284500
0.129360 1.259600
0.129380 1.281300
0.129400 1.249900
0.129420 1.306300
0.129440 1.305500
0.129460 1.278900
0.129480 1.273300
0.129500 1.406200
0.129520 1.714900
0.129540 2.106500
0.129560 2.606200
0.129580 2.768900
0.129600 2.851900
0.129620 2.694800
0.129640 2.300700
0.129660 1.988900
0.129680 1.714100
0.129700 1.500500
0.129720 1.345000
0.129740 1.345800
0.129760 1.333700
0.129780 1.324800
0.129800 1.400600
0.129820 1.209600
0.129840 1.478800
0.129860 1.456200
0.129880 1.605300
0.129900 1.549700
0.129920 1.545600
0.129940 1.382100
0.129960 1.391700
0.129980 1.417500
0.130000 1.338500
0.130020 1.299000
0.130040 1.261200
0.130060 1.237000
0.130080 1.223300
0.130100 1.230500
0.130120 1.252300
0.130140 1.234600
0.130160 1.360300
0.130180 1.352200
0.130200 1.046000
0.130220 1.372400
0.130240 1.390900
0.130260 1.371600
0.130280 1.145900
0.130300 1.298200
0.130320 1.280500
0.130340 1.185400
0.130360 1.164500
0.130380 1.295000
0.130400 1.275700
0.130420 1.292600
0.130440 1.300700
0.130460 1.278100
0.130480 1.323200
0.130500 1.301500
0.130520 1.217700
0.130540 1.353800
0.130560 1.556100
0.130580 1.864800
0.130600 2.301500
0.130620 2.771400
0.130640 2.887400
0.130660 2.894700
0.130680 2.713300
0.130700 2.281400
0.130720 1.849500
0.130740 1.631100
0.130760 1.508600
0.130780 1.390900
0.130800 1.311100
0.130820 1.202300
0.130840 1.166900
0.130860 1.474700
0.130880 1.522300
0.130900 1.540000
0.130920 1.592400
0.130940 1.587500
0.130960 1.597200
0.130980 1.565000
0.131000 1.500500
0.131020 1.417500
0.131040 1.287000
0.131060 1.168500
0.131080 1.290200
0.131100 1.261200
0.131120 1.237000
0.131140 1.159600
0.131160 1.287000
0.131180 1.314400
0.131200 1.298200
0.131220 1.352200
0.131240 1.399000
0.131260 1.390900
0.131280 1.386900
0.131300 1.347400
0.131320 1.401400
0.131340 1.380400
0.131360 1.219300
0.131380 1.286200
0.131400 1.282900
0.131420 1.192700
0.131440 1.241800
0.131460 1.308700
0.131480 1.285300
0.131500 1.143500
0.131520 1.323200
0.131540 1.309500
0.131560 1.229700
0.131580 1.351400
0.131600 1.350600
0.131620 1.332100
0.131640 1.308700
0.131660 1.659300
0.131680 2.015500
0.131700 2.515900
0.131720 2.839900
0.131740 2.889800
0.131760 2.858400
0.131780 2.604500
0.131800 2.191100
0.131820 1.830900
0.131840 1.488400
0.131860 1.343400
0.131880 1.248300
0.131900 1.199100
0.131920 1.331300
0.131940 1.353000
0.131960 1.459400
0.131980 1.511800
0.132000 1.555300
0.132020 1.553700
0.132040 1.611700
0.132060 1.385300
0.132080 1.548100
0.132100 1.443300
0.132120 1.451400
0.132140 1.336900
0.132160 1.318400
0.132180 1.126600
0.132200 1.252300
0.132220 1.178200
0.132240 1.154000
0.132260 1.262000
0.132280 1.316800
0.132300 1.245100
0.132320 1.376400
0.132340 1.328100
0.132360 1.401400
0.132380 1.411100
0.132400 1.409500
0.132420 1.296600
0.132440 1.331300
0.132460 1.315200
0.132480 1.333700
0.132500 1.182200
0.132520 1.278100
0.132540 1.137100
0.132560 1.303100
0.132580 1.244200
0.132600 1.253900
0.132620 1.193500
0.132640 1.334500
0.132660 1.317600
0.132680 1.227300
0.132700 1.422300
0.132720 1.657700
0.132740 1.988100
0.132760 2.380500
0.132780 2.763300
0.132800 2.827800
0.132820 2.696400
0.132840 2.329700
0.132860 2.003400
0.132880 1.709200
0.132900 1.367500
0.132920 1.307100
0.132940 1.235400
0.132960 1.146700
0.132980 1.205600
0.133000 1.316000
0.133020 1.345000
0.133040 1.503700
0.133060 1.595600
0.133080 1.649600
0.133100 1.651200
0.133120 1.638300
0.133140 1.563400
0.133160 1.469900
0.133180 1.382900
0.133200 1.121000
0.133220 1.268400
0.133240 1.224900
0.133260 1.198300
0.133280 1.121800
0.133300 1.067000
0.133320 1.258800
0.133340 1.292600
0.133360 1.334500
0.133380 1.294200
0.133400 1.334500
0.133420 1.203200
0.133440 1.245100
0.133460 1.386900
0.133480 1.347400
0.133500 1.348200
0.133520 1.202300
0.133540 1.322400
0.133560 1.301500
0.133580 1.246700
0.133600 1.315200
0.133620 1.266800
0.133640 1.151600
0.133660 1.282900
0.133680 1.224900
0.133700 1.350600
0.133720 1.411100
0.133740 1.483600
0.133760 1.895400
0.133780 2.465900
0.133800 2.819700
0.133820 2.901100
0.133840 2.877700
0.133860 2.624700
0.133880 2.249200
0.133900 1.855900
0.133920 1.602100
0.133940 1.439300
0.133960 1.328900
0.133980 1.340100
0.134000 1.326400
0.134020 1.352200
0.134040 1.385300
0.134060 1.501300
0.134080 1.457800
0.134100 1.587500
0.134120 1.588400
0.134140 1.592400
0.134160 1.562600
0.134180 1.507800
0.134200 1.350600
0.134220 1.031500
0.134240 1.315200
0.134260 1.237000
0.134280 1.235400
0.134300 1.225700
0.134320 1.149200
0.134340 1.267600
0.134360 1.304700
0.134380 1.231400
0.134400 1.311100
0.134420 1.349800
0.134440 1.332100
0.134460 1.353800
0.134480 1.364300
0.134500 1.245900
0.134520 1.150000
0.134540 1.353800
0.134560 1.329700
0.134580 1.181400
0.134600 1.262800
0.134620 1.326400
0.134640 1.283700
0.134660 1.308700
0.134680 1.327300
0.134700 1.353000
0.134720 1.344200
0.134740 1.295800
0.134760 1.246700
0.134780 1.554500
0.134800 1.909900
0.134820 2.391800
0.134840 2.757700
0.134860 2.868100
0.134880 2.846300
0.134900 2.615000
0.134920 2.237100
0.134940 1.868000
0.134960 1.557700
0.134980 1.456200
0.135000 1.053300
0.135020 1.348200
0.135040 1.299000
0.135060 1.264400
0.135080 1.447300
0.135100 1.451400
0.135120 1.514200
0.135140 1.582700
0.135160 1.581900
0.135180 1.598000
0.135200 1.555300
0.135220 1.499700
0.135240 1.432800
0.135260 1.348200
0.135280 1.169300
0.135300 1.274100
0.135320 1.240200
0.135340 1.241000
0.135360 1.295000
0.135380 1.241000
0.135400 1.226500
0.135420 1.187800
0.135440 1.353000
0.135460 1.307900
0.135480 1.296600
0.135500 1.399800
0.135520 1.279700
0.135540 1.400600
0.135560 1.398200
0.135580 1.379600
0.135600 1.270000
0.135620 1.306300
0.135640 1.345800
0.135660 1.316000
0.135680 1.336900
0.135700 1.340100
0.135720 1.202300
0.135740 1.278100
0.135760 1.306300
0.135780 1.247500
0.135800 1.386100
0.135820 1.578700
0.135840 1.943700
0.135860 2.364400
0.135880 2.707700
0.135900 2.837400
0.135920 2.739900
0.135940 2.462700
0.135960 2.104900
0.135980 1.795500
0.136000 1.559300
0.136020 1.382100
0.136040 1.195100
0.136060 1.108100
0.136080 1.253900
0.136100 1.345800
0.136120 1.391700
0.136140 1.540000
0.136160 1.610100
0.136180 1.602100
0.136200 1.673000
0.136220 1.662500
0.136240 1.630300
0.136260 1.223300
0.136280 1.326400
0.136300 1.302300
0.136320 1.299900
0.136340 1.284500
0.136360 1.220900
0.136380 1.143500
0.136400 1.233800
0.136420 1.252300
0.136440 1.328900
0.136460 1.333700
0.136480 1.390900
0.136500 1.364300
0.136520 1.403800
0.136540 1.356300
0.136560 1.378800
0.136580 1.407000
0.136600 1.285300
0.136620 1.375600
0.136640 1.175800
0.136660 1.341000
0.136680 1.118500
0.136700 1.317600
0.136720 1.362700
0.136740 1.258800
0.136760 1.353000
0.136780 1.401400
0.136800 1.544800
0.136820 1.782600
0.136840 2.250000
0.136860 2.672200
0.136880 2.864000
0.136900 2.847900
0.136920 2.669000
0.136940 2.326500
0.136960 1.986400
0.136980 1.675400
0.137000 1.475500
0.137020 1.442500
0.137040 1.408600
0.137060 1.384500
0.137080 1.419100
0.137100 1.424800
0.137120 1.445700
0.137140 1.555300
0.137160 1.603700
0.137180 1.605300
0.137200 1.604500
0.137220 1.257900
0.137240 1.479600
0.137260 1.485200
0.137280 1.395800
0.137300 1.374000
0.137320 1.324000
0.137340 1.253900
0.137360 1.264400
0.137380 1.269200
0.137400 1.193500
0.137420 1.199100
0.137440 1.181400
0.137460 1.307100
0.137480 1.293400
0.137500 1.366700
0.137520 1.345800
0.137540 1.378000
0.137560 1.375600
0.137580 1.238600
0.137600 1.330500
0.137620 1.278900
0.137640 1.314400
0.137660 1.153200
0.137680 1.303100
0.137700 1.108100
0.137720 1.119300
0.137740 1.314400
0.137760 1.110500
0.137780 1.304700
0.137800 1.353000
0.137820 1.337700
0.137840 1.589200
0.137860 1.866400
0.137880 2.390200
0.137900 2.729500
0.137920 2.864800
0.137940 2.853600
0.137960 2.619900
0.137980 2.230600
0.138000 1.875200
0.138020 1.703600
0.138040 1.500500
0.138060 1.460200
0.138080 1.388500
0.138100 1.313600
0.138120 1.342600
0.138140 1.336100
0.138160 1.407800
0.138180 1.561000
0.138200 1.590800
0.138220 1.610900
0.138240 1.594000
0.138260 1.563400
0.138280 1.524700
0.138300 1.479600
0.138320 1.337700
0.138340 1.253100
0.138360 1.311900
0.138380 1.285300
0.138400 1.278900
0.138420 1.150800
0.138440 1.291800
0.138460 1.283700
0.138480 1.298200
0.138500 1.373200
0.138520 1.395800
0.138540 1.407800
0.138560 1.364300
0.138580 1.367500
0.138600 1.345800
0.138620 1.301500
0.138640 1.323200
0.138660 1.297400
0.138680 1.324800
0.138700 1.336900
0.138720 1.287000
0.138740 1.283700
0.138760 0.992800
0.138780 1.318400
0.138800 1.334500
0.138820 1.186200
0.138840 1.350600
0.138860 1.298200
0.138880 1.321600
0.138900 1.415100
0.138920 1.573000
0.138940 1.852700
0.138960 2.337800
0.138980 2.701200
0.139000 2.868100
0.139020 2.789100
0.139040 2.596500
0.139060 2.249200
0.139080 1.913100
0.139100 1.633500
0.139120 1.481200
0.139140 1.453000
0.139160 1.418300
0.139180 1.410300
0.139200 1.398200
0.139220 1.410300
0.139240 1.509400
0.139260 1.593200
0.139280 1.513400
0.139300 1.643200
0.139320 1.605300
0.139340 1.572200
0.139360 1.511800
0.139380 1.282900
0.139400 1.405400
0.139420 1.320000
0.139440 1.332100
0.139460 1.064500
0.139480 1.092700
0.139500 1.270800
0.139520 1.345800
0.139540 1.330500
0.139560 1.246700
0.139580 1.264400
0.139600 1.410300
0.139620 1.395800
0.139640 1.446500
0.139660 1.382900
0.139680 1.389300
0.139700 1.375600
0.139720 1.328900
0.139740 1.380400
0.139760 1.349800
0.139780 1.315200
0.139800 1.328100
0.139820 1.295000
0.139840 1.269200
0.139860 1.284500
0.139880 1.328900
0.139900 1.353000
0.139920 1.256300
0.139940 1.322400
0.139960 1.471500
0.139980 1.743900
0.140000 2.186300
0.140020 2.592500
0.140040 2.787500
0.140060 2.758500
0.140080 2.524000
0.140100 2.290300
0.140120 1.955800
0.140140 1.679400
0.140160 1.527900
0.140180 1.421500
0.140200 1.205600
0.140220 1.295000
0.140240 1.361100
0.140260 1.271600
0.140280 1.511800
0.140300 1.577100
0.140320 1.564200
0.140340 1.648800
0.140360 1.651200
0.140380 1.644000
0.140400 1.520700
0.140420 1.502900
0.140440 1.418300
0.140460 1.371600
0.140480 1.282100
0.140500 1.286200
0.140520 1.145100
0.140540 1.204000
0.140560 1.252300
0.140580 1.259600
0.140600 1.345000
0.140620 1.367500
0.140640 1.317600
0.140660 1.348200
0.140680 1.405400
0.140700 1.131400
0.140720 1.386900
0.140740 1.324000
0.140760 1.392500
0.140780 1.358700
0.140800 1.264400
0.140820 1.220900
0.140840 1.274900
0.140860 1.321600
0.140880 1.272500
0.140900 1.325600
0.140920 1.316800
0.140940 1.318400
0.140960 1.244200
0.140980 1.362700
0.141000 1.282100
0.141020 1.440900
0.141040 1.669700
0.141060 2.069500
0.141080 2.548900
0.141100 2.865600
0.141120 2.876900
0.141140 2.860000
0.141160 2.702900
0.141180 2.328100
0.141200 1.943700
0.141220 1.703600
0.141240 1.558500
0.141260 1.465100
0.141280 1.452200
0.141300 1.303100
0.141320 1.384500
0.141340 1.474700
0.141360 1.507800
0.141380 1.508600
0.141400 1.586700
0.141420 1.623800
0.141440 1.592400
0.141460 1.551300
0.141480 1.536800
0.141500 1.457000
0.141520 1.361900
0.141540 1.353800
0.141560 1.262800
0.141580 1.118500
0.141600 1.267600
0.141620 1.237000
0.141640 1.305500
0.141660 1.345000
0.141680 1.300700
0.141700 1.218500
0.141720 1.331300
0.141740 1.361100
0.141760 1.369200
0.141780 1.359500
0.141800 1.273300
0.141820 1.338500
0.141840 1.335300
0.141860 1.356300
0.141880 1.314400
0.141900 1.321600
0.141920 1.213600
0.141940 1.327300
0.141960 1.316000
0.141980 1.154000
0.142000 1.235400
0.142020 1.332100
0.142040 1.345800
0.142060 1.195100
0.142080 1.357900
0.142100 1.367500
0.142120 1.381200
0.142140 1.360300
0.142160 1.677000
0.142180 2.089600
0.142200 2.534400
0.142220 2.849500
0.142240 2.868100
0.142260 2.884200
0.142280 2.659300
0.142300 2.297500
0.142320 1.898600
0.142340 1.647200
0.142360 1.485200
0.142380 1.305500
0.142400 1.258800
0.142420 1.216000
0.142440 1.304700
0.142460 1.437700
0.142480 1.508600
0.142500 1.590000
0.142520 1.620600
0.142540 1.608500
0.142560 1.634300
0.142580 1.591600
0.142600 1.555300
0.142620 1.495700
0.142640 1.359500
0.142660 1.340100
0.142680 1.278100
0.142700 1.278100
0.142720 1.282900
0.142740 1.220100
0.142760 1.249900
0.142780 1.270000
0.142800 1.306300
0.142820 1.343400
0.142840 1.378000
0.142860 1.369200
0.142880 1.374000
0.142900 1.403000
0.142920 1.375600
0.142940 1.373200
0.142960 0.988000
0.142980 1.324800
0.143000 1.326400
0.143020 1.305500
0.143040 1.279700
0.143060 1.291800
0.143080 1.211200
0.143100 1.192700
0.143120 1.307900
0.143140 1.327300
0.143160 1.328900
0.143180 1.386900
0.143200 1.493300
0.143220 1.730200
0.143240 2.162100
0.143260 2.598900
0.143280 2.867300
0.143300 2.881800
0.143320 2.756800
0.143340 2.417600
0.143360 2.025100
0.143380 1.760000
0.143400 1.507000
0.143420 1.378000
0.143440 1.241800
0.143460 1.303100
0.143480 1.322400
0.143500 1.371600
0.143520 1.446500
0.143540 1.450500
0.143560 1.571400
0.143580 1.628600
0.143600 1.616600
0.143620 1.620600
0.143640 1.558500
0.143660 1.337700
0.143680 1.419100
0.143700 1.320800
0.143720 1.261200
0.143740 1.108900
0.143760 1.225700
0.143780 1.224900
0.143800 1.219300
0.143820 1.158000
0.143840 1.224900
0.143860 1.330500
0.143880 1.346600
0.143900 1.334500
0.143920 1.256300
0.143940 1.394900
0.143960 1.393300
0.143980 1.370800
0.144000 1.143500
0.144020 1.196700
0.144040 1.293400
0.144060 1.338500
0.144080 1.213600
0.144100 1.306300
0.144120 1.260400
0.144140 1.328100
0.144160 1.246700
0.144180 1.158800
0.144200 1.353000
0.144220 1.339300
0.144240 1.373200
0.144260 1.392500
0.144280 1.728600
0.144300 2.072700
0.144320 2.566700
0.144340 2.864800
0.144360 2.885000
0.144380 2.820500
0.144400 2.514300
0.144420 2.138800
0.144440 1.726200
0.144460 1.576300
0.144480 1.412700
0.144500 1.376400
0.144520 1.346600
0.144540 1.359500
0.144560 1.415100
0.144580 1.458600
0.144600 1.525500
0.144620 1.561000
0.144640 1.622200
0.144660 1.536000
0.144680 1.602100
0.144700 1.359500
0.144720 1.419100
0.144740 1.374000
0.144760 1.366700
0.144780 1.194300
0.144800 1.282900
0.144820 1.282100
0.144840 1.087100
0.144860 1.136300
0.144880 1.280500
0.144900 1.296600
0.144920 1.295800
0.144940 1.311900
0.144960 1.362700
0.144980 1.172500
0.145000 1.376400
0.145020 1.391700
0.145040 1.391700
0.145060 1.295800
0.145080 1.386100
0.145100 1.355500
0.145120 1.216800
0.145140 1.345000
0.145160 1.182200
0.145180 1.296600
0.145200 1.302300
0.145220 1.331300
0.145240 1.270000
0.145260 1.303100
0.145280 1.225700
0.145300 1.336900
0.145320 1.391700
0.145340 1.530300
0.145360 1.770500
0.145380 2.152500
0.145400 2.580400
0.145420 2.847100
0.145440 2.835800
0.145460 2.656100
0.145480 2.328900
0.145500 1.917100
0.145520 1.664100
0.145540 1.459400
0.145560 1.345800
0.145580 1.151600
0.145600 1.320800
0.145620 1.334500
0.145640 1.397400
0.145660 1.404600
0.145680 1.556900
0.145700 1.557700
0.145720 1.660100
0.145740 1.660100
0.145760 1.610900
0.145780 1.605300
0.145800 1.524700
0.145820 1.443300
0.145840 1.363500
0.145860 1.301500
0.145880 1.210400
0.145900 1.058100
0.145920 1.251500
0.145940 1.278900
0.145960 1.189500
0.145980 1.087900
0.146000 1.369200
0.146020 1.379600
0.146040 1.394100
0.146060 1.413500
0.146080 1.311900
0.146100 1.428800
0.146120 1.411900
0.146140 1.393300
0.146160 1.392500
0.146180 1.345800
0.146200 1.258800
0.146220 1.231400
0.146240 1.314400
0.146260 1.326400
0.146280 1.330500
0.146300 1.372400
0.146320 1.266800
0.146340 1.239400
0.146360 1.467500
0.146380 1.663300
0.146400 1.988900
0.146420 2.401500
0.146440 2.744800
0.146460 2.842300
0.146480 2.760900
0.146500 2.479600
0.146520 2.059800
0.146540 1.782600
0.146560 1.462600
0.146580 1.441700
0.146600 1.363500
0.146620 1.289400
0.146640 1.331300
0.146660 1.344200
0.146680 1.204800
0.146700 1.493300
0.146720 1.566600
0.146740 1.602100
0.146760 1.619800
0.146780 1.627800
0.146800 1.590800
0.146820 1.481200
0.146840 1.336900
0.146860 1.353800
0.146880 1.306300
0.146900 1.284500
0.146920 1.240200
0.146940 1.269200
0.146960 1.245100
0.146980 1.291000
0.147000 1.262800
0.147020 1.337700
0.147040 1.242600
0.147060 1.392500
0.147080 1.407000
0.147100 1.395800
0.147120 1.381200
0.147140 1.416700
0.147160 1.249100
0.147180 1.370000
0.147200 1.363500
0.147220 1.241000
0.147240 1.347400
0.147260 1.241000
0.147280 1.352200
0.147300 1.176600
0.147320 1.320000
0.147340 1.373200
0.147360 1.352200
0.147380 1.372400
0.147400 1.562600
0.147420 1.779300
0.147440 2.220100
0.147460 2.653700
0.147480 2.872100
0.147500 2.856000
0.147520 2.713300
0.147540 2.397400
0.147560 2.009800
0.147580 1.719700
0.147600 1.502900
0.147620 1.420700
0.147640 1.349800
0.147660 1.352200
0.147680 1.391700
0.147700 1.444100
0.147720 1.403000
0.147740 1.534400
0.147760 1.588400
0.147780 1.598800
0.147800 1.619000
0.147820 1.535200
0.147840 1.540000
0.147860 1.478800
0.147880 1.408600
0.147900 1.344200
0.147920 1.230500
0.147940 1.241800
0.147960 1.208800
0.147980 0.934000
0.148000 1.205600
0.148020 1.280500
0.148040 1.309500
0.148060 1.358700
0.148080 1.362700
0.148100 1.188600
0.148120 1.068600
0.148140 1.395800
0.148160 1.396600
0.148180 1.352200
0.148200 1.305500
0.148220 1.293400
0.148240 1.328100
0.148260 1.362700
0.148280 1.349800
0.148300 1.162900
0.148320 1.334500
0.148340 1.331300
0.148360 1.325600
0.148380 1.104800
0.148400 1.384500
0.148420 1.340100
0.148440 1.355500
0.148460 1.471500
0.148480 1.651200
0.148500 2.025100
0.148520 2.437700
0.148540 2.744800
0.148560 2.851100
0.148580 2.746400
0.148600 2.429700
0.148620 2.046900
0.148640 1.768900
0.148660 1.523100
0.148680 1.236200
0.148700 1.308700
0.148720 1.243400
0.148740 1.302300
0.148760 1.228100
0.148780 1.407000
0.148800 1.457800
0.148820 1.569800
0.148840 1.632700
0.148860 1.635900
0.148880 1.518200
0.148900 1.477900
0.148920 1.540800
0.148940 1.448900
0.148960 1.328100
0.148980 1.344200
0.149000 1.309500
0.149020 1.309500
0.149040 1.301500
0.149060 1.333700
0.149080 1.346600
0.149100 1.220100
0.149120 1.320800
0.149140 1.386100
0.149160 1.412700
0.149180 1.272500
0.149200 1.429600
0.149220 1.398200
0.149240 1.408600
0.149260 1.390100
0.149280 1.303100
0.149300 1.222500
0.149320 1.286200
0.149340 1.299900
0.149360 1.365100
0.149380 1.257900
0.149400 1.354700
0.149420 1.346600
0.149440 1.271600
0.149460 1.341000
0.149480 1.446500
0.149500 1.561800
0.149520 1.919600
0.149540 2.390200
0.149560 2.700400
0.149580 2.798800
0.149600 2.659300
0.149620 2.376500
0.149640 1.971900
0.149660 1.745500
0.149680 1.550500
0.149700 1.261200
0.149720 1.268400
0.149740 0.989600
0.149760 1.287800
0.149780 1.351400
0.149800 1.371600
0.149820 1.490800
0.149840 1.519000
0.149860 1.507800
0.149880 1.486000
0.149900 1.593200
0.149920 1.545600
0.149940 1.477900
0.149960 1.154000
0.149980 1.269200
0.150000 1.349000
0.150020 1.327300
0.150040 1.170900
0.150060 1.279700
0.150080 1.292600
0.150100 1.323200
0.150120 1.315200
0.150140 1.330500
0.150160 1.196700
0.150180 1.391700
0.150200 1.411900
0.150220 1.419100
0.150240 1.415900
0.150260 1.392500
0.150280 1.407800
0.150300 1.366700
0.150320 1.299000
0.150340 1.366700
0.150360 1.348200
0.150380 1.361900
0.150400 1.195900
0.150420 1.298200
0.150440 1.363500
0.150460 1.376400
0.150480 1.357900
0.150500 1.334500
0.150520 1.439300
0.150540 1.583500
0.150560 1.914700
0.150580 2.371600
0.150600 2.707700
0.150620 2.829400
0.150640 2.783400
0.150660 2.536000
0.150680 2.172600
0.150700 1.852700
0.150720 1.627000
0.150740 1.417500
0.150760 1.229700
0.150780 1.320800
0.150800 1.359500
0.150820 1.404600
0.150840 1.375600
0.150860 1.490000
0.150880 1.477100
0.150900 1.575500
0.150920 1.489200
0.150940 1.411100
0.150960 1.560100
0.150980 1.378800
0.151000 1.462600
0.151020 1.373200
0.151040 1.349800
0.151060 1.257900
0.151080 1.308700
0.151100 1.309500
0.151120 1.162100
0.151140 1.231400
0.151160 1.327300
0.151180 1.249900
0.151200 1.354700
0.151220 1.203200
0.151240 1.434400
0.151260 1.370000
0.151280 1.380400
0.151300 1.399000
0.151320 1.417500
0.151340 1.453800
0.151360 1.175800
0.151380 1.296600
0.151400 1.350600
0.151420 1.311900
0.151440 1.379600
0.151460 1.291800
0.151480 1.350600
0.151500 1.345000
0.151520 1.177400
0.151540 1.361900
0.151560 1.315200
0.151580 1.455400
0.151600 1.612500
0.151620 1.931600
0.151640 2.300700
0.151660 2.667400
0.151680 2.771400
0.151700 2.689200
0.151720 2.433700
0.151740 2.124200
0.151760 1.793800
0.151780 1.601200
0.151800 1.370000
0.151820 1.184600
0.151840 1.309500
0.151860 1.295000
0.151880 1.352200
0.151900 1.347400
0.151920 1.469900
0.151940 1.540000
0.151960 1.624600
0.151980 1.633500
0.152000 1.649600
0.152020 1.576300
0.152040 1.527100
0.152060 1.454600
0.152080 1.407800
0.152100 1.385300
0.152120 1.331300
0.152140 1.315200
0.152160 1.246700
0.152180 1.134700
0.152200 1.214400
0.152220 1.366700
0.152240 1.385300
0.152260 1.419100
0.152280 1.332900
0.152300 1.421500
0.152320 1.392500
0.152340 1.444900
0.152360 1.295800
0.152380 1.303100
0.152400 1.448100
0.152420 1.312700
0.152440 1.284500
0.152460 1.386100
0.152480 1.379600
0.152500 1.365100
0.152520 1.368400
0.152540 1.336100
0.152560 1.375600
0.152580 1.392500
0.152600 1.530300
0.152620 1.733400
0.152640 2.114600
0.152660 2.486100
0.152680 2.699600
0.152700 2.717400
0.152720 2.509500
0.152740 2.259600
0.152760 1.959000
0.152780 1.596400
0.152800 1.544800
0.152820 1.386100
0.152840 1.246700
0.152860 1.255500
0.152880 1.336900
0.152900 1.368400
0.152920 1.443300
0.152940 1.458600
0.152960 1.581900
0.152980 1.606100
0.153000 1.595600
0.153020 1.585100
0.153040 1.548100
0.153060 1.510200
0.153080 1.335300
0.153100 1.391700
0.153120 1.277300
0.153140 1.291000
0.153160 1.318400
0.153180 1.227300
0.153200 1.299000
0.153220 1.330500
0.153240 1.324800
0.153260 1.384500
0.153280 1.415100
0.153300 1.363500
0.153320 1.424000
0.153340 1.450500
0.153360 1.397400
0.153380 1.407800
0.153400 1.391700
0.153420 1.390900
0.153440 1.400600
0.153460 1.333700
0.153480 1.376400
0.153500 1.345000
0.153520 1.316800
0.153540 1.364300
0.153560 1.311100
0.153580 1.328100
0.153600 1.341000
0.153620 1.253900
0.153640 1.446500
0.153660 1.648000
0.153680 1.887300
0.153700 2.306400
0.153720 2.651300
0.153740 2.820500
0.153760 2.792300
0.153780 2.561000
0.153800 2.229800
0.153820 1.856700
0.153840 1.660100
0.153860 1.482800
0.153880 1.386100
0.153900 1.375600
0.153920 1.356300
0.153940 1.386100
0.153960 1.351400
0.153980 1.423200
0.154000 1.549700
0.154020 1.566600
0.154040 1.430400
0.154060 1.532700
0.154080 1.569000
0.154100 1.517400
0.154120 1.502100
0.154140 1.440100
0.154160 1.385300
0.154180 1.100800
0.154200 1.061300
0.154220 1.320800
0.154240 1.316000
0.154260 1.329700
0.154280 1.306300
0.154300 1.309500
0.154320 1.362700
0.154340 1.415100
0.154360 1.394900
0.154380 1.415100
0.154400 1.366700
0.154420 1.419100
0.154440 1.403000
0.154460 1.409500
0.154480 1.395800
0.154500 1.228900
0.154520 1.377200
0.154540 1.199100
0.154560 1.374000
0.154580 1.360300
0.154600 1.337700
0.154620 1.354700
0.154640 1.390100
0.154660 1.347400
0.154680 1.309500
0.154700 1.334500
0.154720 1.333700
0.154740 1.641500
0.154760 1.943700
0.154780 2.337800
0.154800 2.582000
0.154820 2.787500
0.154840 2.695600
0.154860 2.445000
0.154880 2.146800
0.154900 1.745500
0.154920 1.500500
0.154940 1.482800
0.154960 1.144300
0.154980 1.304700
0.155000 1.349000
0.155020 1.373200
0.155040 1.436000
0.155060 1.423200
0.155080 1.578700
0.155100 1.610900
0.155120 1.609300
0.155140 1.604500
0.155160 1.536800
0.155180 1.564200
0.155200 1.508600
0.155220 1.385300
0.155240 1.382900
0.155260 1.374800
0.155280 1.338500
0.155300 1.342600
0.155320 1.321600
0.155340 1.352200
0.155360 1.335300
0.155380 1.391700
0.155400 1.365900
0.155420 1.237000
0.155440 1.424000
0.155460 1.373200
0.155480 1.415900
0.155500 1.420700
0.155520 1.419100
0.155540 1.399800
0.155560 1.407000
0.155580 1.376400
0.155600 1.347400
0.155620 1.235400
0.155640 1.287800
0.155660 1.411900
0.155680 1.339300
0.155700 1.324800
0.155720 1.305500
0.155740 1.289400
0.155760 1.531900
0.155780 1.714900
0.155800 2.066200
0.155820 2.393400
0.155840 2.636800
0.155860 2.669000
0.155880 2.443400
0.155900 2.224200
0.155920 1.920400
0.155940 1.684200
0.155960 1.272500
0.155980 1.324800
0.156000 1.235400
0.156020 1.270800
0.156040 1.274900
0.156060 1.330500
0.156080 1.305500
0.156100 1.465900
0.156120 1.622200
0.156140 1.660900
0.156160 1.673800
0.156180 1.650400
0.156200 1.610100
0.156220 1.451400
0.156240 1.390100
0.156260 1.340100
0.156280 1.145900
0.156300 1.308700
0.156320 1.027500
0.156340 1.316000
0.156360 1.321600
0.156380 1.287800
0.156400 1.342600
0.156420 1.378800
0.156440 1.213600
0.156460 1.407800
0.156480 1.424800
0.156500 1.461000
0.156520 1.437700
0.156540 1.446500
0.156560 1.411900
0.156580 1.278900
0.156600 1.404600
0.156620 1.373200
0.156640 1.361900
0.156660 1.352200
0.156680 1.385300
0.156700 1.365900
0.156720 1.389300
0.156740 1.416700
0.156760 1.789000
0.156780 2.164500
0.156800 2.528800
0.156820 2.772200
0.156840 2.734300
0.156860 2.660100
0.156880 2.357100
0.156900 2.014700
0.156920 1.735000
0.156940 1.539200
0.156960 1.427200
0.156980 1.293400
0.157000 1.358700
0.157020 1.278900
0.157040 1.416700
0.157060 1.424000
0.157080 1.459400
0.157100 1.575500
0.157120 1.538400
0.157140 1.531900
0.157160 1.608500
0.157180 1.507800
0.157200 1.511800
0.157220 1.269200
0.157240 1.386900
0.157260 1.309500
0.157280 1.295000
0.157300 1.301500
0.157320 1.317600
0.157340 1.325600
0.157360 1.174100
0.157380 1.285300
0.157400 1.143500
0.157420 1.407000
0.157440 1.432000
0.157460 1.369200
0.157480 1.378000
0.157500 1.248300
0.157520 1.412700
0.157540 1.310300
0.157560 1.384500
0.157580 1.382100
0.157600 1.382100
0.157620 1.336900
0.157640 1.299900
0.157660 1.357100
0.157680 1.246700
0.157700 1.365100
0.157720 1.383700
0.157740 1.301500
0.157760 1.498100
0.157780 1.671400
0.157800 1.985600
0.157820 2.418400
0.157840 2.750400
0.157860 2.850300
0.157880 2.801200
0.157900 2.545700
0.157920 2.221800
0.157940 1.902600
0.157960 1.636700
0.157980 1.504500
0.158000 1.405400
0.158020 1.396600
0.158040 1.398200
0.158060 1.420700
0.158080 1.397400
0.158100 1.468300
0.158120 1.558500
0.158140 1.584300
0.158160 1.553700
0.158180 1.606900
0.158200 1.575500
0.158220 1.506200
0.158240 1.505300
0.158260 1.463400
0.158280 1.391700
0.158300 1.111300
0.158320 1.312700
0.158340 1.332900
0.158360 1.332100
0.158380 1.356300
0.158400 1.360300
0.158420 1.362700
0.158440 1.411100
0.158460 1.327300
0.158480 1.416700
0.158500 1.413500
0.158520 1.285300
0.158540 1.121000
0.158560 1.208000
0.158580 1.421500
0.158600 1.394900
0.158620 1.332100
0.158640 1.399000
0.158660 1.394900
0.158680 1.371600
0.158700 1.370000
0.158720 1.385300
0.158740 1.307900
0.158760 1.276500
0.158780 1.378000
0.158800 1.424800
0.158820 1.605300
0.158840 1.846200
0.158860 2.245100
0.158880 2.605300
0.158900 2.814100
0.158920 2.789900
0.158940 2.604500
0.158960 2.288600
0.158980 1.963100
0.159000 1.614900
0.159020 1.488400
0.159040 1.350600
0.159060 1.293400
0.159080 1.269200
0.159100 1.333700
0.159120 1.406200
0.159140 1.488400
0.159160 1.423200
0.159180 1.620600
0.159200 1.648800
0.159220 1.662500
0.159240 1.644000
0.159260 1.583500
0.159280 1.515000
0.159300 1.475500
0.159320 1.328900
0.159340 1.365100
0.159360 1.205600
0.159380 1.320800
0.159400 1.341000
0.159420 1.214400
0.159440 1.299000
0.159460 1.319200
0.159480 1.417500
0.159500 1.423200
0.159520 1.452200
0.159540 1.465100
0.159560 1.362700
0.159580 1.196700
0.159600 1.355500
0.159620 1.418300
0.159640 1.362700
0.159660 1.411100
0.159680 1.359500
0.159700 1.257900
0.159720 1.317600
0.159740 1.309500
0.159760 1.331300
0.159780 1.436000
0.159800 1.538400
0.159820 1.739900
0.159840 2.161300
0.159860 2.534400
0.159880 2.745600
0.159900 2.790700
0.159920 2.611000
0.159940 2.307200
0.159960 1.922800
0.159980 1.709200
0.160000 1.519000
0.160020 1.376400
0.160040 1.189500
0.160060 1.253900
0.160080 1.314400
0.160100 1.349000
0.160120 1.440100
0.160140 1.506200
0.160160 1.585900
0.160180 1.631100
0.160200 1.640700
0.160220 1.606100
0.160240 1.561800
0.160260 1.303900
0.160280 1.395800
0.160300 1.345000
0.160320 1.198300
0.160340 1.284500
0.160360 1.283700
0.160380 1.266000
0.160400 1.318400
0.160420 1.157200
0.160440 1.332100
0.160460 1.367500
0.160480 1.407800
0.160500 1.365100
0.160520 1.433600
0.160540 1.401400
0.160560 1.410300
0.160580 1.249100
0.160600 1.321600
0.160620 1.361900
0.160640 1.386900
0.160660 1.324800
0.160680 1.382900
0.160700 1.262800
0.160720 1.289400
0.160740 1.179000
0.160760 1.355500
0.160780 1.406200
0.160800 1.523900
0.160820 1.931600
0.160840 2.259600
0.160860 2.698800
0.160880 2.862400
0.160900 2.849500
0.160920 2.743200
0.160940 2.407900
0.160960 2.031600
0.160980 1.725300
0.161000 1.547300
0.161020 1.408600
0.161040 1.303900
0.161060 1.334500
0.161080 1.359500
0.161100 1.378000
0.161120 1.444100
0.161140 1.517400
0.161160 1.481200
0.161180 1.572200
0.161200 1.585100
0.161220 1.581900
0.161240 1.524700
0.161260 1.486000
0.161280 1.441700
0.161300 1.238600
0.161320 1.342600
0.161340 1.328900
0.161360 1.274900
0.161380 1.243400
0.161400 1.126600
0.161420 1.217700
0.161440 1.315200
0.161460 1.241000
0.161480 1.372400
0.161500 1.261200
0.161520 1.422300
0.161540 1.422300
0.161560 1.406200
0.161580 1.426400
0.161600 1.394900
0.161620 1.392500
0.161640 1.352200
0.161660 1.383700
0.161680 1.378800
0.161700 1.257100
0.161720 1.367500
0.161740 1.335300
0.161760 1.315200
0.161780 1.360300
0.161800 1.373200
0.161820 1.403800
0.161840 1.453000
0.161860 1.812400
0.161880 2.225000
0.161900 2.644000
0.161920 2.856000
0.161940 2.880100
0.161960 2.748000
0.161980 2.449000
0.162000 2.087200
0.162020 1.720500
0.162040 1.545600
0.162060 1.343400
0.162080 1.299000
0.162100 1.272500
0.162120 1.306300
0.162140 1.212800
0.162160 1.282100
0.162180 1.473100
0.162200 1.501300
0.162220 1.579500
0.162240 1.564200
0.162260 1.577100
0.162280 1.566600
0.162300 1.510200
0.162320 1.448100
0.162340 1.348200
0.162360 1.330500
0.162380 1.216000
0.162400 1.288600
0.162420 1.259600
0.162440 1.310300
0.162460 1.462600
0.162480 1.398200
0.162500 1.221700
0.162520 1.412700
0.162540 1.403800
0.162560 1.436000
0.162580 1.410300
0.162600 1.438500
0.162620 1.390100
0.162640 1.378000
0.162660 1.274100
0.162680 1.214400
0.162700 1.369200
0.162720 1.348200
0.162740 1.327300
0.162760 1.209600
0.162780 1.281300
0.162800 1.382900
0.162820 1.401400
0.162840 1.180600
0.162860 1.307900
0.162880 1.499700
0.162900 1.588400
0.162920 2.037200
0.162940 2.320100
0.162960 2.611000
0.162980 2.640000
0.163000 2.512700
0.163020 2.231400
0.163040 1.908300
0.163060 1.574700
0.163080 1.354700
0.163100 1.084700
0.163120 1.111300
0.163140 1.123400
0.163160 1.184600
0.163180 1.228100
0.163200 1.347400
0.163220 1.531100
0.163240 1.568200
0.163260 1.669700
0.163280 1.508600
0.163300 1.675400
0.163320 1.411900
0.163340 1.464200
0.163360 1.482800
0.163380 1.379600
0.163400 1.331300
0.163420 1.230500
0.163440 1.228900
0.163460 1.294200
0.163480 1.291000
0.163500 1.328100
0.163520 1.329700
0.163540 1.260400
0.163560 1.275700
0.163580 1.420700
0.163600 1.306300
0.163620 1.393300
0.163640 1.414300
0.163660 1.224100
0.163680 1.327300
0.163700 1.401400
0.163720 1.274900
0.163740 1.365100
0.163760 1.379600
0.163780 1.390900
0.163800 1.505300
0.163820 1.695500
0.163840 2.025100
0.163860 2.420000
0.163880 2.687500
0.163900 2.765700
0.163920 2.635200
0.163940 2.387000
0.163960 2.065400
0.163980 1.753600
0.164000 1.557700
0.164020 1.396600
0.164040 1.328100
0.164060 1.305500
0.164080 1.239400
0.164100 1.337700
0.164120 1.404600
0.164140 1.332100
0.164160 1.562600
0.164180 1.609300
0.164200 1.490000
0.164220 1.644000
0.164240 1.606900
0.164260 1.498900
0.164280 1.292600
0.164300 1.414300
0.164320 1.284500
0.164340 1.295800
0.164360 1.303900
0.164380 1.186200
0.164400 1.295000
0.164420 1.306300
0.164440 1.358700
0.164460 1.365900
0.164480 1.371600
0.164500 1.357900
0.164520 1.381200
0.164540 1.389300
0.164560 1.388500
0.164580 1.387700
0.164600 1.254700
0.164620 1.386100
0.164640 1.404600
0.164660 1.233000
0.164680 1.269200
0.164700 1.399800
0.164720 1.573800
0.164740 1.720500
0.164760 2.283800
0.164780 2.703700
0.164800 2.868100
0.164820 2.880100
0.164840 2.804400
0.164860 2.492500
0.164880 2.131500
0.164900 1.826900
0.164920 1.656800
0.164940 1.483600
0.164960 1.496500
0.164980 1.551300
0.165000 1.475500
0.165020 1.492500
0.165040 1.520700
0.165060 1.558500
0.165080 1.540000
0.165100 1.623800
0.165120 1.640700
0.165140 1.630300
0.165160 1.605300
0.165180 1.540800
0.165200 1.428800
0.165220 1.389300
0.165240 1.394100
0.165260 1.242600
0.165280 1.216800
0.165300 1.328100
0.165320 1.344200
0.165340 1.291800
0.165360 1.374000
0.165380 1.394100
0.165400 1.387700
0.165420 1.425600
0.165440 1.380400
0.165460 1.390900
0.165480 1.429600
0.165500 1.249100
0.165520 1.306300
0.165540 1.384500
0.165560 1.270800
0.165580 1.288600
0.165600 1.367500
0.165620 1.216800
0.165640 1.411100
0.165660 1.550500
0.165680 1.868000
0.165700 2.391000
0.165720 2.838200
0.165740 2.895500
0.165760 2.907500
0.165780 2.893000
0.165800 2.698000
0.165820 2.294300
0.165840 1.896200
0.165860 1.675400
0.165880 1.537600
0.165900 1.458600
0.165920 1.294200
0.165940 1.433600
0.165960 1.448900
0.165980 1.348200
0.166000 1.541600
0.166020 1.517400
0.166040 1.623800
0.166060 1.649600
0.166080 1.602900
0.166100 1.465900
0.166120 1.557700
0.166140 1.288600
0.166160 1.249900
0.166180 1.382900
0.166200 1.342600
0.166220 1.247500
0.166240 1.233800
0.166260 1.170100
0.166280 1.357100
0.166300 1.353000
0.166320 1.349000
0.166340 1.224900
0.166360 1.405400
0.166380 1.440100
0.166400 1.440100
0.166420 1.349000
0.166440 1.406200
0.166460 1.378000
0.166480 1.382100
0.166500 1.327300
0.166520 1.367500
0.166540 1.366700
0.166560 1.353800
0.166580 1.110500
0.166600 1.370800
0.166620 1.353000
0.166640 1.411900
0.166660 1.625400
0.166680 2.024300
0.166700 2.528800
0.166720 2.894700
0.166740 2.899500
0.166760 2.879300
0.166780 2.627100
0.166800 2.224200
0.166820 1.840600
0.166840 1.610900
0.166860 1.421500
0.166880 1.321600
0.166900 1.158000
0.166920 1.132200
0.166940 1.346600
0.166960 1.365100
0.166980 1.535200
0.167000 1.550500
0.167020 1.660900
0.167040 1.655200
0.167060 1.701200
0.167080 1.650400
0.167100 1.541600
0.167120 1.425600
0.167140 1.407000
0.167160 1.262000
0.167180 1.312700
0.167200 1.274900
0.167220 1.270800
0.167240 1.306300
0.167260 1.342600
0.167280 1.279700
0.167300 1.338500
0.167320 1.400600
0.167340 1.444900
0.167360 1.469900
0.167380 1.447300
0.167400 1.331300
0.167420 1.424800
0.167440 1.329700
0.167460 1.359500
0.167480 1.369200
0.167500 1.154000
0.167520 1.348200
0.167540 1.376400
0.167560 1.334500
0.167580 1.399800
0.167600 1.565800
0.167620 1.855100
0.167640 2.366800
0.167660 2.804400
0.167680 2.887400
0.167700 2.881800
0.167720 2.818900
0.167740 2.444200
0.167760 1.984800
0.167780 1.539200
0.167800 1.517400
0.167820 1.271600
0.167840 1.357900
0.167860 1.250700
0.167880 1.284500
0.167900 1.286200
0.167920 1.425600
0.167940 1.507800
0.167960 1.482000
0.167980 1.597200
0.168000 1.635900
0.168020 1.616600
0.168040 1.581100
0.168060 1.514200
0.168080 1.437700
0.168100 1.330500
0.168120 1.359500
0.168140 1.285300
0.168160 1.307900
0.168180 1.309500
0.168200 1.301500
0.168220 1.351400
0.168240 1.365100
0.168260 1.411100
0.168280 1.376400
0.168300 1.447300
0.168320 1.415900
0.168340 1.191900
0.168360 1.410300
0.168380 1.403800
0.168400 1.388500
0.168420 1.366700
0.168440 1.361900
0.168460 1.198300
0.168480 1.346600
0.168500 1.353800
0.168520 1.372400
0.168540 1.233000
0.168560 1.361900
0.168580 1.368400
0.168600 1.378000
0.168620 1.542400
0.168640 1.836600
0.168660 2.370800
0.168680 2.842300
0.168700 2.901900
0.168720 2.871300
0.168740 2.889000
0.168760 2.646400
0.168780 2.243500
0.168800 1.839000
0.168820 1.628600
0.168840 1.372400
0.168860 1.441700
0.168880 1.404600
0.168900 1.436800
0.168920 1.420700
0.168940 1.444100
0.168960 1.489200
0.168980 1.500500
0.169000 1.386900
0.169020 1.558500
0.169040 1.556900
0.169060 1.508600
0.169080 1.504500
0.169100 1.372400
0.169120 1.388500
0.169140 1.305500
0.169160 1.253900
0.169180 1.174100
0.169200 1.296600
0.169220 1.307900
0.169240 1.316000
0.169260 1.343400
0.169280 1.253100
0.169300 1.336100
0.169320 1.378800
0.169340 1.380400
0.169360 1.169300
0.169380 1.363500
0.169400 1.377200
0.169420 1.381200
0.169440 1.316000
0.169460 1.294200
0.169480 1.341000
0.169500 1.181400
0.169520 1.173300
0.169540 1.212000
0.169560 1.317600
0.169580 1.332900
0.169600 1.356300
0.169620 1.282100
0.169640 1.337700
0.169660 1.224100
0.169680 1.276500
0.169700 1.350600
0.169720 1.327300
0.169740 1.359500
0.169760 1.391700
0.169780 1.417500
0.169800 1.563400
0.169820 1.829300
0.169840 2.451400
0.169860 2.874500
0.169880 2.907500
0.169900 2.906700
0.169920 2.881800
0.169940 2.579600
0.169960 2.124200
0.169980 1.747100
0.170000 1.345800
0.170020 1.382900
0.170040 1.282900
0.170060 1.371600
0.170080 1.430400
0.170100 1.437700
0.170120 1.469900
0.170140 1.528700
0.170160 1.525500
0.170180 1.589200
0.170200 1.589200
0.170220 1.573000
0.170240 1.547300
0.170260 1.460200
0.170280 1.403000
0.170300 1.334500
0.170320 1.208800
0.170340 1.302300
0.170360 1.253900
0.170380 1.223300
0.170400 1.291800
0.170420 1.267600
0.170440 1.224900
0.170460 1.365100
0.170480 1.338500
0.170500 1.313600
0.170520 1.415900
0.170540 1.391700
0.170560 1.390900
0.170580 1.341000
0.170600 1.346600
0.170620 1.345000
0.170640 1.270000
0.170660 1.312700
0.170680 1.233800
0.170700 1.341000
0.170720 1.322400
0.170740 1.259600
0.170760 1.330500
0.170780 1.318400
0.170800 1.325600
0.170820 1.333700
0.170840 1.368400
0.170860 1.315200
0.170880 1.277300
0.170900 1.386100
0.170920 1.622200
0.170940 1.936500
0.170960 2.423200
0.170980 2.760100
0.171000 2.869700
0.171020 2.777800
0.171040 2.488500
0.171060 2.094400
0.171080 1.740700
0.171100 1.533600
0.171120 1.023400
0.171140 1.285300
0.171160 1.217700
0.171180 1.001700
0.171200 1.330500
0.171220 1.305500
0.171240 1.515000
0.171260 1.588400
0.171280 1.639900
0.171300 1.663300
0.171320 1.567400
0.171340 1.539200
0.171360 1.507000
0.171380 1.427200
0.171400 1.335300
0.171420 1.295800
0.171440 1.266000
0.171460 1.224100
0.171480 1.202300
0.171500 1.134700
0.171520 1.300700
0.171540 1.287000
0.171560 1.175800
0.171580 1.259600
0.171600 1.354700
0.171620 1.406200
0.171640 1.398200
0.171660 1.341800
0.171680 1.343400
0.171700 1.320800
0.171720 1.152400
0.171740 1.306300
0.171760 1.324000
0.171780 1.311100
0.171800 1.303100
0.171820 1.303100
0.171840 1.325600
0.171860 1.333700
0.171880 1.303900
0.171900 1.318400
0.171920 1.301500
0.171940 1.356300
0.171960 1.337700
0.171980 1.417500
0.172000 1.674600
0.172020 2.114600
0.172040 2.556200
0.172060 2.884200
0.172080 2.901100
0.172100 2.848700
0.172120 2.542500
0.172140 2.126700
0.172160 1.808400
0.172180 1.560100
0.172200 1.451400
0.172220 1.405400
0.172240 1.408600
0.172260 1.295800
0.172280 1.419900
0.172300 1.418300
0.172320 1.403000
0.172340 1.547300
0.172360 1.566600
0.172380 1.548900
0.172400 1.473900
0.172420 1.516600
0.172440 1.479600
0.172460 1.407000
0.172480 1.393300
0.172500 1.325600
0.172520 1.316800
0.172540 1.221700
0.172560 1.194300
0.172580 1.286200
0.172600 1.285300
0.172620 1.270000
0.172640 1.311100
0.172660 1.353000
0.172680 1.205600
0.172700 1.361100
0.172720 1.389300
0.172740 1.375600
0.172760 1.247500
0.172780 1.326400
0.172800 1.370000
0.172820 1.330500
0.172840 1.204800
0.172860 1.316800
0.172880 1.295000
0.172900 1.239400
0.172920 1.272500
0.172940 1.292600
0.172960 1.282100
0.172980 1.287000
0.173000 1.124200
0.173020 1.174900
0.173040 1.331300
0.173060 1.331300
0.173080 1.298200
0.173100 1.244200
0.173120 1.320000
0.173140 1.475500
0.173160 1.810800
0.173180 2.292700
0.173200 2.752800
0.173220 2.893800
0.173240 2.882600
0.173260 2.775400
0.173280 2.416000
0.173300 2.009800
0.173320 1.686700
0.173340 1.399000
0.173360 1.378800
0.173380 1.353800
0.173400 1.345800
0.173420 1.428000
0.173440 1.430400
0.173460 1.455400
0.173480 1.506200
0.173500 1.400600
0.173520 1.590000
0.173540 1.563400
0.173560 1.586700
0.173580 1.531100
0.173600 1.302300
0.173620 1.391700
0.173640 1.305500
0.173660 1.233000
0.173680 1.291800
0.173700 1.281300
0.173720 1.282100
0.173740 1.166100
0.173760 1.317600
0.173780 1.223300
0.173800 1.357100
0.173820 1.336900
0.173840 1.388500
0.173860 1.199100
0.173880 1.416700
0.173900 1.321600
0.173920 1.264400
0.173940 1.314400
0.173960 1.346600
0.173980 1.297400
0.174000 1.323200
0.174020 1.278900
0.174040 1.262000
0.174060 1.275700
0.174080 1.048400
0.174100 1.299900
0.174120 1.303100
0.174140 1.133800
0.174160 1.281300
0.174180 1.365900
0.174200 1.252300
0.174220 1.221700
0.174240 1.374000
0.174260 1.272500
0.174280 1.719700
0.174300 2.081500
0.174320 2.490900
0.174340 2.717400
0.174360 2.694800
0.174380 2.586000
0.174400 2.246700
0.174420 1.881700
0.174440 1.639900
0.174460 1.067800
0.174480 1.272500
0.174500 1.111300
0.174520 1.153200
0.174540 1.108900
0.174560 1.332900
0.174580 1.339300
0.174600 1.531100
0.174620 1.630300
0.174640 1.650400
0.174660 1.697900
0.174680 1.527900
0.174700 1.606900
0.174720 1.515000
0.174740 1.434400
0.174760 1.324800
0.174780 1.289400
0.174800 1.262800
0.174820 1.240200
0.174840 1.198300
0.174860 1.260400
0.174880 1.214400
0.174900 1.286200
0.174920 1.185400
0.174940 1.184600
0.174960 1.276500
0.174980 1.333700
0.175000 1.281300
0.175020 1.204800
0.175040 1.358700
0.175060 1.378800
0.175080 1.343400
0.175100 1.307100
0.175120 1.322400
0.175140 1.189500
0.175160 1.321600
0.175180 1.216800
0.175200 1.245100
0.175220 1.324000
0.175240 1.319200
0.175260 1.352200
0.175280 1.378000
0.175300 1.574700
0.175320 1.899400
0.175340 2.386200
0.175360 2.764900
0.175380 2.880100
0.175400 2.844700
0.175420 2.590800
0.175440 2.235500
0.175460 1.864000
0.175480 1.585100
0.175500 1.443300
0.175520 1.301500
0.175540 1.281300
0.175560 1.196700
0.175580 1.299000
0.175600 1.412700
0.175620 1.293400
0.175640 1.328900
0.175660 1.386900
0.175680 1.634300
0.175700 1.644000
0.175720 1.645600
0.175740 1.592400
0.175760 1.494900
0.175780 1.341800
0.175800 1.190300
0.175820 1.283700
0.175840 1.240200
0.175860 1.209600
0.175880 1.120100
0.175900 1.266000
0.175920 1.270000
0.175940 1.295800
0.175960 1.334500
0.175980 1.320000
0.176000 1.344200
0.176020 1.386100
0.176040 1.370000
0.176060 1.296600
0.176080 1.075800
0.176100 1.382100
0.176120 1.374000
0.176140 1.304700
0.176160 1.326400
0.176180 1.159600
0.176200 1.311100
0.176220 1.316000
0.176240 1.313600
0.176260 1.378000
0.176280 1.486800
0.176300 1.844600
0.176320 2.310400
0.176340 2.704500
0.176360 2.888200
0.176380 2.875300
0.176400 2.708500
0.176420 2.370800
0.176440 1.919600
0.176460 1.681000
0.176480 1.418300
0.176500 1.378800
0.176520 1.324000
0.176540 1.316000
0.176560 1.316000
0.176580 1.416700
0.176600 1.476300
0.176620 1.478800
0.176640 1.548100
0.176660 1.395800
0.176680 1.585900
0.176700 1.575500
0.176720 1.551300
0.176740 1.443300
0.176760 1.415100
0.176780 1.293400
0.176800 1.279700
0.176820 1.270000
0.176840 1.043600
0.176860 1.275700
0.176880 1.269200
0.176900 1.236200
0.176920 1.293400
0.176940 1.314400
0.176960 1.313600
0.176980 1.306300
0.177000 1.313600
0.177020 1.191100
0.177040 1.378800
0.177060 1.274900
0.177080 1.350600
0.177100 1.295800
0.177120 1.403800
0.177140 1.526300
0.177160 1.835800
0.177180 2.282200
0.177200 2.659300
0.177220 2.792300
0.177240 2.785100
0.177260 2.544100
0.177280 2.229000
0.177300 1.859100
0.177320 1.625400
0.177340 1.388500
0.177360 1.353000
0.177380 1.334500
0.177400 1.311900
0.177420 1.349800
0.177440 1.292600
0.177460 1.232200
0.177480 1.379600
0.177500 1.527900
0.177520 1.561000
0.177540 1.569000
0.177560 1.535200
0.177580 1.487600
0.177600 1.451400
0.177620 1.366700
0.177640 1.240200
0.177660 1.249100
0.177680 1.250700
0.177700 1.169300
0.177720 1.222500
0.177740 1.212000
0.177760 1.280500
0.177780 1.318400
0.177800 1.255500
0.177820 1.336900
0.177840 1.367500
0.177860 1.352200
0.177880 1.295800
0.177900 1.355500
0.177920 1.326400
0.177940 1.147500
0.177960 1.350600
0.177980 1.328100
0.178000 1.314400
0.178020 1.327300
0.178040 1.293400
0.178060 1.300700
0.178080 1.333700
0.178100 1.278900
0.178120 1.133000
0.178140 1.235400
0.178160 1.652800
0.178180 2.059000
0.178200 2.562600
0.178220 2.881000
0.178240 2.847100
0.178260 2.868100
0.178280 2.565900
0.178300 2.201600
0.178320 1.816400
0.178340 1.568200
0.178360 1.344200
0.178380 1.118500
0.178400 1.313600
0.178420 1.257100
0.178440 1.377200
0.178460 1.391700
0.178480 1.490000
0.178500 1.550500
0.178520 1.588400
0.178540 1.560100
0.178560 1.636700
0.178580 1.572200
0.178600 1.498900
0.178620 1.301500
0.178640 1.410300
0.178660 1.317600
0.178680 1.170100
0.178700 1.266000
0.178720 1.251500
0.178740 1.151600
0.178760 1.301500
0.178780 1.292600
0.178800 1.335300
0.178820 1.355500
0.178840 1.359500
0.178860 1.341000
0.178880 1.402200
0.178900 1.331300
0.178920 1.365900
0.178940 1.375600
0.178960 1.372400
0.178980 1.373200
0.179000 1.353800
0.179020 1.236200
0.179040 1.293400
0.179060 0.992800
0.179080 1.320800
0.179100 1.006500
0.179120 1.337700
0.179140 1.043600
0.179160 1.556100
0.179180 1.851100
0.179200 2.302300
0.179220 2.602100
0.179240 2.804400
0.179260 2.742300
0.179280 2.471600
0.179300 2.102500
0.179320 1.765600
0.179340 1.550500
0.179360 1.299000
0.179380 1.211200
0.179400 1.137100
0.179420 1.144300
0.179440 1.208000
0.179460 1.241800
0.179480 1.450500
0.179500 1.568200
0.179520 1.643200
0.179540 1.653600
0.179560 1.674600
0.179580 1.598000
0.179600 1.566600
0.179620 1.496500
0.179640 1.396600
0.179660 1.166100
0.179680 1.121800
0.179700 1.110500
0.179720 1.226500
0.179740 1.212000
0.179760 1.259600
0.179780 1.256300
0.179800 1.248300
0.179820 1.281300
0.179840 1.353000
0.179860 1.357100
0.179880 1.061300
0.179900 1.396600
0.179920 1.386900
0.179940 1.404600
0.179960 1.343400
0.179980 1.339300
0.180000 1.341000
0.180020 1.253900
0.180040 1.246700
0.180060 1.436800
0.180080 1.746300
0.180100 2.204000
0.180120 2.626300
0.180140 2.839000
0.180160 2.863200
0.180180 2.702100
0.180200 2.391000
0.180220 2.017900
0.180240 1.688300
0.180260 1.502100
0.180280 1.341800
0.180300 1.299000
0.180320 1.174100
0.180340 1.275700
0.180360 1.325600
0.180380 1.428000
0.180400 1.466700
0.180420 1.556100
0.180440 1.608500
0.180460 1.635100
0.180480 1.608500
0.180500 1.549700
0.180520 1.483600
0.180540 1.407000
0.180560 1.216800
0.180580 1.250700
0.180600 1.176600
0.180620 1.220100
0.180640 1.150000
0.180660 1.241000
0.180680 1.273300
0.180700 1.217700
0.180720 1.279700
0.180740 1.355500
0.180760 1.264400
0.180780 1.350600
0.180800 1.345800
0.180820 1.364300
0.180840 1.336100
0.180860 1.365100
0.180880 1.333700
0.180900 1.285300
0.180920 1.141100
0.180940 1.195100
0.180960 1.309500
0.180980 1.504500
0.181000 1.844600
0.181020 2.366000
0.181040 2.791500
0.181060 2.889800
0.181080 2.881800
0.181100 2.743200
0.181120 2.343400
0.181140 1.984800
0.181160 1.656800
0.181180 1.484400
0.181200 1.284500
0.181220 1.327300
0.181240 1.268400
0.181260 1.367500
0.181280 1.370800
0.181300 1.382900
0.181320 1.486800
0.181340 1.563400
0.181360 1.407800
0.181380 1.580300
0.181400 1.559300
0.181420 1.407800
0.181440 1.450500
0.181460 1.378000
0.181480 1.350600
0.181500 1.196700
0.181520 1.058900
0.181540 1.233800
0.181560 1.147500
0.181580 1.257100
0.181600 1.249100
0.181620 1.287000
0.181640 1.331300
0.181660 1.317600
0.181680 1.336900
0.181700 1.356300
0.181720 1.366700
0.181740 1.350600
0.181760 1.335300
0.181780 1.352200
0.181800 1.352200
0.181820 1.345800
0.181840 1.337700
0.181860 1.317600
0.181880 1.302300
0.181900 1.282100
0.181920 1.386100
0.181940 1.653600
0.181960 2.104900
0.181980 2.553000
0.182000 2.864000
0.182020 2.885000
0.182040 2.818100
0.182060 2.481200
0.182080 2.113800
0.182100 1.766400
0.182120 1.518200
0.182140 1.430400
0.182160 1.347400
0.182180 1.338500
0.182200 1.311900
0.182220 1.381200
0.182240 1.436000
0.182260 1.444100
0.182280 1.549700
0.182300 1.580300
0.182320 1.559300
0.182340 1.566600
0.182360 1.475500
0.182380 1.417500
0.182400 1.448100
0.182420 1.291000
0.182440 1.262000
0.182460 1.272500
0.182480 1.216800
0.182500 1.243400
0.182520 1.259600
0.182540 1.278900
0.182560 1.192700
0.182580 1.227300
0.182600 1.303900
0.182620 1.266000
0.182640 1.378800
0.182660 1.391700
0.182680 1.417500
0.182700 1.379600
0.182720 1.392500
0.182740 1.353000
0.182760 1.366700
0.182780 1.352200
0.182800 1.350600
0.182820 1.299000
0.182840 1.347400
0.182860 1.486800
0.182880 1.864800
0.182900 2.282200
0.182920 2.624700
0.182940 2.764100
0.182960 2.706900
0.182980 2.438500
0.183000 2.111400
0.183020 1.757600
0.183040 1.400600
0.183060 1.323200
0.183080 1.241800
0.183100 1.191900
0.183120 1.132200
0.183140 1.222500
0.183160 1.313600
0.183180 1.473900
0.183200 1.535200
0.183220 1.663300
0.183240 1.683400
0.183260 1.668900
0.183280 1.632700
0.183300 1.564200
0.183320 1.440900
0.183340 1.363500
0.183360 1.345800
0.183380 1.198300
0.183400 1.286200
0.183420 1.191900
0.183440 0.949300
0.183460 1.237800
0.183480 1.307900
0.183500 1.262000
0.183520 1.360300
0.183540 1.327300
0.183560 1.395800
0.183580 1.421500
0.183600 1.328900
0.183620 1.411900
0.183640 1.407000
0.183660 1.407800
0.183680 1.391700
0.183700 1.109700
0.183720 1.536800
0.183740 1.811600
0.183760 2.249200
0.183780 2.698000
0.183800 2.877700
0.183820 2.877700
0.183840 2.716600
0.183860 2.431300
0.183880 2.020300
0.183900 1.751100
0.183920 1.551300
0.183940 1.360300
0.183960 1.315200
0.183980 1.361900
0.184000 1.357900
0.184020 1.303100
0.184040 1.328900
0.184060 1.528700
0.184080 1.537600
0.184100 1.550500
0.184120 1.627800
0.184140 1.520700
0.184160 1.544000
0.184180 1.482000
0.184200 1.337700
0.184220 1.349800
0.184240 1.298200
0.184260 1.298200
0.184280 1.259600
0.184300 1.121000
0.184320 1.306300
0.184340 1.297400
0.184360 1.167700
0.184380 1.272500
0.184400 1.314400
0.184420 1.344200
0.184440 1.362700
0.184460 1.162900
0.184480 1.342600
0.184500 1.377200
0.184520 1.387700
0.184540 1.294200
0.184560 1.347400
0.184580 1.324800
0.184600 1.318400
0.184620 1.289400
0.184640 1.344200
0.184660 1.434400
0.184680 1.755200
0.184700 2.237900
0.184720 2.719800
0.184740 2.890600
0.184760 2.891400
0.184780 2.864000
0.184800 2.569100
0.184820 2.119400
0.184840 1.797100
0.184860 1.592400
0.184880 1.451400
0.184900 1.377200
0.184920 1.344200
0.184940 1.389300
0.184960 1.133800
0.184980 1.434400
0.185000 1.488400
0.185020 1.548100
0.185040 1.460200
0.185060 1.570600
0.185080 1.573800
0.185100 1.511800
0.185120 1.456200
0.185140 1.406200
0.185160 1.284500
0.185180 1.298200
0.185200 1.271600
0.185220 1.157200
0.185240 1.150000
0.185260 1.250700
0.185280 1.292600
0.185300 1.271600
0.185320 1.198300
0.185340 1.311100
0.185360 1.365100
0.185380 1.370000
0.185400 1.336100
0.185420 1.357100
0.185440 1.360300
0.185460 1.373200
0.185480 1.305500
0.185500 1.298200
0.185520 1.253100
0.185540 1.262000
0.185560 1.299000
0.185580 1.278900
0.185600 1.284500
0.185620 1.137100
0.185640 1.287000
0.185660 1.262800
0.185680 1.317600
0.185700 1.323200
0.185720 1.299000
0.185740 1.332100
0.185760 1.436800
0.185780 1.682600
0.185800 2.171000
0.185820 2.698000
0.185840 2.910000
0.185860 2.893800
0.185880 2.900300
0.185900 2.694800
0.185920 2.253200
0.185940 1.814000
0.185960 1.591600
0.185980 1.391700
0.186000 1.306300
0.186020 1.243400
0.186040 1.332900
0.186060 1.378000
0.186080 1.440100
0.186100 1.507800
0.186120 1.552900
0.186140 1.598000
0.186160 1.623800
0.186180 1.550500
0.186200 1.573000
0.186220 1.487600
0.186240 1.350600
0.186260 1.348200
0.186280 1.199900
0.186300 1.292600
0.186320 1.257100
0.186340 1.233000
0.186360 1.192700
0.186380 1.310300
0.186400 1.345800
0.186420 1.365100
0.186440 1.349800
0.186460 1.387700
0.186480 1.383700
0.186500 1.395800
0.186520 1.072600
0.186540 1.378800
0.186560 1.358700
0.186580 1.369200
0.186600 1.341000
0.186620 1.257900
0.186640 1.301500
0.186660 1.237000
0.186680 1.245100
0.186700 1.278100
0.186720 1.243400
0.186740 1.318400
0.186760 1.204000
0.186780 1.295000
0.186800 1.094400
0.186820 1.329700
0.186840 1.456200
0.186860 1.690700
0.186880 2.078300
0.186900 2.491700
0.186920 2.777000
0.186940 2.810800
0.186960 2.652100
0.186980 2.280600
0.187000 1.960700
0.187020 1.689100
0.187040 1.466700
0.187060 1.314400
0.187080 1.112100
0.187100 1.185400
0.187120 1.188600
0.187140 1.278900
0.187160 1.307100
0.187180 1.515000
0.187200 1.614100
0.187220 1.650400
0.187240 1.695500
0.187260 1.652000
0.187280 1.591600
0.187300 1.494100
0.187320 1.379600
0.187340 1.370800
0.187360 1.195900
0.187380 1.239400
0.187400 1.204000
0.187420 1.275700
0.187440 1.249900
0.187460 1.291000
0.187480 1.279700
0.187500 1.273300
0.187520 1.341800
0.187540 1.370000
0.187560 1.270000
0.187580 1.397400
0.187600 1.412700
0.187620 1.399000
0.187640 1.349800
0.187660 1.370800
0.187680 1.305500
0.187700 1.319200
0.187720 1.153200
0.187740 1.248300
0.187760 1.254700
0.187780 1.302300
0.187800 1.306300
0.187820 1.322400
0.187840 1.406200
0.187860 1.652800
0.187880 2.018700
0.187900 2.465100
0.187920 2.861600
0.187940 2.895500
0.187960 2.869700
0.187980 2.631100
0.188000 2.188700
0.188020 1.861500
0.188040 1.611700
0.188060 1.456200
0.188080 1.280500
0.188100 1.320000
0.188120 1.305500
0.188140 1.341800
0.188160 1.432800
0.188180 1.458600
0.188200 1.489200
0.188220 1.276500
0.188240 1.575500
0.188260 1.578700
0.188280 1.539200
0.188300 1.488400
0.188320 1.411100
0.188340 1.303900
0.188360 1.314400
0.188380 1.089500
0.188400 1.018600
0.188420 1.249100
0.188440 1.258800
0.188460 1.282100
0.188480 1.161200
0.188500 1.318400
0.188520 1.332900
0.188540 1.220100
0.188560 1.385300
0.188580 1.350600
0.188600 1.070200
0.188620 1.353800
0.188640 1.197500
0.188660 1.291800
0.188680 1.324800
0.188700 1.321600
0.188720 1.307100
0.188740 1.298200
0.188760 1.311900
0.188780 1.218500
0.188800 1.309500
0.188820 1.158000
0.188840 1.311900
0.188860 1.318400
0.188880 1.346600
0.188900 1.602100
0.188920 1.978400
0.188940 2.503000
0.188960 2.856800
0.188980 2.887400
0.189000 2.898700
0.189020 2.664200
0.189040 2.274100
0.189060 1.881700
0.189080 1.616600
0.189100 1.399800
0.189120 1.135500
0.189140 1.322400
0.189160 1.301500
0.189180 1.374000
0.189200 1.401400
0.189220 1.405400
0.189240 1.322400
0.189260 1.581100
0.189280 1.616600
0.189300 1.559300
0.189320 1.558500
0.189340 1.446500
0.189360 1.315200
0.189380 1.353000
0.189400 1.300700
0.189420 1.256300
0.189440 1.233000
0.189460 1.264400
0.189480 1.236200
0.189500 1.067000
0.189520 1.287000
0.189540 1.332100
0.189560 0.999300
0.189580 1.237000
0.189600 1.354700
0.189620 1.350600
0.189640 1.369200
0.189660 1.378000
0.189680 1.137100
0.189700 1.324800
0.189720 1.291800
0.189740 1.311900
0.189760 1.278100
0.189780 1.037900
0.189800 1.311900
0.189820 1.278900
0.189840 1.246700
0.189860 1.241000
0.189880 1.244200
0.189900 1.319200
0.189920 1.239400
0.189940 1.368400
0.189960 1.513400
0.189980 1.843800
0.190000 2.243500
0.190020 2.714900
0.190040 2.843100
0.190060 2.847900
0.190080 2.649700
0.190100 2.261200
0.190120 1.877700
0.190140 1.618200
0.190160 1.429600
0.190180 1.337700
0.190200 1.166100
0.190220 1.288600
0.190240 1.212000
0.190260 1.289400
0.190280 1.390900
0.190300 1.484400
0.190320 1.501300
0.190340 1.624600
0.190360 1.594800
0.190380 1.598800
0.190400 1.531100
0.190420 1.464200
0.190440 1.335300
0.190460 1.324000
0.190480 1.273300
0.190500 1.278100
0.190520 1.313600
0.190540 1.170900
0.190560 1.226500
0.190580 1.289400
0.190600 1.305500
0.190620 1.224900
0.190640 1.317600
0.190660 1.366700
0.190680 1.404600
0.190700 1.233000
0.190720 1.357900
0.190740 1.364300
0.190760 1.330500
0.190780 1.223300
0.190800 1.353800
0.190820 1.303100
0.190840 1.326400
0.190860 1.289400
0.190880 1.234600
0.190900 1.143500
0.190920 1.269200
0.190940 1.339300
0.190960 1.404600
0.190980 1.645600
0.191000 1.986400
0.191020 2.441000
0.191040 2.714900
0.191060 2.775400
0.191080 2.620700
0.191100 2.304800
0.191120 1.959900
0.191140 1.637500
0.191160 1.420700
0.191180 1.208000
0.191200 1.103200
0.191220 1.172500
0.191240 1.250700
0.191260 1.237000
0.191280 1.260400
0.191300 1.477900
0.191320 1.587500
0.191340 1.621400
0.191360 1.660100
0.191380 1.628600
0.191400 1.587500
0.191420 1.492500
0.191440 1.399000
0.191460 1.325600
0.191480 1.187000
0.191500 1.240200
0.191520 1.216000
0.191540 1.203200
0.191560 1.266000
0.191580 1.277300
0.191600 1.164500
0.191620 1.274100
0.191640 1.361900
0.191660 1.371600
0.191680 1.288600
0.191700 1.394900
0.191720 1.363500
0.191740 1.233000
0.191760 1.351400
0.191780 1.308700
0.191800 1.327300
0.191820 1.310300
0.191840 1.311900
0.191860 1.334500
0.191880 1.237000
0.191900 1.117700
0.191920 1.319200
0.191940 1.357900
0.191960 1.506200
0.191980 1.793800
0.192000 2.272500
0.192020 2.707700
0.192040 2.893000
0.192060 2.912400
0.192080 2.670600
0.192100 2.347500
0.192120 1.971100
0.192140 1.688300
0.192160 1.491600
0.192180 1.390100
0.192200 1.316800
0.192220 1.337700
0.192240 1.358700
0.192260 1.355500
0.192280 1.461800
0.192300 1.519900
0.192320 1.539200
0.192340 1.444900
0.192360 1.557700
0.192380 1.567400
0.192400 1.488400
0.192420 1.444100
0.192440 1.376400
0.192460 1.295000
0.192480 1.282100
0.192500 1.224900
0.192520 1.225700
0.192540 1.233800
0.192560 1.246700
0.192580 1.216000
0.192600 1.300700
0.192620 1.085500
0.192640 1.375600
0.192660 1.266000
0.192680 1.362700
0.192700 1.328100
0.192720 1.379600
0.192740 1.395800
0.192760 1.126600
0.192780 1.327300
0.192800 1.248300
0.192820 1.172500
0.192840 1.282100
0.192860 1.296600
0.192880 1.295000
0.192900 1.295000
0.192920 1.342600
0.192940 1.336900
0.192960 1.316800
0.192980 1.334500
0.193000 1.511000
0.193020 1.854300
0.193040 2.320100
0.193060 2.724600
0.193080 2.882600
0.193100 2.869700
0.193120 2.717400
0.193140 2.361200
0.193160 1.985600
0.193180 1.680200
0.193200 1.508600
0.193220 1.375600
0.193240 1.402200
0.193260 1.413500
0.193280 1.424000
0.193300 1.424000
0.193320 1.492500
0.193340 1.538400
0.193360 1.553700
0.193380 1.613300
0.193400 1.610900
0.193420 1.573000
0.193440 1.374800
0.193460 1.453800
0.193480 1.419900
0.193500 1.239400
0.193520 1.310300
0.193540 1.092700
0.193560 1.245900
0.193580 1.274100
0.193600 1.326400
0.193620 1.335300
0.193640 1.328100
0.193660 1.268400
0.193680 1.324800
0.193700 1.385300
0.193720 1.388500
0.193740 1.389300
0.193760 1.380400
0.193780 1.385300
0.193800 1.113700
0.193820 1.311900
0.193840 1.350600
0.193860 1.316000
0.193880 1.263600
0.193900 1.291800
0.193920 1.283700
0.193940 1.271600
0.193960 1.314400
0.193980 1.263600
0.194000 1.283700
0.194020 1.357100
0.194040 1.394900
0.194060 1.651200
0.194080 2.048500
0.194100 2.511100
0.194120 2.792300
0.194140 2.849500
0.194160 2.718200
0.194180 2.346700
0.194200 2.040400
0.194220 1.731000
0.194240 1.548100
0.194260 1.450500
0.194280 1.364300
0.194300 1.399000
0.194320 1.411100
0.194340 1.446500
0.194360 1.486800
0.194380 1.550500
0.194400 1.596400
0.194420 1.544000
0.194440 1.676200
0.194460 1.637500
0.194480 1.594800
0.194500 1.531100
0.194520 1.418300
0.194540 1.331300
0.194560 1.353000
0.194580 1.328100
0.194600 1.321600
0.194620 1.287000
0.194640 1.307100
0.194660 1.319200
0.194680 1.369200
0.194700 1.279700
0.194720 1.405400
0.194740 1.407800
0.194760 1.411100
0.194780 1.403800
0.194800 1.428800
0.194820 1.370000
0.194840 1.380400
0.194860 1.328100
0.194880 1.365900
0.194900 1.311900
0.194920 1.307900
0.194940 1.244200
0.194960 1.327300
0.194980 1.287000
0.195000 1.353000
0.195020 1.359500
0.195040 1.353800
0.195060 1.377200
0.195080 1.386900
0.195100 1.798700
0.195120 2.239500
0.195140 2.644800
0.195160 2.781000
0.195180 2.764900
0.195200 2.514300
0.195220 2.133900
0.195240 1.822100
0.195260 1.606100
0.195280 1.432800
0.195300 1.365100
0.195320 1.247500
0.195340 1.336100
0.195360 1.357100
0.195380 1.403000
0.195400 1.496500
0.195420 1.584300
0.195440 1.566600
0.195460 1.665700
0.195480 1.664100
0.195500 1.617400
0.195520 1.585900
0.195540 1.477100
0.195560 1.403800
0.195580 1.334500
0.195600 1.295800
0.195620 1.284500
0.195640 1.262000
0.195660 1.301500
0.195680 1.322400
0.195700 1.154000
0.195720 1.350600
0.195740 1.384500
0.195760 1.398200
0.195780 1.422300
0.195800 1.415100
0.195820 1.411900
0.195840 1.226500
0.195860 1.366700
0.195880 1.365900
0.195900 1.341800
0.195920 1.332100
0.195940 1.285300
0.195960 1.316800
0.195980 1.263600
0.196000 1.220900
0.196020 1.310300
0.196040 1.326400
0.196060 1.335300
0.196080 1.269200
0.196100 1.340100
0.196120 1.357100
0.196140 1.471500
0.196160 1.722900
0.196180 2.242700
0.196200 2.714100
0.196220 2.879300
0.196240 2.893000
0.196260 2.816500
0.196280 2.436900
0.196300 2.041200
0.196320 1.743100
0.196340 1.566600
0.196360 1.450500
0.196380 1.389300
0.196400 1.428000
0.196420 1.469900
0.196440 1.485200
0.196460 1.482000
0.196480 1.560100
0.196500 1.541600
0.196520 1.626200
0.196540 1.606100
0.196560 1.583500
0.196580 1.566600
0.196600 1.477100
0.196620 1.447300
0.196640 1.367500
0.196660 1.306300
0.196680 1.321600
0.196700 1.291800
0.196720 1.287800
0.196740 1.204800
0.196760 1.201500
0.196780 1.298200
0.196800 1.239400
0.196820 1.256300
0.196840 1.378000
0.196860 1.208800
0.196880 1.302300
0.196900 1.349000
0.196920 1.378000
0.196940 1.350600
0.196960 1.268400
0.196980 1.306300
0.197000 1.198300
0.197020 1.305500
0.197040 1.307900
0.197060 1.316800
0.197080 1.203200
0.197100 1.179000
0.197120 1.293400
0.197140 1.293400
0.197160 1.345800
0.197180 1.341000
0.197200 1.268400
0.197220 1.307100
0.197240 1.305500
0.197260 1.523900
0.197280 1.814800
0.197300 2.351500
0.197320 2.777000
0.197340 2.893000
0.197360 2.886600
0.197380 2.710100
0.197400 2.345100
0.197420 1.984000
0.197440 1.561800
0.197460 1.500500
0.197480 1.266800
0.197500 1.370800
0.197520 1.375600
0.197540 1.324000
0.197560 1.480400
0.197580 1.431200
0.197600 1.577100
0.197620 1.599600
0.197640 1.582700
0.197660 1.614900
0.197680 1.583500
0.197700 1.549700
0.197720 1.459400
0.197740 1.357900
0.197760 1.254700
0.197780 1.291800
0.197800 1.195900
0.197820 1.051600
0.197840 1.270000
0.197860 1.295800
0.197880 1.291000
0.197900 1.193500
0.197920 1.260400
0.197940 1.340100
0.197960 1.367500
0.197980 1.370000
0.198000 1.379600
0.198020 1.382100
0.198040 1.349800
0.198060 1.378000
0.198080 1.224100
0.198100 1.320800
0.198120 1.307100
0.198140 1.275700
0.198160 1.287000
0.198180 1.286200
0.198200 1.056500
0.198220 1.289400
0.198240 1.262000
0.198260 1.282900
0.198280 1.213600
0.198300 1.277300
0.198320 1.320000
0.198340 1.382900
0.198360 1.509400
0.198380 1.843000
0.198400 2.300700
0.198420 2.674700
0.198440 2.869700
0.198460 2.840700
0.198480 2.601300
0.198500 2.269300
0.198520 1.906700
0.198540 1.654400
0.198560 1.461000
0.198580 1.371600
0.198600 1.199100
0.198620 1.299900
0.198640 1.361900
0.198660 1.333700
0.198680 1.504500
0.198700 1.577900
0.198720 1.603700
0.198740 1.676200
0.198760 1.649600
0.198780 1.630300
0.198800 1.580300
0.198820 1.480400
0.198840 1.403800
0.198860 1.344200
0.198880 1.288600
0.198900 1.250700
0.198920 1.102400
0.198940 1.125800
0.198960 1.262800
0.198980 1.185400
0.199000 0.999300
0.199020 1.293400
0.199040 1.316000
0.199060 1.306300
0.199080 1.173300
0.199100 1.317600
0.199120 1.329700
0.199140 1.214400
0.199160 1.357100
0.199180 1.346600
0.199200 1.320800
0.199220 1.347400
0.199240 1.166100
0.199260 1.218500
0.199280 1.304700
0.199300 1.320000
0.199320 1.345000
0.199340 1.330500
0.199360 1.266000
0.199380 1.361900
0.199400 1.497300
0.199420 1.779300
0.199440 2.191100
0.199460 2.575500
0.199480 2.764900
0.199500 2.714100
0.199520 2.532000
0.199540 2.187100
0.199560 1.843800
0.199580 1.608500
0.199600 1.232200
0.199620 1.315200
0.199640 1.111300
0.199660 1.103200
0.199680 1.313600
0.199700 1.361100
0.199720 1.457000
0.199740 1.559300
0.199760 1.649600
0.199780 1.582700
0.199800 1.635100
0.199820 1.623800
0.199840 1.456200
0.199860 1.482000
0.199880 1.418300
0.199900 1.340100
0.199920 1.298200
0.199940 1.081500
0.199960 1.187800
0.199980 1.205600
0.200000 1.263600
0.200020 1.295800
0.200040 1.273300
0.200060 1.279700
0.200080 1.353800
0.200100 1.280500
0.200120 1.362700
0.200140 1.378800
0.200160 1.408600
0.200180 1.299900
0.200200 1.372400
0.200220 1.355500
0.200240 1.335300
0.200260 1.265200
0.200280 1.316000
0.200300 1.295800
0.200320 1.301500
0.200340 1.173300
0.200360 1.328100
0.200380 1.338500
0.200400 1.337700
0.200420 1.232200
0.200440 1.470700
0.200460 1.724500
0.200480 2.138800
0.200500 2.586800
0.200520 2.839900
0.200540 2.884200
0.200560 2.728600
0.200580 2.387800
0.200600 2.019500
0.200620 1.731800
0.200640 1.372400
0.200660 1.419100
0.200680 1.370000
0.200700 1.367500
0.200720 1.357100
0.200740 1.425600
0.200760 1.479600
0.200780 1.528700
0.200800 1.577900
0.200820 1.581900
0.200840 1.627800
0.200860 1.569800
0.200880 1.517400
0.200900 1.301500
0.200920 1.376400
0.200940 1.366700
0.200960 1.301500
0.200980 1.274900
0.201000 1.245900
0.201020 1.232200
0.201040 0.944500
0.201060 1.174100
0.201080 1.328900
0.201100 1.340100
0.201120 1.330500
0.201140 1.374800
0.201160 1.408600
0.201180 1.390100
0.201200 1.424800
0.201220 1.101600
0.201240 1.354700
0.201260 1.337700
0.201280 1.347400
0.201300 1.339300
0.201320 1.355500
0.201340 1.316000
0.201360 1.233000
0.201380 1.319200
0.201400 1.311100
0.201420 1.347400
0.201440 1.337700
0.201460 1.200700
0.201480 1.345800
0.201500 1.364300
0.201520 1.374000
0.201540 1.417500
0.201560 1.638300
0.201580 1.938100
0.201600 2.398200
0.201620 2.797900
0.201640 2.873700
0.201660 2.863200
0.201680 2.628700
0.201700 2.253200
0.201720 1.911500
0.201740 1.649600
0.201760 1.518200
0.201780 1.294200
0.201800 1.311100
0.201820 1.378000
0.201840 1.346600
0.201860 1.418300
0.201880 1.446500
0.201900 1.570600
0.201920 1.545600
0.201940 1.652800
0.201960 1.624600
0.201980 1.605300
0.202000 1.527900
0.202020 1.461000
0.202040 1.415900
0.202060 1.344200
0.202080 1.314400
0.202100 1.284500
0.202120 1.288600
0.202140 1.251500
0.202160 1.282100
0.202180 1.351400
0.202200 1.349800
0.202220 1.374800
0.202240 1.233000
0.202260 1.372400
0.202280 1.396600
0.202300 1.263600
0.202320 1.424000
0.202340 1.411900
0.202360 1.363500
0.202380 1.390100
0.202400 1.378000
0.202420 1.321600
0.202440 1.365900
0.202460 1.269200
0.202480 1.372400
0.202500 1.332900
0.202520 1.368400
0.202540 1.253900
0.202560 1.382100
0.202580 1.353800
0.202600 1.379600
0.202620 1.341000
0.202640 1.415100
0.202660 1.516600
0.202680 1.728600
0.202700 2.052500
0.202720 2.497400
0.202740 2.755200
0.202760 2.816500
0.202780 2.637600
0.202800 2.341000
0.202820 1.999300
0.202840 1.700400
0.202860 1.467500
0.202880 1.287800
0.202900 1.235400
0.202920 1.207200
0.202940 1.192700
0.202960 1.208000
0.202980 1.453800
0.203000 1.543200
0.203020 1.625400
0.203040 1.675400
0.203060 1.666500
0.203080 1.448900
0.203100 1.624600
0.203120 1.503700
0.203140 1.311900
0.203160 1.344200
0.203180 1.299900
0.203200 1.266800
0.203220 1.262000
0.203240 1.205600
0.203260 1.252300
0.203280 1.185400
0.203300 1.327300
0.203320 1.372400
0.203340 1.417500
0.203360 1.075000
0.203380 1.413500
0.203400 1.444900
0.203420 1.407000
0.203440 1.415900
0.203460 1.424000
0.203480 1.258800
0.203500 1.376400
0.203520 1.207200
0.203540 1.345800
0.203560 1.353000
0.203580 1.354700
0.203600 1.257900
0.203620 1.346600
0.203640 1.359500
0.203660 1.262000
0.203680 1.465900
0.203700 1.788200
0.203720 2.210500
0.203740 2.641600
0.203760 2.871300
0.203780 2.868100
0.203800 2.756800
0.203820 2.431300
0.203840 2.162100
0.203860 1.737400
0.203880 1.531900
0.203900 1.428800
0.203920 1.343400
0.203940 1.220900
0.203960 1.378800
0.203980 1.302300
0.204000 1.422300
0.204020 1.480400
0.204040 1.496500
0.204060 1.630300
0.204080 1.639900
0.204100 1.610100
0.204120 1.588400
0.204140 1.506200
0.204160 1.432000
0.204180 1.391700
0.204200 1.253900
0.204220 1.237000
0.204240 1.284500
0.204260 1.187000
0.204280 1.266800
0.204300 1.328900
0.204320 1.356300
0.204340 1.334500
0.204360 1.360300
0.204380 1.390100
0.204400 1.400600
0.204420 1.368400
0.204440 1.391700
0.204460 1.416700
0.204480 1.382100
0.204500 1.390900
0.204520 1.402200
0.204540 1.398200
0.204560 1.359500
0.204580 1.320800
0.204600 1.372400
0.204620 1.343400
0.204640 1.359500
0.204660 1.345800
0.204680 1.321600
0.204700 1.353800
0.204720 1.370000
0.204740 1.399800
0.204760 1.485200
0.204780 1.666500
0.204800 2.101700
0.204820 2.485300
0.204840 2.872900
0.204860 2.881000
0.204880 2.864800
0.204900 2.600500
0.204920 2.245900
0.204940 1.864000
0.204960 1.624600
0.204980 1.466700
0.205000 1.394900
0.205020 1.215200
0.205040 1.147500
0.205060 1.428000
0.205080 1.350600
0.205100 1.511800
0.205120 1.572200
0.205140 1.523100
0.205160 1.604500
0.205180 1.593200
0.205200 1.590000
0.205220 1.538400
0.205240 1.392500
0.205260 1.404600
0.205280 1.360300
0.205300 1.015400
0.205320 1.148400
0.205340 1.257100
0.205360 1.264400
0.205380 1.200700
0.205400 1.340100
0.205420 1.374000
0.205440 1.131400
0.205460 1.349000
0.205480 1.338500
0.205500 1.419100
0.205520 1.309500
0.205540 1.371600
0.205560 1.325600
0.205580 1.408600
0.205600 1.364300
0.205620 1.272500
0.205640 1.363500
0.205660 1.316800
0.205680 1.180600
0.205700 1.349000
0.205720 1.359500
0.205740 1.240200
0.205760 1.371600
0.205780 1.394900
0.205800 1.274100
0.205820 1.395800
0.205840 1.311900
0.205860 1.327300
0.205880 1.449700
0.205900 1.544800
0.205920 1.893000
0.205940 2.320900
0.205960 2.636800
0.205980 2.768100
0.206000 2.732700
0.206020 2.482100
0.206040 2.181500
0.206060 1.855900
0.206080 1.608500
0.206100 1.416700
0.206120 1.279700
0.206140 1.212000
0.206160 1.228100
0.206180 1.282900
0.206200 1.299900
0.206220 1.470700
0.206240 1.488400
0.206260 1.660900
0.206280 1.689900
0.206300 1.664900
0.206320 1.676200
0.206340 1.405400
0.206360 1.533600
0.206380 1.450500
0.206400 1.268400
0.206420 1.345000
0.206440 1.295000
0.206460 1.116100
0.206480 1.169300
0.206500 1.166100
0.206520 1.267600
0.206540 1.370000
0.206560 1.416700
0.206580 1.393300
0.206600 1.428000
0.206620 1.412700
0.206640 1.441700
0.206660 1.411100
0.206680 1.328100
0.206700 1.390900
0.206720 1.380400
0.206740 1.390900
0.206760 1.364300
0.206780 1.304700
0.206800 1.364300
0.206820 1.360300
0.206840 1.330500
0.206860 1.345800
0.206880 1.343400
0.206900 1.373200
0.206920 1.519000
0.206940 1.761600
0.206960 2.134700
0.206980 2.532000
0.207000 2.813300
0.207020 2.816500
0.207040 2.652900
0.207060 2.359600
0.207080 2.014700
0.207100 1.718100
0.207120 1.572200
0.207140 1.431200
0.207160 1.287000
0.207180 1.250700
0.207200 1.345000
0.207220 1.381200
0.207240 1.446500
0.207260 1.400600
0.207280 1.594000
0.207300 1.620600
0.207320 1.635900
0.207340 1.598800
0.207360 1.590800
0.207380 1.455400
0.207400 1.446500
0.207420 1.347400
0.207440 1.364300
0.207460 1.163700
0.207480 1.282100
0.207500 0.940400
0.207520 1.261200
0.207540 1.278900
0.207560 1.159600
0.207580 1.298200
0.207600 1.392500
0.207620 1.391700
0.207640 1.407800
0.207660 1.407800
0.207680 1.366700
0.207700 1.422300
0.207720 1.403000
0.207740 1.374000
0.207760 1.357900
0.207780 1.345800
0.207800 1.062100
0.207820 1.374800
0.207840 1.261200
0.207860 1.342600
0.207880 1.314400
0.207900 1.347400
0.207920 1.397400
0.207940 1.360300
0.207960 1.356300
0.207980 1.495700
0.208000 1.681800
0.208020 2.068600
0.208040 2.536000
0.208060 2.848700
0.208080 2.881000
0.208100 2.854400
0.208120 2.661000
0.208140 2.263700
0.208160 1.979200
0.208180 1.656800
0.208200 1.529500
0.208220 1.432800
0.208240 1.390900
0.208260 1.426400
0.208280 1.449700
0.208300 1.491600
0.208320 1.491600
0.208340 1.552900
0.208360 1.611700
0.208380 1.631900
0.208400 1.603700
0.208420 1.559300
0.208440 1.553700
0.208460 1.459400
0.208480 1.447300
0.208500 1.229700
0.208520 1.307900
0.208540 1.296600
0.208560 1.207200
0.208580 1.324000
0.208600 1.266800
0.208620 1.349800
0.208640 1.319200
0.208660 1.394900
0.208680 1.405400
0.208700 1.432000
0.208720 1.396600
0.208740 1.457000
0.208760 1.375600
0.208780 1.407800
0.208800 1.310300
0.208820 1.392500
0.208840 1.379600
0.208860 1.301500
0.208880 1.393300
0.208900 1.365900
0.208920 1.270800
0.208940 1.353000
0.208960 1.362700
0.208980 1.365900
0.209000 1.387700
0.209020 1.399000
0.209040 1.356300
0.209060 1.361900
0.209080 1.494100
0.209100 1.788200
0.209120 2.270900
0.209140 2.667400
0.209160 2.880100
0.209180 2.891400
0.209200 2.841500
0.209220 2.497400
0.209240 2.065400
0.209260 1.779300
0.209280 1.440900
0.209300 1.339300
0.209320 1.303900
0.209340 1.335300
0.209360 1.266800
0.209380 1.417500
0.209400 1.398200
0.209420 1.540800
0.209440 1.586700
0.209460 1.619800
0.209480 1.494100
0.209500 1.622200
0.209520 1.570600
0.209540 1.519900
0.209560 1.461800
0.209580 1.361100
0.209600 1.360300
0.209620 1.224900
0.209640 1.272500
0.209660 1.308700
0.209680 1.299000
0.209700 1.318400
0.209720 1.352200
0.209740 1.381200
0.209760 1.381200
0.209780 1.448900
0.209800 1.336900
0.209820 1.405400
0.209840 1.415900
0.209860 1.391700
0.209880 1.437700
0.209900 1.403800
0.209920 1.287800
0.209940 1.368400
0.209960 1.361900
0.209980 1.379600
0.210000 1.172500
0.210020 1.312700
0.210040 1.389300
0.210060 1.376400
0.210080 1.384500
0.210100 1.386100
0.210120 1.425600
0.210140 1.631900
0.210160 1.877700
0.210180 2.300700
0.210200 2.655300
0.210220 2.752000
0.210240 2.739900
0.210260 2.499800
0.210280 2.172600
0.210300 1.812400
0.210320 1.599600
0.210340 1.371600
0.210360 1.249900
0.210380 1.228100
0.210400 1.224900
0.210420 1.163700
0.210440 1.361100
0.210460 1.469100
0.210480 1.571400
0.210500 1.584300
0.210520 1.651200
0.210540 1.687500
0.210560 1.561000
0.210580 1.327300
0.210600 1.494100
0.210620 1.191100
0.210640 1.361900
0.210660 1.282900
0.210680 1.198300
0.210700 1.249100
0.210720 0.959800
0.210740 1.086300
0.210760 1.220100
0.210780 1.333700
0.210800 1.386100
0.210820 1.440100
0.210840 1.398200
0.210860 1.444900
0.210880 1.380400
0.210900 1.232200
0.210920 1.423200
0.210940 1.419900
0.210960 1.288600
0.210980 1.272500
0.211000 1.282900
0.211020 1.382900
0.211040 1.342600
0.211060 1.379600
0.211080 1.395800
0.211100 1.489200
0.211120 1.657700
0.211140 2.005000
0.211160 2.455500
0.211180 2.744000
0.211200 2.869700
0.211220 2.778600
0.211240 2.476400
0.211260 2.142000
0.211280 1.782600
0.211300 1.582700
0.211320 1.411900
0.211340 1.272500
0.211360 1.282100
0.211380 1.260400
0.211400 1.353000
0.211420 1.391700
0.211440 1.482000
0.211460 1.573800
0.211480 1.591600
0.211500 1.641500
0.211520 1.597200
0.211540 1.594800
0.211560 1.547300
0.211580 1.473100
0.211600 1.311900
0.211620 1.296600
0.211640 1.283700
0.211660 1.249900
0.211680 1.260400
0.211700 1.280500
0.211720 1.308700
0.211740 1.329700
0.211760 1.384500
0.211780 1.400600
0.211800 1.421500
0.211820 1.304700
0.211840 1.430400
0.211860 1.392500
0.211880 1.430400
0.211900 1.424800
0.211920 1.377200
0.211940 1.390900
0.211960 1.373200
0.211980 1.358700
0.212000 1.369200
0.212020 1.345000
0.212040 1.347400
0.212060 1.337700
0.212080 1.392500
0.212100 1.503700
0.212120 1.732600
0.212140 2.111400
0.212160 2.524000
0.212180 2.830200
0.212200 2.874500
0.212220 2.870500
0.212240 2.561000
0.212260 2.266900
0.212280 1.942900
0.212300 1.702800
0.212320 1.587500
0.212340 1.483600
0.212360 1.486800
0.212380 1.473900
0.212400 1.482800
0.212420 1.482000
0.212440 1.549700
0.212460 1.570600
0.212480 1.604500
0.212500 1.635900
0.212520 1.641500
0.212540 1.611700
0.212560 1.563400
0.212580 1.469100
0.212600 1.433600
0.212620 1.390100
0.212640 1.356300
0.212660 1.150800
0.212680 1.263600
0.212700 1.155600
0.212720 1.295800
0.212740 1.217700
0.212760 1.340100
0.212780 1.339300
0.212800 1.360300
0.212820 1.394100
0.212840 1.370800
0.212860 1.333700
0.212880 1.411100
0.212900 1.392500
0.212920 1.328900
0.212940 1.333700
0.212960 1.366700
0.212980 1.287800
0.213000 1.369200
0.213020 1.368400
0.213040 1.353800
0.213060 1.376400
0.213080 1.376400
0.213100 1.246700
0.213120 1.395800
0.213140 1.520700
0.213160 1.804300
0.213180 2.162900
0.213200 2.428900
0.213220 2.617400
0.213240 2.568300
0.213260 2.396600
0.213280 2.145200
0.213300 1.861500
0.213320 1.619800
0.213340 1.498100
0.213360 1.394900
0.213380 1.287000
0.213400 1.170100
0.213420 1.283700
0.213440 1.407000
0.213460 1.511800
0.213480 1.606900
0.213500 1.666500
0.213520 1.739000
0.213540 1.634300
0.213560 1.733400
0.213580 1.654400
0.213600 1.579500
0.213620 1.446500
0.213640 1.390900
0.213660 1.384500
0.213680 1.318400
0.213700 1.246700
0.213720 1.336900
0.213740 1.368400
0.213760 1.394100
0.213780 1.392500
0.213800 1.357100
0.213820 1.445700
0.213840 1.299900
0.213860 1.431200
0.213880 1.432000
0.213900 1.403800
0.213920 1.349800
0.213940 1.320800
0.213960 1.353800
0.213980 1.418300
0.214000 1.444900
0.214020 1.562600
0.214040 1.839800
0.214060 2.211300
0.214080 2.539300
0.214100 2.730300
0.214120 2.706900
0.214140 2.450600
0.214160 2.255600
0.214180 1.949400
0.214200 1.702000
0.214220 1.313600
0.214240 1.407000
0.214260 1.392500
0.214280 1.253900
0.214300 1.350600
0.214320 1.385300
0.214340 1.485200
0.214360 1.579500
0.214380 1.659300
0.214400 1.706000
0.214420 1.726200
0.214440 1.682600
0.214460 1.645600
0.214480 1.531900
0.214500 1.422300
0.214520 1.307900
0.214540 1.328100
0.214560 1.309500
0.214580 1.299900
0.214600 1.311100
0.214620 1.289400
0.214640 1.312700
0.214660 1.369200
0.214680 1.399000
0.214700 1.357900
0.214720 1.440900
0.214740 1.459400
0.214760 1.457800
0.214780 1.464200
0.214800 1.452200
0.214820 1.408600
0.214840 1.411100
0.214860 1.299000
0.214880 1.392500
0.214900 1.220100
0.214920 1.527900
0.214940 1.956600
0.214960 2.424000
0.214980 2.807600
0.215000 2.890600
0.215020 2.891400
0.215040 2.752800
0.215060 2.429700
0.215080 2.034000
0.215100 1.740700
0.215120 1.577100
0.215140 1.266800
0.215160 1.054100
0.215180 1.372400
0.215200 1.384500
0.215220 1.398200
0.215240 1.443300
0.215260 1.503700
0.215280 1.561000
0.215300 1.469900
0.215320 1.641500
0.215340 1.634300
0.215360 1.581900
0.215380 1.454600
0.215400 1.466700
0.215420 1.399800
0.215440 1.286200
0.215460 1.316000
0.215480 1.275700
0.215500 1.256300
0.215520 1.028300
0.215540 1.269200
0.215560 1.329700
0.215580 1.349000
0.215600 1.355500
0.215620 1.245100
0.215640 1.394900
0.215660 1.399800
0.215680 1.390900
0.215700 1.393300
0.215720 1.308700
0.215740 1.365900
0.215760 1.374000
0.215780 1.114500
0.215800 1.363500
0.215820 1.269200
0.215840 1.269200
0.215860 1.586700
0.215880 1.934100
0.215900 2.465100
0.215920 2.888200
0.215940 2.899500
0.215960 2.910800
0.215980 2.896300
0.216000 2.664200
0.216020 2.254000
0.216040 1.839000
0.216060 1.624600
0.216080 1.444100
0.216100 1.386900
0.216120 1.378800
0.216140 1.370800
0.216160 1.324000
0.216180 1.432000
0.216200 1.482000
0.216220 1.490800
0.216240 1.566600
0.216260 1.573000
0.216280 1.584300
0.216300 1.544800
0.216320 1.294200
0.216340 1.348200
0.216360 1.384500
0.216380 1.122600
0.216400 1.218500
0.216420 1.112900
0.216440 1.271600
0.216460 1.202300
0.216480 1.257100
0.216500 1.245100
0.216520 1.305500
0.216540 1.247500
0.216560 1.382900
0.216580 1.349000
0.216600 1.336100
0.216620 1.305500
0.216640 1.285300
0.216660 1.273300
0.216680 1.252300
0.216700 1.274900
0.216720 1.253100
0.216740 1.270800
0.216760 1.334500
0.216780 1.317600
0.216800 1.320800
0.216820 1.314400
0.216840 1.350600
0.216860 1.371600
0.216880 1.386900
0.216900 1.585900
0.216920 1.950200
0.216940 2.475600
0.216960 2.887400
0.216980 2.910000
0.217000 2.894700
0.217020 2.885000
0.217040 2.676300
0.217060 2.237100
0.217080 1.801100
0.217100 1.619000
0.217120 1.461000
0.217140 1.305500
0.217160 1.401400
0.217180 1.314400
0.217200 1.404600
0.217220 1.265200
0.217240 1.474700
0.217260 1.497300
0.217280 1.481200
0.217300 1.545600
0.217320 1.533600
0.217340 1.532700
0.217360 1.474700
0.217380 1.366700
0.217400 1.351400
0.217420 1.322400
0.217440 1.315200
0.217460 1.254700
0.217480 1.147500
0.217500 1.263600
0.217520 1.314400
0.217540 1.319200
0.217560 1.336100
0.217580 1.280500
0.217600 1.364300
0.217620 1.327300
0.217640 1.363500
0.217660 1.246700
0.217680 1.243400
0.217700 1.378800
0.217720 1.363500
0.217740 1.318400
0.217760 1.254700
0.217780 1.321600
0.217800 1.314400
0.217820 1.321600
0.217840 1.199100
0.217860 1.166900
0.217880 1.248300
0.217900 1.313600
0.217920 1.333700
0.217940 1.341800
0.217960 1.224100
0.217980 1.382100
0.218000 1.560100
0.218020 1.901800
0.218040 2.463500
0.218060 2.839000
0.218080 2.887400
0.218100 2.896300
0.218120 2.709300
0.218140 2.328900
0.218160 1.909100
0.218180 1.649600
0.218200 1.439300
0.218220 1.303900
0.218240 1.321600
0.218260 1.353000
0.218280 1.384500
0.218300 1.278100
0.218320 1.486000
0.218340 1.494100
0.218360 1.547300
0.218380 1.548900
0.218400 1.480400
0.218420 1.538400
0.218440 1.463400
0.218460 1.445700
0.218480 1.388500
0.218500 1.268400
0.218520 1.304700
0.218540 1.289400
0.218560 1.108900
0.218580 1.221700
0.218600 1.309500
0.218620 1.328100
0.218640 1.185400
0.218660 1.150800
0.218680 1.328100
0.218700 1.322400
0.218720 1.365900
0.218740 1.288600
0.218760 1.199100
0.218780 1.303100
0.218800 1.328100
0.218820 1.365900
0.218840 1.336900
0.218860 1.303100
0.218880 1.223300
0.218900 1.317600
0.218920 1.318400
0.218940 1.308700
0.218960 1.253900
0.218980 1.327300
0.219000 1.248300
0.219020 1.257900
0.219040 1.321600
0.219060 1.335300
0.219080 1.495700
0.219100 1.799500
0.219120 2.258000
0.219140 2.650500
0.219160 2.868100
0.219180 2.851100
0.219200 2.569900
0.219220 2.263700
0.219240 1.892200
0.219260 1.500500
0.219280 1.456200
0.219300 1.288600
0.219320 1.301500
0.219340 1.292600
0.219360 1.321600
0.219380 1.387700
0.219400 1.443300
0.219420 1.475500
0.219440 1.560100
0.219460 1.595600
0.219480 1.577100
0.219500 1.536000
0.219520 1.489200
0.219540 1.499700
0.219560 1.415900
0.219580 1.347400
0.219600 1.320000
0.219620 1.195100
0.219640 1.170100
0.219660 1.239400
0.219680 1.295800
0.219700 1.249100
0.219720 1.308700
0.219740 1.205600
0.219760 1.352200
0.219780 1.388500
0.219800 1.424800
0.219820 1.387700
0.219840 1.364300
0.219860 1.303900
0.219880 1.126600
0.219900 1.386100
0.219920 1.343400
0.219940 1.317600
0.219960 1.253900
0.219980 1.300700
0.220000 1.349000
0.220020 1.328100
0.220040 1.091900
0.220060 1.348200
0.220080 1.380400
0.220100 1.674600
0.220120 2.081500
0.220140 2.496600
0.220160 2.723800
0.220180 2.727800
0.220200 2.586000
0.220220 2.306400
0.220240 1.951800
0.220260 1.580300
0.220280 1.457800
0.220300 1.295000
0.220320 1.310300
0.220340 1.266000
0.220360 1.228100
0.220380 1.311100
0.220400 1.411100
0.220420 1.452200
0.220440 1.569800
0.220460 1.618200
0.220480 1.589200
0.220500 1.623800
0.220520 1.585900
0.220540 1.420700
0.220560 1.359500
0.220580 1.191100
0.220600 1.201500
0.220620 1.270800
0.220640 1.243400
0.220660 1.248300
0.220680 1.234600
0.220700 1.307900
0.220720 1.325600
0.220740 1.367500
0.220760 1.215200
0.220780 1.373200
0.220800 1.379600
0.220820 1.362700
0.220840 1.382100
0.220860 1.377200
0.220880 1.386100
0.220900 1.254700
0.220920 1.348200
0.220940 1.278900
0.220960 1.351400
0.220980 1.170900
0.221000 1.353000
0.221020 1.295800
0.221040 1.266800
0.221060 1.308700
0.221080 1.362700
0.221100 1.511800
0.221120 1.788200
0.221140 2.171000
0.221160 2.649700
0.221180 2.854400
0.221200 2.851900
0.221220 2.700400
0.221240 2.378900
0.221260 2.017900
0.221280 1.693100
0.221300 1.534400
0.221320 1.330500
0.221340 1.315200
0.221360 1.330500
0.221380 1.364300
0.221400 1.431200
0.221420 1.473900
0.221440 1.521500
0.221460 1.577100
0.221480 1.588400
0.221500 1.636700
0.221520 1.608500
0.221540 1.320800
0.221560 1.523900
0.221580 1.460200
0.221600 1.386100
0.221620 1.316000
0.221640 1.290200
0.221660 1.295000
0.221680 1.231400
0.221700 1.226500
0.221720 1.268400
0.221740 1.323200
0.221760 1.125000
0.221780 1.167700
0.221800 1.398200
0.221820 1.373200
0.221840 1.334500
0.221860 1.382900
0.221880 1.232200
0.221900 1.382900
0.221920 1.332900
0.221940 1.270000
0.221960 1.336100
0.221980 1.340100
0.222000 1.314400
0.222020 1.334500
0.222040 1.322400
0.222060 1.321600
0.222080 1.191100
0.222100 1.318400
0.222120 1.341000
0.222140 1.328900
0.222160 1.399000
0.222180 1.613300
0.222200 1.971900
0.222220 2.408700
0.222240 2.793900
0.222260 2.844700
0.222280 2.845500
0.222300 2.555400
0.222320 2.223400
0.222340 1.882500
0.222360 1.565800
0.222380 1.453800
0.222400 1.362700
0.222420 1.169300
0.222440 1.299900
0.222460 1.287800
0.222480 1.377200
0.222500 1.447300
0.222520 1.591600
0.222540 1.523900
0.222560 1.638300
0.222580 1.646400
0.222600 1.612500
0.222620 1.511800
0.222640 1.419100
0.222660 1.372400
0.222680 1.352200
0.222700 1.323200
0.222720 1.248300
0.222740 1.237000
0.222760 1.286200
0.222780 1.252300
0.222800 1.282100
0.222820 1.139500
0.222840 1.335300
0.222860 1.279700
0.222880 1.317600
0.222900 1.302300
0.222920 1.393300
0.222940 1.307900
0.222960 1.231400
0.222980 1.248300
0.223000 1.349000
0.223020 1.348200
0.223040 1.205600
0.223060 1.270000
0.223080 1.331300
0.223100 1.169300
0.223120 1.327300
0.223140 1.253900
0.223160 1.098400
0.223180 1.332100
0.223200 1.331300
0.223220 1.343400
0.223240 1.332100
0.223260 1.585100
0.223280 1.911500
0.223300 2.378100
0.223320 2.723800
0.223340 2.868900
0.223360 2.825300
0.223380 2.593300
0.223400 2.214500
0.223420 1.876000
0.223440 1.619000
0.223460 1.295800
0.223480 1.275700
0.223500 1.283700
0.223520 1.188600
0.223540 1.298200
0.223560 1.370000
0.223580 1.432800
0.223600 1.491600
0.223620 1.587500
0.223640 1.614900
0.223660 1.541600
0.223680 1.614900
0.223700 1.560100
0.223720 1.412700
0.223740 1.337700
0.223760 1.350600
0.223780 1.220100
0.223800 1.217700
0.223820 1.216800
0.223840 1.263600
0.223860 1.208800
0.223880 1.307100
0.223900 1.255500
0.223920 1.045200
0.223940 1.256300
0.223960 1.370800
0.223980 1.340100
0.224000 1.394100
0.224020 1.278100
0.224040 1.350600
0.224060 1.395800
0.224080 1.257900
0.224100 1.342600
0.224120 1.214400
0.224140 1.357100
0.224160 1.204000
0.224180 1.290200
0.224200 1.166100
0.224220 1.272500
0.224240 1.345000
0.224260 1.122600
0.224280 1.091900
0.224300 1.557700
0.224320 1.856700
0.224340 2.228200
0.224360 2.524000
0.224380 2.648900
0.224400 2.611800
0.224420 2.369200
0.224440 2.038000
0.224460 1.749500
0.224480 1.491600
0.224500 1.287800
0.224520 1.221700
0.224540 1.158000
0.224560 1.186200
0.224580 1.037100
0.224600 1.328100
0.224620 1.385300
0.224640 1.517400
0.224660 1.633500
0.224680 1.677000
0.224700 1.650400
0.224720 1.559300
0.224740 1.486000
0.224760 1.525500
0.224780 1.432800
0.224800 1.365900
0.224820 1.316000
0.224840 1.278100
0.224860 1.219300
0.224880 1.201500
0.224900 1.150000
0.224920 1.130600
0.224940 1.253900
0.224960 1.357900
0.224980 1.288600
0.225000 1.373200
0.225020 1.380400
0.225040 1.394900
0.225060 1.399000
0.225080 1.266000
0.225100 1.386900
0.225120 1.309500
0.225140 1.385300
0.225160 1.316000
0.225180 1.241800
0.225200 1.105600
0.225220 1.336100
0.225240 1.339300
0.225260 1.281300
0.225280 1.561000
0.225300 1.872800
0.225320 2.266100
0.225340 2.616600
0.225360 2.797100
0.225380 2.782600
0.225400 2.539300
0.225420 2.233800
0.225440 1.887300
0.225460 1.617400
0.225480 1.449700
0.225500 1.343400
0.225520 1.302300
0.225540 1.072600
0.225560 1.265200
0.225580 1.403000
0.225600 1.463400
0.225620 1.514200
0.225640 1.590000
0.225660 1.624600
0.225680 1.533600
0.225700 1.574700
0.225720 1.572200
0.225740 1.352200
0.225760 1.299900
0.225780 1.296600
0.225800 1.187000
0.225820 1.145900
0.225840 1.185400
0.225860 1.241800
0.225880 1.201500
0.225900 1.287800
0.225920 1.287800
0.225940 1.313600
0.225960 1.354700
0.225980 1.374000
0.226000 1.411900
0.226020 1.379600
0.226040 1.394900
0.226060 1.321600
0.226080 1.316000
0.226100 1.386900
0.226120 1.349800
0.226140 1.324800
0.226160 1.315200
0.226180 1.122600
0.226200 1.166100
0.226220 1.349000
0.226240 1.359500
0.226260 1.439300
0.226280 1.585900
0.226300 2.055800
0.226320 2.532800
0.226340 2.814100
0.226360 2.858400
0.226380 2.732700
0.226400 2.441000
0.226420 2.073500
0.226440 1.771300
0.226460 1.572200
0.226480 1.403800
0.226500 1.363500
0.226520 1.324800
0.226540 1.338500
0.226560 1.299000
0.226580 1.357100
0.226600 1.378800
0.226620 1.587500
0.226640 1.611700
0.226660 1.631100
0.226680 1.607700
0.226700 1.569800
0.226720 1.277300
0.226740 1.445700
0.226760 1.347400
0.226780 1.320000
0.226800 1.295800
0.226820 1.287000
0.226840 1.175800
0.226860 1.104800
0.226880 1.183000
0.226900 1.293400
0.226920 1.217700
0.226940 1.382100
0.226960 1.316800
0.226980 1.315200
0.227000 1.436800
0.227020 1.400600
0.227040 1.399800
0.227060 1.328100
0.227080 1.370000
0.227100 1.357900
0.227120 1.372400
0.227140 1.343400
0.227160 1.351400
0.227180 1.079900
0.227200 1.283700
0.227220 1.328100
0.227240 1.260400
0.227260 1.502100
0.227280 1.833300
0.227300 2.289500
0.227320 2.601300
0.227340 2.822900
0.227360 2.830200
0.227380 2.648900
0.227400 2.254000
0.227420 1.978400
0.227440 1.663300
0.227460 1.532700
0.227480 1.336100
0.227500 1.353000
0.227520 1.363500
0.227540 1.378000
0.227560 1.409500
0.227580 1.498100
0.227600 1.559300
0.227620 1.610900
0.227640 1.565800
0.227660 1.634300
0.227680 1.476300
0.227700 1.573000
0.227720 1.491600
0.227740 1.136300
0.227760 1.372400
0.227780 1.220100
0.227800 1.248300
0.227820 1.324000
0.227840 1.111300
0.227860 1.197500
0.227880 1.353000
0.227900 1.270000
0.227920 1.287800
0.227940 1.355500
0.227960 1.426400
0.227980 1.424800
0.228000 1.418300
0.228020 1.352200
0.228040 1.338500
0.228060 1.353000
0.228080 1.341800
0.228100 1.372400
0.228120 1.134700
0.228140 1.373200
0.228160 1.266800
0.228180 1.292600
0.228200 1.268400
0.228220 1.368400
0.228240 1.360300
0.228260 1.514200
0.228280 1.751100
0.228300 2.142800
0.228320 2.478800
0.228340 2.776200
0.228360 2.839900
0.228380 2.656100
0.228400 2.384500
0.228420 2.034800
0.228440 1.761600
0.228460 1.544000
0.228480 1.443300
0.228500 1.386900
0.228520 1.325600
0.228540 1.338500
0.228560 1.333700
0.228580 1.384500
0.228600 1.512600
0.228620 1.554500
0.228640 1.623800
0.228660 1.639100
0.228680 1.621400
0.228700 1.245100
0.228720 1.508600
0.228740 1.251500
0.228760 1.386100
0.228780 1.278100
0.228800 1.332100
0.228820 1.203200
0.228840 1.223300
0.228860 1.314400
0.228880 1.328900
0.228900 1.294200
0.228920 1.370000
0.228940 1.414300
0.228960 1.419100
0.228980 1.424800
0.229000 1.415100
0.229020 1.414300
0.229040 1.398200
0.229060 1.390900
0.229080 1.347400
0.229100 1.369200
0.229120 1.392500
0.229140 1.380400
0.229160 1.374800
0.229180 1.361100
0.229200 1.341800
0.229220 1.386900
0.229240 1.515800
0.229260 1.775300
0.229280 2.153300
0.229300 2.497400
0.229320 2.702100
0.229340 2.640800
0.229360 2.424800
0.229380 2.179000
0.229400 1.841400
0.229420 1.615800
0.229440 1.423200
0.229460 1.102400
0.229480 1.058900
0.229500 1.100800
0.229520 1.272500
0.229540 1.375600
0.229560 1.407800
0.229580 1.556900
0.229600 1.635100
0.229620 1.674600
0.229640 1.643200
0.229660 1.616600
0.229680 1.535200
0.229700 1.415900
0.229720 1.346600
0.229740 1.329700
0.229760 1.204800
0.229780 1.033900
0.229800 1.242600
0.229820 1.302300
0.229840 1.275700
0.229860 1.288600
0.229880 1.382100
0.229900 1.363500
0.229920 1.302300
0.229940 1.439300
0.229960 1.403800
0.229980 1.228100
0.230000 1.402200
0.230020 1.385300
0.230040 1.345000
0.230060 1.218500
0.230080 1.307900
0.230100 1.351400
0.230120 1.357100
0.230140 1.278100
0.230160 1.312700
0.230180 1.212000
0.230200 1.428000
0.230220 1.614900
0.230240 1.934900
0.230260 2.405500
0.230280 2.778600
0.230300 2.874500
0.230320 2.886600
0.230340 2.719800
0.230360 2.349100
0.230380 1.977600
0.230400 1.700400
0.230420 1.548900
0.230440 1.437700
0.230460 1.303900
0.230480 1.411100
0.230500 1.400600
0.230520 1.445700
0.230540 1.466700
0.230560 1.345800
0.230580 1.573800
0.230600 1.579500
0.230620 1.583500
0.230640 1.517400
0.230660 1.502900
0.230680 1.436000
0.230700 1.382900
0.230720 1.203200
0.230740 1.153200
0.230760 1.262000
0.230780 1.299000
0.230800 1.279700
0.230820 1.347400
0.230840 1.325600
0.230860 1.373200
0.230880 1.376400
0.230900 1.374800
0.230920 1.408600
0.230940 1.378800
0.230960 1.364300
0.230980 1.385300
0.231000 1.388500
0.231020 1.288600
0.231040 1.320800
0.231060 1.340100
0.231080 1.331300
0.231100 1.343400
0.231120 1.340100
0.231140 1.342600
0.231160 1.308700
0.231180 1.254700
0.231200 1.382100
0.231220 1.371600
0.231240 1.376400
0.231260 1.341000
0.231280 1.324000
0.231300 1.533600
0.231320 1.886500
0.231340 2.357900
0.231360 2.782600
0.231380 2.894700
0.231400 2.881800
0.231420 2.790700
0.231440 2.449000
0.231460 2.036400
0.231480 1.722100
0.231500 1.544000
0.231520 1.403000
0.231540 1.316000
0.231560 1.238600
0.231580 1.387700
0.231600 1.440900
0.231620 1.313600
0.231640 1.510200
0.231660 1.527900
0.231680 1.544800
0.231700 1.547300
0.231720 1.475500
0.231740 1.498100
0.231760 1.394900
0.231780 1.346600
0.231800 1.243400
0.231820 1.288600
0.231840 0.940400
0.231860 1.249100
0.231880 1.253900
0.231900 1.315200
0.231920 1.328100
0.231940 1.337700
0.231960 1.355500
0.231980 1.385300
0.232000 1.404600
0.232020 1.371600
0.232040 1.361100
0.232060 1.236200
0.232080 1.355500
0.232100 1.220100
0.232120 1.338500
0.232140 1.340100
0.232160 1.286200
0.232180 1.304700
0.232200 1.330500
0.232220 1.230500
0.232240 1.355500
0.232260 1.281300
0.232280 1.023400
0.232300 1.387700
0.232320 1.378800
0.232340 1.375600
0.232360 1.380400
0.232380 1.400600
0.232400 1.411100
0.232420 1.687500
0.232440 2.074300
0.232460 2.515900
0.232480 2.849500
0.232500 2.881800
0.232520 2.800400
0.232540 2.532800
0.232560 2.152500
0.232580 1.818000
0.232600 1.605300
0.232620 1.486000
0.232640 1.261200
0.232660 1.416700
0.232680 1.362700
0.232700 1.336900
0.232720 1.387700
0.232740 1.510200
0.232760 1.548900
0.232780 1.588400
0.232800 1.600400
0.232820 1.574700
0.232840 1.544800
0.232860 1.492500
0.232880 1.454600
0.232900 1.373200
0.232920 1.072600
0.232940 1.268400
0.232960 1.268400
0.232980 1.156400
0.233000 1.315200
0.233020 1.243400
0.233040 1.357900
0.233060 1.380400
0.233080 1.317600
0.233100 1.410300
0.233120 1.374000
0.233140 1.422300
0.233160 1.145100
0.233180 1.371600
0.233200 1.386900
0.233220 1.353000
0.233240 1.170100
0.233260 1.353000
0.233280 1.237000
0.233300 1.282100
0.233320 1.329700
0.233340 1.348200
0.233360 1.191100
0.233380 1.366700
0.233400 1.230500
0.233420 1.334500
0.233440 1.433600
0.233460 1.631100
0.233480 1.905100
0.233500 2.406300
0.233520 2.719000
0.233540 2.813300
0.233560 2.733500
0.233580 2.457900
0.233600 2.116200
0.233620 1.793800
0.233640 1.464200
0.233660 1.457000
0.233680 1.385300
0.233700 1.306300
0.233720 1.378800
0.233740 1.405400
0.233760 1.463400
0.233780 1.546400
0.233800 1.581900
0.233820 1.624600
0.233840 1.639100
0.233860 1.621400
0.233880 1.582700
0.233900 1.495700
0.233920 1.432800
0.233940 1.378000
0.233960 1.315200
0.233980 1.214400
0.234000 1.228100
0.234020 1.232200
0.234040 1.153200
0.234060 1.324800
0.234080 1.282100
0.234100 1.373200
0.234120 1.339300
0.234140 1.382100
0.234160 1.424000
0.234180 1.357100
0.234200 1.406200
0.234220 1.096000
0.234240 1.405400
0.234260 1.299000
0.234280 1.361900
0.234300 1.347400
0.234320 1.360300
0.234340 1.336900
0.234360 1.365900
0.234380 1.340100
0.234400 1.345800
0.234420 1.394100
0.234440 1.289400
0.234460 1.370800
0.234480 1.328100
0.234500 1.437700
0.234520 1.639900
0.234540 1.982400
0.234560 2.457100
0.234580 2.820500
0.234600 2.881800
0.234620 2.886600
0.234640 2.725400
0.234660 2.372500
0.234680 2.018700
0.234700 1.779300
0.234720 1.622200
0.234740 1.529500
0.234760 1.527100
0.234780 1.552100
0.234800 1.545600
0.234820 1.501300
0.234840 1.503700
0.234860 1.554500
0.234880 1.620600
0.234900 1.630300
0.234920 1.642300
0.234940 1.561800
0.234960 1.536800
0.234980 1.491600
0.235000 1.429600
0.235020 1.365100
0.235040 1.378800
0.235060 1.279700
0.235080 1.322400
0.235100 1.240200
0.235120 1.166900
0.235140 1.266800
0.235160 1.328100
0.235180 1.439300
0.235200 1.325600
0.235220 1.340100
0.235240 1.468300
0.235260 1.469100
0.235280 1.429600
0.235300 1.394900
0.235320 1.365100
0.235340 1.334500
0.235360 1.324000
0.235380 1.296600
0.235400 1.270000
0.235420 1.280500
0.235440 1.357900
0.235460 1.365100
0.235480 1.365900
0.235500 1.390900
0.235520 1.411900
0.235540 1.125800
0.235560 1.381200
0.235580 1.392500
0.235600 1.226500
0.235620 1.430400
0.235640 1.627800
0.235660 1.980000
0.235680 2.453800
0.235700 2.847100
0.235720 2.881000
0.235740 2.881800
0.235760 2.773800
0.235780 2.348300
0.235800 1.976000
0.235820 1.719700
0.235840 1.594800
0.235860 1.482000
0.235880 1.514200
0.235900 1.530300
0.235920 1.309500
0.235940 1.522300
0.235960 1.556900
0.235980 1.594000
0.236000 1.570600
0.236020 1.630300
0.236040 1.632700
0.236060 1.598000
0.236080 1.477100
0.236100 1.471500
0.236120 1.250700
0.236140 1.378000
0.236160 1.236200
0.236180 1.331300
0.236200 1.328900
0.236220 1.335300
0.236240 1.378800
0.236260 1.250700
0.236280 1.402200
0.236300 1.419900
0.236320 1.439300
0.236340 1.460200
0.236360 1.415100
0.236380 1.420700
0.236400 1.423200
0.236420 1.407800
0.236440 1.365900
0.236460 1.362700
0.236480 1.253100
0.236500 1.388500
0.236520 1.362700
0.236540 1.259600
0.236560 1.378000
0.236580 1.338500
0.236600 1.370000
0.236620 1.358700
0.236640 1.044400
0.236660 1.387700
0.236680 1.350600
0.236700 1.443300
0.236720 1.584300
0.236740 1.805100
0.236760 2.310400
0.236780 2.697200
0.236800 2.848700
0.236820 2.819700
0.236840 2.571500
0.236860 2.197600
0.236880 1.813200
0.236900 1.593200
0.236920 1.313600
0.236940 1.284500
0.236960 1.295800
0.236980 1.336900
0.237000 1.392500
0.237020 1.448900
0.237040 1.536800
0.237060 1.610100
0.237080 1.665700
0.237100 1.687500
0.237120 1.594800
0.237140 1.594800
0.237160 1.534400
0.237180 1.446500
0.237200 1.257100
0.237220 1.304700
0.237240 1.162100
0.237260 1.250700
0.237280 1.304700
0.237300 1.169300
0.237320 1.328900
0.237340 1.354700
0.237360 1.408600
0.237380 1.391700
0.237400 1.444100
0.237420 1.442500
0.237440 1.462600
0.237460 1.451400
0.237480 1.398200
0.237500 1.277300
0.237520 1.319200
0.237540 1.359500
0.237560 1.360300
0.237580 1.334500
0.237600 1.354700
0.237620 1.351400
0.237640 1.366700
0.237660 1.353800
0.237680 1.331300
0.237700 1.361100
0.237720 1.384500
0.237740 1.378800
0.237760 1.536000
0.237780 1.807500
0.237800 2.304000
0.237820 2.707700
0.237840 2.889000
0.237860 2.887400
0.237880 2.824500
0.237900 2.424000
0.237920 2.086400
0.237940 1.778500
0.237960 1.607700
0.237980 1.425600
0.238000 1.468300
0.238020 1.456200
0.238040 1.486000
0.238060 1.461800
0.238080 1.448100
0.238100 1.473100
0.238120 1.573000
0.238140 1.568200
0.238160 1.577900
0.238180 1.571400
0.238200 1.519900
0.238220 1.471500
0.238240 1.427200
0.238260 1.356300
0.238280 1.204800
0.238300 1.321600
0.238320 1.301500
0.238340 1.306300
0.238360 1.275700
0.238380 1.360300
0.238400 1.368400
0.238420 1.389300
0.238440 1.363500
0.238460 1.377200
0.238480 1.244200
0.238500 1.279700
0.238520 1.322400
0.238540 1.378000
0.238560 1.301500
0.238580 1.333700
0.238600 1.118500
0.238620 1.320800
0.238640 1.317600
0.238660 1.181400
0.238680 1.253100
0.238700 1.130600
0.238720 1.349000
0.238740 1.159600
0.238760 1.316000
0.238780 1.169300
0.238800 1.353000
0.238820 1.262800
0.238840 1.385300
0.238860 1.334500
0.238880 1.824500
0.238900 2.291100
0.238920 2.731100
0.238940 2.901900
0.238960 2.902700
0.238980 2.759300
0.239000 2.407900
0.239020 2.017100
0.239040 1.739900
0.239060 1.540000
0.239080 1.509400
0.239100 1.501300
0.239120 1.316000
0.239140 1.462600
0.239160 1.415900
0.239180 1.420700
0.239200 1.526300
0.239220 1.544000
0.239240 1.573000
0.239260 1.529500
0.239280 1.506200
0.239300 1.508600
0.239320 1.421500
0.239340 1.409500
0.239360 1.132200
0.239380 1.284500
0.239400 1.269200
0.239420 1.291800
0.239440 1.302300
0.239460 1.324800
0.239480 1.323200
0.239500 1.361100
0.239520 1.390900
0.239540 1.411100
0.239560 1.223300
0.239580 1.304700
0.239600 1.330500
0.239620 1.327300
0.239640 1.237000
0.239660 1.287800
0.239680 1.212000
0.239700 1.322400
0.239720 1.122600
0.239740 1.155600
0.239760 1.327300
0.239780 1.288600
0.239800 1.257100
0.239820 1.265200
0.239840 1.334500
0.239860 1.336900
0.239880 1.293400
0.239900 1.324800
0.239920 1.370000
0.239940 1.363500
0.239960 1.299000
0.239980 1.375600
0.240000 1.402200
0.240020 1.494900
0.240040 1.727800
0.240060 2.212100
0.240080 2.672200
0.240100 2.885800
0.240120 2.914800
0.240140 2.817300
0.240160 2.496600
0.240180 2.100900
0.240200 1.784200
0.240220 1.565800
0.240240 1.488400
0.240260 1.399800
0.240280 1.457000
0.240300 1.417500
0.240320 1.475500
0.240340 1.514200
0.240360 1.550500
0.240380 1.581100
0.240400 1.601200
0.240420 1.606100
0.240440 1.573800
0.240460 1.540000
0.240480 1.482000
0.240500 1.419100
0.240520 1.341000
0.240540 1.348200
0.240560 1.318400
0.240580 1.308700
0.240600 1.328100
0.240620 1.334500
0.240640 1.286200
0.240660 1.389300
0.240680 1.307900
0.240700 1.213600
0.240720 1.412700
0.240740 1.408600
0.240760 1.357100
0.240780 1.249900
0.240800 1.357100
0.240820 1.328900
0.240840 1.349000
0.240860 1.277300
0.240880 1.233000
0.240900 1.298200
0.240920 1.134700
0.240940 1.165300
0.240960 0.979100
0.240980 1.292600
0.241000 1.304700
0.241020 1.343400
0.241040 1.335300
0.241060 1.183000
0.241080 1.351400
0.241100 1.250700
0.241120 1.237000
0.241140 1.300700
0.241160 1.384500
0.241180 1.523900
0.241200 1.772900
0.241220 2.251600
0.241240 2.704500
0.241260 2.877700
0.241280 2.893800
0.241300 2.747200
0.241320 2.352300
0.241340 1.998500
0.241360 1.702800
0.241380 1.547300
0.241400 1.284500
0.241420 1.371600
0.241440 1.374800
0.241460 1.443300
0.241480 1.412700
0.241500 1.504500
0.241520 1.453000
0.241540 1.591600
0.241560 1.563400
0.241580 1.607700
0.241600 1.556100
0.241620 1.541600
0.241640 1.469900
0.241660 1.415100
0.241680 1.321600
0.241700 1.292600
0.241720 1.307900
0.241740 1.182200
0.241760 1.241800
0.241780 1.326400
0.241800 1.353000
0.241820 1.393300
0.241840 1.392500
0.241860 1.394900
0.241880 1.404600
0.241900 1.438500
0.241920 1.374000
0.241940 1.394100
0.241960 1.352200
0.241980 1.320800
0.242000 1.293400
0.242020 1.339300
0.242040 1.299000
0.242060 1.163700
0.242080 1.294200
0.242100 1.262800
0.242120 1.336100
0.242140 1.359500
0.242160 1.343400
0.242180 1.346600
0.242200 1.167700
0.242220 1.363500
0.242240 1.355500
0.242260 1.350600
0.242280 1.356300
0.242300 1.261200
0.242320 1.478800
0.242340 1.793800
0.242360 2.217700
0.242380 2.640800
0.242400 2.859200
0.242420 2.866400
0.242440 2.710100
0.242460 2.320900
0.242480 1.991300
0.242500 1.594800
0.242520 1.210400
0.242540 1.410300
0.242560 1.096000
0.242580 1.392500
0.242600 1.431200
0.242620 1.440900
0.242640 1.449700
0.242660 1.491600
0.242680 1.592400
0.242700 1.639100
0.242720 1.623000
0.242740 1.599600
0.242760 1.551300
0.242780 1.515000
0.242800 1.402200
0.242820 1.369200
0.242840 1.325600
0.242860 1.324800
0.242880 1.300700
0.242900 1.231400
0.242920 1.277300
0.242940 1.280500
0.242960 1.336100
0.242980 1.381200
0.243000 1.394900
0.243020 1.411100
0.243040 1.423200
0.243060 1.418300
0.243080 1.338500
0.243100 1.399800
0.243120 1.363500
0.243140 1.279700
0.243160 1.299000
0.243180 1.330500
0.243200 1.318400
0.243220 1.277300
0.243240 1.297400
0.243260 1.295000
0.243280 1.345800
0.243300 1.357100
0.243320 1.346600
0.243340 1.362700
0.243360 1.339300
0.243380 1.086300
0.243400 1.338500
0.243420 1.391700
0.243440 1.439300
0.243460 1.627800
0.243480 1.901800
0.243500 2.345900
0.243520 2.663400
0.243540 2.797100
0.243560 2.678700
0.243580 2.410300
0.243600 2.067800
0.243620 1.747900
0.243640 1.490800
0.243660 1.401400
0.243680 1.276500
0.243700 1.076600
0.243720 1.149200
0.243740 1.364300
0.243760 1.305500
0.243780 1.548900
0.243800 1.634300
0.243820 1.656000
0.243840 1.679400
0.243860 1.678600
0.243880 1.636700
0.243900 1.557700
0.243920 1.428800
0.243940 1.390900
0.243960 1.270000
0.243980 1.309500
0.244000 1.188600
0.244020 1.282100
0.244040 1.302300
0.244060 1.275700
0.244080 1.361100
0.244100 1.404600
0.244120 1.408600
0.244140 1.432000
0.244160 1.411900
0.244180 1.440900
0.244200 1.447300
0.244220 1.424000
0.244240 1.365900
0.244260 1.365900
0.244280 1.380400
0.244300 1.320800
0.244320 1.307100
0.244340 1.318400
0.244360 1.311900
0.244380 1.305500
0.244400 1.358700
0.244420 1.353000
0.244440 1.340100
0.244460 1.220900
0.244480 1.357900
0.244500 1.447300
0.244520 1.639100
0.244540 2.052500
0.244560 2.505400
0.244580 2.802800
0.244600 2.860000
0.244620 2.775400
0.244640 2.432100
0.244660 2.108100
0.244680 1.768900
0.244700 1.581900
0.244720 1.419900
0.244740 1.395800
0.244760 1.256300
0.244780 1.402200
0.244800 1.432800
0.244820 1.477100
0.244840 1.513400
0.244860 1.448100
0.244880 1.606900
0.244900 1.620600
0.244920 1.598000
0.244940 1.552900
0.244960 1.506200
0.244980 1.412700
0.245000 1.366700
0.245020 1.334500
0.245040 1.172500
0.245060 1.282900
0.245080 1.249100
0.245100 1.160400
0.245120 1.305500
0.245140 1.302300
0.245160 1.361100
0.245180 1.220100
0.245200 1.407000
0.245220 1.386900
0.245240 1.382900
0.245260 1.274900
0.245280 1.378000
0.245300 1.326400
0.245320 1.344200
0.245340 1.297400
0.245360 1.329700
0.245380 1.173300
0.245400 1.311100
0.245420 1.322400
0.245440 1.321600
0.245460 1.308700
0.245480 1.298200
0.245500 1.336900
0.245520 1.231400
0.245540 1.370000
0.245560 1.374000
0.245580 1.458600
0.245600 1.773700
0.245620 2.107300
0.245640 2.553800
0.245660 2.818900
0.245680 2.852700
0.245700 2.696400
0.245720 2.393400
0.245740 2.026700
0.245760 1.734200
0.245780 1.566600
0.245800 1.465900
0.245820 1.430400
0.245840 1.191100
0.245860 1.316000
0.245880 1.467500
0.245900 1.518200
0.245920 1.511800
0.245940 1.507800
0.245960 1.494900
0.245980 1.590800
0.246000 1.572200
0.246020 1.499700
0.246040 1.406200
0.246060 1.424800
0.246080 1.361900
0.246100 1.340100
0.246120 1.158800
0.246140 1.295800
0.246160 1.279700
0.246180 1.310300
0.246200 1.288600
0.246220 1.267600
0.246240 1.353000
0.246260 1.195100
0.246280 1.341000
0.246300 1.388500
0.246320 1.382900
0.246340 1.389300
0.246360 1.353800
0.246380 1.341800
0.246400 1.355500
0.246420 1.353800
0.246440 1.282100
0.246460 1.333700
0.246480 0.979100
0.246500 1.215200
0.246520 1.208800
0.246540 1.269200
0.246560 1.337700
0.246580 1.327300
0.246600 1.350600
0.246620 1.349000
0.246640 1.369200
0.246660 1.428800
0.246680 1.666500
0.246700 2.017100
0.246720 2.421600
0.246740 2.725400
0.246760 2.804400
0.246780 2.661800
0.246800 2.416800
0.246820 2.084800
0.246840 1.776900
0.246860 1.583500
0.246880 1.450500
0.246900 1.371600
0.246920 1.342600
0.246940 1.372400
0.246960 1.394100
0.246980 1.451400
0.247000 1.494100
0.247020 1.549700
0.247040 1.527900
0.247060 1.589200
0.247080 1.550500
0.247100 1.552100
0.247120 1.414300
0.247140 1.339300
0.247160 1.376400
0.247180 1.304700
0.247200 0.975900
0.247220 1.288600
0.247240 1.243400
0.247260 1.290200
0.247280 1.324800
0.247300 1.326400
0.247320 1.351400
0.247340 1.370000
0.247360 1.394900
0.247380 1.385300
0.247400 1.320000
0.247420 1.346600
0.247440 1.364300
0.247460 1.235400
0.247480 1.324800
0.247500 1.236200
0.247520 1.315200
0.247540 1.233000
0.247560 1.312700
0.247580 1.345800
0.247600 1.235400
0.247620 1.280500
0.247640 1.342600
0.247660 1.366700
0.247680 1.365900
0.247700 1.311900
0.247720 1.378000
0.247740 1.478800
0.247760 1.710000
0.247780 2.031600
0.247800 2.374100
0.247820 2.566700
0.247840 2.581200
0.247860 2.445000
0.247880 2.146000
0.247900 1.855100
0.247920 1.654400
0.247940 1.472300
0.247960 1.100800
0.247980 1.253100
0.248000 1.149200
0.248020 1.237000
0.248040 1.244200
0.248060 1.469900
0.248080 1.574700
0.248100 1.611700
0.248120 1.667300
0.248140 1.670500
0.248160 1.639900
0.248180 1.540800
0.248200 1.513400
0.248220 1.328900
0.248240 1.333700
0.248260 1.305500
0.248280 1.049200
0.248300 1.162900
0.248320 1.256300
0.248340 1.164500
0.248360 1.302300
0.248380 1.336900
0.248400 1.378800
0.248420 1.391700
0.248440 1.381200
0.248460 1.465100
0.248480 1.381200
0.248500 1.416700
0.248520 1.390900
0.248540 1.355500
0.248560 1.362700
0.248580 1.349000
0.248600 1.224900
0.248620 1.345000
0.248640 1.233800
0.248660 1.200700
0.248680 1.306300
0.248700 1.365900
0.248720 1.421500
0.248740 1.585100
0.248760 1.876800
0.248780 2.287800
0.248800 2.621500
0.248820 2.802000
0.248840 2.752800
0.248860 2.520700
0.248880 2.207300
0.248900 1.829300
0.248920 1.697900
0.248940 1.483600
0.248960 1.419100
0.248980 1.426400
0.249000 1.411900
0.249020 1.442500
0.249040 1.426400
0.249060 1.364300
0.249080 1.565800
0.249100 1.604500
0.249120 1.603700
0.249140 1.612500
0.249160 1.571400
0.249180 1.518200
0.249200 1.393300
0.249220 1.371600
0.249240 1.296600
0.249260 1.295800
0.249280 1.302300
0.249300 1.231400
0.249320 1.224100
0.249340 1.322400
0.249360 1.129800
0.249380 1.378800
0.249400 1.354700
0.249420 1.319200
0.249440 1.211200
0.249460 1.274100
0.249480 1.432000
0.249500 1.419900
0.249520 1.381200
0.249540 1.212800
0.249560 1.310300
0.249580 1.357900
0.249600 1.113700
0.249620 1.333700
0.249640 1.316800
0.249660 1.341000
0.249680 1.069400
0.249700 1.306300
0.249720 1.305500
0.249740 1.426400
0.249760 1.593200
0.249780 1.889700
0.249800 2.327300
0.249820 2.673800
0.249840 2.818100
0.249860 2.719800
0.249880 2.562600
0.249900 2.267700
0.249920 1.903400
0.249940 1.688300
0.249960 1.538400
0.249980 1.456200
0.250000 1.453800
0.250020 1.453000
0.250040 1.413500
0.250060 1.488400
0.250080 1.444100
0.250100 1.558500
0.250120 1.454600
0.250140 1.559300
0.250160 1.507800
0.250180 1.572200
0.250200 1.508600
0.250220 1.474700
0.250240 1.223300
0.250260 1.349800
0.250280 1.298200
0.250300 1.311100
0.250320 1.291000
0.250340 1.313600
0.250360 1.260400
0.250380 1.319200
0.250400 1.391700
0.250420 1.404600
0.250440 1.414300
0.250460 1.368400
0.250480 1.417500
0.250500 1.390100
0.250520 1.394900
0.250540 1.404600
0.250560 1.365900
0.250580 1.187000
0.250600 1.359500
0.250620 1.349800
0.250640 1.320000
0.250660 1.358700
0.250680 1.347400
0.250700 1.355500
0.250720 1.369200
0.250740 1.357900
0.250760 1.330500
0.250780 1.314400
0.250800 1.360300
0.250820 1.602100
0.250840 1.879300
0.250860 2.313600
0.250880 2.611800
0.250900 2.834200
0.250920 2.811600
0.250940 2.556200
0.250960 2.216900
0.250980 1.949400
0.251000 1.698800
0.251020 1.561800
0.251040 1.466700
0.251060 1.453800
0.251080 1.447300
0.251100 1.459400
0.251120 1.504500
0.251140 1.528700
0.251160 1.601200
0.251180 1.631100
0.251200 1.665700
0.251220 1.647200
0.251240 1.640700
0.251260 1.565000
0.251280 1.379600
0.251300 1.271600
0.251320 1.394900
0.251340 1.332900
0.251360 1.341000
0.251380 1.359500
0.251400 1.095200
0.251420 1.371600
0.251440 1.240200
0.251460 1.350600
0.251480 1.385300
0.251500 1.424800
0.251520 1.436000
0.251540 1.417500
0.251560 1.191900
0.251580 1.419900
0.251600 1.372400
0.251620 1.391700
0.251640 1.361900
0.251660 1.295000
0.251680 1.370000
0.251700 1.368400
0.251720 1.320800
0.251740 1.315200
0.251760 1.311900
0.251780 1.297400
0.251800 1.374000
0.251820 1.450500
0.251840 1.730200
0.251860 2.132300
0.251880 2.498200
0.251900 2.797900
0.251920 2.819700
0.251940 2.687500
0.251960 2.396600
0.251980 2.030800
0.252000 1.759200
0.252020 1.584300
0.252040 1.451400
0.252060 1.364300
0.252080 1.365100
0.252100 1.394900
0.252120 1.375600
0.252140 1.477100
0.252160 1.372400
0.252180 1.533600
0.252200 1.618200
0.252220 1.622200
0.252240 1.606100
0.252260 1.552900
0.252280 1.494100
0.252300 1.428000
0.252320 1.332100
0.252340 1.290200
0.252360 1.296600
0.252380 1.303100
0.252400 1.224100
0.252420 1.216000
0.252440 1.313600
0.252460 1.344200
0.252480 1.219300
0.252500 1.372400
0.252520 1.296600
0.252540 1.353000
0.252560 1.415100
0.252580 1.365900
0.252600 1.188600
0.252620 1.351400
0.252640 1.302300
0.252660 1.282900
0.252680 1.331300
0.252700 1.318400
0.252720 1.333700
0.252740 1.307900
0.252760 1.165300
0.252780 1.320000
0.252800 1.344200
0.252820 1.363500
0.252840 1.336900
0.252860 1.359500
0.252880 1.428000
0.252900 1.602100
0.252920 1.925200
0.252940 2.369200
0.252960 2.785100
0.252980 2.873700
0.253000 2.856800
0.253020 2.666600
0.253040 2.301500
0.253060 1.946200
0.253080 1.689100
0.253100 1.533600
0.253120 1.412700
0.253140 1.402200
0.253160 1.302300
0.253180 1.357900
0.253200 1.439300
0.253220 1.502900
0.253240 1.527100
0.253260 1.597200
0.253280 1.486800
0.253300 1.601200
0.253320 1.519000
0.253340 1.515800
0.253360 1.428000
0.253380 1.295800
0.253400 1.335300
0.253420 1.122600
0.253440 1.154000
0.253460 1.245900
0.253480 1.245900
0.253500 1.303900
0.253520 1.288600
0.253540 1.267600
0.253560 1.290200
0.253580 1.315200
0.253600 1.326400
0.253620 1.416700
0.253640 1.390900
0.253660 1.396600
0.253680 1.370800
0.253700 1.199100
0.253720 1.113700
0.253740 1.320000
0.253760 1.307900
0.253780 1.323200
0.253800 1.018600
0.253820 1.311900
0.253840 1.330500
0.253860 1.339300
0.253880 1.322400
0.253900 1.291800
0.253920 1.309500
0.253940 1.368400
0.253960 1.382900
0.253980 1.778500
0.254000 2.177400
0.254020 2.541700
0.254040 2.804400
0.254060 2.790700
0.254080 2.607800
0.254100 2.296700
0.254120 1.966300
0.254140 1.688300
0.254160 1.515000
0.254180 1.362700
0.254200 1.327300
0.254220 1.059700
0.254240 1.345800
0.254260 1.402200
0.254280 1.489200
0.254300 1.561800
0.254320 1.605300
0.254340 1.655200
0.254360 1.630300
0.254380 1.569800
0.254400 1.436800
0.254420 1.454600
0.254440 1.407000
0.254460 1.275700
0.254480 1.221700
0.254500 1.225700
0.254520 1.189500
0.254540 1.265200
0.254560 1.252300
0.254580 1.074200
0.254600 1.315200
0.254620 1.369200
0.254640 1.362700
0.254660 1.378000
0.254680 1.405400
0.254700 1.391700
0.254720 1.353000
0.254740 1.403000
0.254760 1.386100
0.254780 1.374800
0.254800 1.321600
0.254820 1.269200
0.254840 1.293400
0.254860 1.311100
0.254880 1.231400
0.254900 1.316800
0.254920 1.270000
0.254940 1.343400
0.254960 1.438500
0.254980 1.742300
0.255000 2.165300
0.255020 2.511100
0.255040 2.798800
0.255060 2.810000
0.255080 2.623100
0.255100 2.327300
0.255120 1.992100
0.255140 1.720500
0.255160 1.556900
0.255180 1.428800
0.255200 1.154000
0.255220 1.354700
0.255240 1.354700
0.255260 1.374000
0.255280 1.461000
0.255300 1.518200
0.255320 1.557700
0.255340 1.524700
0.255360 1.635900
0.255380 1.587500
0.255400 1.555300
0.255420 1.464200
0.255440 1.385300
0.255460 1.310300
0.255480 1.274900
0.255500 1.237000
0.255520 1.079000
0.255540 1.210400
0.255560 1.228900
0.255580 1.304700
0.255600 1.332100
0.255620 1.313600
0.255640 1.347400
0.255660 1.327300
0.255680 1.420700
0.255700 1.295800
0.255720 1.287800
0.255740 1.389300
0.255760 1.333700
0.255780 1.293400
0.255800 1.330500
0.255820 1.320000
0.255840 1.332100
0.255860 1.316000
0.255880 1.241000
0.255900 1.275700
0.255920 1.333700
0.255940 0.997700
0.255960 1.349800
0.255980 1.233800
0.256000 1.631100
0.256020 2.001800
0.256040 2.467500
0.256060 2.803600
0.256080 2.859200
0.256100 2.820500
0.256120 2.539300
0.256140 2.171000
0.256160 1.866400
0.256180 1.648800
0.256200 1.528700
0.256220 1.456200
0.256240 1.363500
0.256260 1.404600
0.256280 1.457800
0.256300 1.483600
0.256320 1.515800
0.256340 1.535200
0.256360 1.611700
0.256380 1.566600
0.256400 1.590000
0.256420 1.543200
0.256440 1.502100
0.256460 1.415100
0.256480 1.367500
0.256500 1.334500
0.256520 1.304700
0.256540 1.220900
0.256560 1.234600
0.256580 1.301500
0.256600 1.291000
0.256620 1.333700
0.256640 1.275700
0.256660 1.340100
0.256680 1.394900
0.256700 1.341000
0.256720 1.167700
0.256740 1.394900
0.256760 1.395800
0.256780 1.243400
0.256800 1.341800
0.256820 1.295000
0.256840 1.343400
0.256860 1.289400
0.256880 1.303100
0.256900 1.345800
0.256920 1.248300
0.256940 1.330500
0.256960 1.277300
0.256980 1.314400
0.257000 1.357100
0.257020 1.531100
0.257040 1.790600
0.257060 2.249200
0.257080 2.632700
0.257100 2.843100
0.257120 2.859200
0.257140 2.685900
0.257160 2.357100
0.257180 2.009800
0.257200 1.742300
0.257220 1.579500
0.257240 1.478800
0.257260 1.385300
0.257280 1.447300
0.257300 1.453000
0.257320 1.465900
0.257340 1.185400
0.257360 1.554500
0.257380 1.489200
0.257400 1.626200
0.257420 1.594800
0.257440 1.600400
0.257460 1.504500
0.257480 1.436800
0.257500 1.424800
0.257520 1.257100
0.257540 1.316000
0.257560 1.302300
0.257580 1.169300
0.257600 1.303100
0.257620 1.309500
0.257640 1.347400
0.257660 1.299000
0.257680 1.221700
0.257700 1.419900
0.257720 1.446500
0.257740 1.287800
0.257760 1.417500
0.257780 1.433600
0.257800 1.413500
0.257820 1.389300
0.257840 1.370000
0.257860 1.382900
0.257880 1.273300
0.257900 1.355500
0.257920 1.341800
0.257940 1.394900
0.257960 1.309500
0.257980 1.347400
0.258000 1.372400
0.258020 1.488400
0.258040 1.766400
0.258060 2.088000
0.258080 2.457900
0.258100 2.623900
0.258120 2.687500
0.258140 2.544100
0.258160 2.273300
0.258180 1.971100
0.258200 1.710800
0.258220 1.459400
0.258240 1.215200
0.258260 1.428000
0.258280 1.389300
0.258300 1.393300
0.258320 1.447300
0.258340 1.517400
0.258360 1.598800
0.258380 1.681800
0.258400 1.681800
0.258420 1.660900
0.258440 1.622200
0.258460 1.569800
0.258480 1.501300
0.258500 1.425600
0.258520 1.374000
0.258540 1.360300
0.258560 1.302300
0.258580 1.307900
0.258600 1.353800
0.258620 1.340100
0.258640 1.402200
0.258660 1.406200
0.258680 1.448100
0.258700 1.446500
0.258720 1.456200
0.258740 1.451400
0.258760 1.431200
0.258780 1.413500
0.258800 1.119300
0.258820 1.397400
0.258840 1.403800
0.258860 1.363500
0.258880 1.347400
0.258900 1.373200
0.258920 1.335300
0.258940 1.391700
0.258960 1.332100
0.258980 1.315200
0.259000 1.394900
0.259020 1.548100
0.259040 1.793800
0.259060 2.229000
0.259080 2.621500
0.259100 2.847100
0.259120 2.932500
0.259140 2.763300
0.259160 2.427300
0.259180 2.173400
0.259200 1.864000
0.259220 1.705200
0.259240 1.648000
0.259260 1.613300
0.259280 1.540800
0.259300 1.590000
0.259320 1.575500
0.259340 1.443300
0.259360 1.567400
0.259380 1.600400
0.259400 1.627800
0.259420 1.621400
0.259440 1.619000
0.259460 1.566600
0.259480 1.523100
0.259500 1.486000
0.259520 1.260400
0.259540 1.414300
0.259560 1.234600
0.259580 1.341000
0.259600 1.358700
0.259620 1.376400
0.259640 1.291800
0.259660 1.418300
0.259680 1.198300
0.259700 1.418300
0.259720 1.453800
0.259740 1.453000
0.259760 1.444900
0.259780 1.428800
0.259800 1.407000
0.259820 1.266000
0.259840 1.407000
0.259860 1.390900
0.259880 1.224100
0.259900 1.331300
0.259920 1.362700
0.259940 1.307900
0.259960 1.354700
0.259980 1.260400
0.260000 1.365100
0.260020 1.383700
0.260040 1.199100
0.260060 1.374000
0.260080 1.357900
0.260100 1.561000
0.260120 1.823700
0.260140 2.241100
0.260160 2.702100
0.260180 2.892200
0.260200 2.872900
0.260220 2.816500
0.260240 2.506200
0.260260 2.155700
0.260280 1.837400
0.260300 1.687500
0.260320 1.552100
0.260340 1.544000
0.260360 1.548900
0.260380 1.521500
0.260400 1.477900
0.260420 1.557700
0.260440 1.511800
0.260460 1.579500
0.260480 1.572200
0.260500 1.615800
0.260520 1.552900
0.260540 1.489200
0.260560 1.511000
0.260580 1.458600
0.260600 1.369200
0.260620 1.355500
0.260640 1.304700
0.260660 1.307100
0.260680 1.295000
0.260700 1.374000
0.260720 1.365100
0.260740 1.295800
0.260760 1.417500
0.260780 1.431200
0.260800 1.402200
0.260820 1.370000
0.260840 1.414300
0.260860 1.405400
0.260880 1.325600
0.260900 1.291800
0.260920 1.253900
0.260940 1.367500
0.260960 1.328100
0.260980 1.222500
0.261000 1.370000
0.261020 1.295800
0.261040 1.337700
0.261060 1.361100
0.261080 1.345000
0.261100 1.344200
0.261120 1.356300
0.261140 1.333700
0.261160 1.405400
0.261180 1.385300
0.261200 1.202300
0.261220 1.482800
0.261240 1.635100
0.261260 1.958200
0.261280 2.432100
0.261300 2.785900
0.261320 2.856000
0.261340 2.811600
0.261360 2.518300
0.261380 2.102500
0.261400 1.822100
0.261420 1.578700
0.261440 1.488400
0.261460 1.271600
0.261480 1.254700
0.261500 1.324800
0.261520 1.408600
0.261540 1.486000
0.261560 1.480400
0.261580 1.614900
0.261600 1.673000
0.261620 1.673000
0.261640 1.618200
0.261660 1.439300
0.261680 1.481200
0.261700 1.417500
0.261720 1.259600
0.261740 1.122600
0.261760 1.276500
0.261780 1.256300
0.261800 1.291800
0.261820 1.150800
0.261840 1.386100
0.261860 1.382100
0.261880 1.281300
0.261900 1.418300
0.261920 1.455400
0.261940 1.432000
0.261960 1.439300
0.261980 1.441700
0.262000 1.415100
0.262020 1.338500
0.262040 1.319200
0.262060 1.289400
0.262080 1.324800
0.262100 1.201500
0.262120 1.340100
0.262140 1.216800
0.262160 1.356300
0.262180 1.331300
0.262200 1.224900
0.262220 1.282100
0.262240 1.390900
0.262260 1.398200
0.262280 1.378800
0.262300 1.348200
0.262320 1.427200
0.262340 1.618200
0.262360 1.924400
0.262380 2.443400
0.262400 2.781800
0.262420 2.899500
0.262440 2.878500
0.262460 2.735900
0.262480 2.427300
0.262500 2.037200
0.262520 1.760800
0.262540 1.569000
0.262560 1.405400
0.262580 1.450500
0.262600 1.494900
0.262620 1.473100
0.262640 1.420700
0.262660 1.511800
0.262680 1.488400
0.262700 1.571400
0.262720 1.543200
0.262740 1.463400
0.262760 1.457000
0.262780 1.522300
0.262800 1.363500
0.262820 1.403000
0.262840 1.358700
0.262860 1.316000
0.262880 1.248300
0.262900 1.270000
0.262920 1.328900
0.262940 1.281300
0.262960 1.332100
0.262980 1.371600
0.263000 1.370000
0.263020 1.344200
0.263040 1.426400
0.263060 1.350600
0.263080 1.402200
0.263100 1.411900
0.263120 1.361100
0.263140 1.363500
0.263160 1.314400
0.263180 1.185400
0.263200 1.332900
0.263220 1.322400
0.263240 1.307900
0.263260 1.335300
0.263280 1.314400
0.263300 1.295000
0.263320 1.322400
0.263340 1.320000
0.263360 1.367500
0.263380 1.321600
0.263400 1.356300
0.263420 1.349000
0.263440 1.320800
0.263460 1.282900
0.263480 1.288600
0.263500 1.664900
0.263520 2.071100
0.263540 2.553800
0.263560 2.833400
0.263580 2.892200
0.263600 2.851100
0.263620 2.573100
0.263640 2.165300
0.263660 1.814800
0.263680 1.623800
0.263700 1.432800
0.263720 1.445700
0.263740 1.432800
0.263760 1.410300
0.263780 1.257900
0.263800 1.410300
0.263820 1.553700
0.263840 1.488400
0.263860 1.434400
0.263880 1.623800
0.263900 1.594800
0.263920 1.509400
0.263940 1.518200
0.263960 1.384500
0.263980 1.308700
0.264000 1.349800
0.264020 1.278100
0.264040 1.324800
0.264060 1.254700
0.264080 1.173300
0.264100 1.346600
0.264120 1.394900
0.264140 1.391700
0.264160 1.376400
0.264180 1.398200
0.264200 1.341000
0.264220 1.397400
0.264240 1.377200
0.264260 1.332100
0.264280 1.289400
0.264300 1.361100
0.264320 1.312700
0.264340 1.324000
0.264360 1.299900
0.264380 1.300700
0.264400 1.318400
0.264420 1.299000
0.264440 1.301500
0.264460 1.351400
0.264480 1.346600
0.264500 1.357900
0.264520 1.324800
0.264540 1.367500
0.264560 1.410300
0.264580 1.619800
0.264600 1.981600
0.264620 2.452200
0.264640 2.747200
0.264660 2.842300
0.264680 2.768100
0.264700 2.470800
0.264720 2.113000
0.264740 1.810000
0.264760 1.606100
0.264780 1.465100
0.264800 1.353800
0.264820 1.180600
0.264840 1.384500
0.264860 1.428000
0.264880 1.432800
0.264900 1.531100
0.264920 1.581900
0.264940 1.613300
0.264960 1.544000
0.264980 1.606900
0.265000 1.534400
0.265020 1.496500
0.265040 1.393300
0.265060 1.357100
0.265080 1.295000
0.265100 1.278900
0.265120 1.235400
0.265140 1.282900
0.265160 1.293400
0.265180 1.170100
0.265200 1.329700
0.265220 1.365900
0.265240 1.398200
0.265260 1.394900
0.265280 1.424800
0.265300 1.411100
0.265320 1.390900
0.265340 1.372400
0.265360 1.374000
0.265380 1.359500
0.265400 1.328100
0.265420 1.237000
0.265440 1.301500
0.265460 1.192700
0.265480 1.277300
0.265500 1.200700
0.265520 1.105600
0.265540 1.263600
0.265560 1.224100
0.265580 1.112100
0.265600 1.318400
0.265620 1.217700
0.265640 1.248300
0.265660 1.578700
0.265680 1.869600
0.265700 2.311200
0.265720 2.695600
0.265740 2.875300
0.265760 2.847900
0.265780 2.640000
0.265800 2.312000
0.265820 1.971900
0.265840 1.660900
0.265860 1.566600
0.265880 1.462600
0.265900 1.446500
0.265920 1.447300
0.265940 1.468300
0.265960 1.498900
0.265980 1.489200
0.266000 1.574700
0.266020 1.436800
0.266040 1.603700
0.266060 1.598000
0.266080 1.576300
0.266100 1.504500
0.266120 1.462600
0.266140 1.392500
0.266160 1.352200
0.266180 1.179000
0.266200 1.273300
0.266220 1.296600
0.266240 1.302300
0.266260 1.151600
0.266280 1.352200
0.266300 1.370800
0.266320 1.311900
0.266340 1.395800
0.266360 1.431200
0.266380 1.391700
0.266400 1.403800
0.266420 1.415100
0.266440 1.377200
0.266460 1.316000
0.266480 1.079000
0.266500 1.359500
0.266520 1.332100
0.266540 1.348200
0.266560 1.345800
0.266580 1.312700
0.266600 1.330500
0.266620 1.330500
0.266640 1.383700
0.266660 1.353000
0.266680 1.296600
0.266700 1.365100
0.266720 1.379600
0.266740 1.416700
0.266760 1.587500
0.266780 1.874400
0.266800 2.312000
0.266820 2.707700
0.266840 2.869700
0.266860 2.835000
0.266880 2.614200
0.266900 2.254000
0.266920 1.910700
0.266940 1.658500
0.266960 1.451400
0.266980 1.386100
0.267000 1.382100
0.267020 1.353800
0.267040 1.396600
0.267060 1.444900
0.267080 1.540800
0.267100 1.594800
0.267120 1.601200
0.267140 1.652800
0.267160 1.649600
0.267180 1.473900
0.267200 1.559300
0.267220 1.402200
0.267240 1.481200
0.267260 1.369200
0.267280 1.282100
0.267300 1.290200
0.267320 1.317600
0.267340 1.306300
0.267360 1.329700
0.267380 1.345000
0.267400 1.395800
0.267420 1.390900
0.267440 1.411900
0.267460 1.431200
0.267480 1.365100
0.267500 1.337700
0.267520 1.379600
0.267540 1.394100
0.267560 1.384500
0.267580 1.362700
0.267600 1.350600
0.267620 1.350600
0.267640 1.218500
0.267660 1.306300
0.267680 1.154000
0.267700 1.241000
0.267720 1.353800
0.267740 1.298200
0.267760 1.335300
0.267780 1.358700
0.267800 1.428000
0.267820 1.639100
0.267840 2.008200
0.267860 2.478000
0.267880 2.817300
0.267900 2.867300
0.267920 2.862400
0.267940 2.582800
0.267960 2.180700
0.267980 1.851900
0.268000 1.615800
0.268020 1.489200
0.268040 1.432000
0.268060 1.405400
0.268080 1.353000
0.268100 1.424000
0.268120 1.494100
0.268140 1.398200
0.268160 1.371600
0.268180 1.599600
0.268200 1.602100
0.268220 1.607700
0.268240 1.571400
0.268260 1.455400
0.268280 1.455400
0.268300 1.269200
0.268320 1.336900
0.268340 1.307100
0.268360 1.296600
0.268380 1.244200
0.268400 1.266000
0.268420 1.018600
0.268440 1.353000
0.268460 1.324000
0.268480 1.378000
0.268500 1.403800
0.268520 1.388500
0.268540 1.378000
0.268560 1.416700
0.268580 1.402200
0.268600 1.353000
0.268620 1.200700
0.268640 1.307900
0.268660 1.329700
0.268680 1.324000
0.268700 1.249100
0.268720 1.301500
0.268740 1.141100
0.268760 1.317600
0.268780 1.281300
0.268800 1.289400
0.268820 1.305500
0.268840 1.278900
0.268860 1.216800
0.268880 1.292600
0.268900 1.403800
0.268920 1.568200
0.268940 1.907500
0.268960 2.373300
0.268980 2.740700
0.269000 2.865600
0.269020 2.866400
0.269040 2.648900
0.269060 2.286200
0.269080 1.934100
0.269100 1.654400
0.269120 1.522300
0.269140 1.436000
0.269160 1.302300
0.269180 1.442500
0.269200 1.365100
0.269220 1.405400
0.269240 1.549700
0.269260 1.457000
0.269280 1.555300
0.269300 1.621400
0.269320 1.604500
0.269340 1.578700
0.269360 1.535200
0.269380 1.456200
0.269400 1.387700
0.269420 1.220900
0.269440 1.334500
0.269460 1.295800
0.269480 1.296600
0.269500 1.238600
0.269520 1.289400
0.269540 1.146700
0.269560 1.363500
0.269580 1.365100
0.269600 1.356300
0.269620 1.124200
0.269640 1.382100
0.269660 1.391700
0.269680 1.387700
0.269700 1.385300
0.269720 1.328900
0.269740 1.361100
0.269760 1.299900
0.269780 1.349000
0.269800 1.331300
0.269820 1.289400
0.269840 1.313600
0.269860 1.303100
0.269880 1.355500
0.269900 1.372400
0.269920 1.371600
0.269940 1.320800
0.269960 1.343400
0.269980 1.355500
0.270000 1.215200
0.270020 1.531900
0.270040 1.772100
0.270060 2.187900
0.270080 2.499000
0.270100 2.744800
0.270120 2.759300
0.270140 2.565900
0.270160 2.213700
0.270180 1.899400
0.270200 1.635900
0.270220 1.345800
0.270240 1.363500
0.270260 1.339300
0.270280 1.278900
0.270300 1.272500
0.270320 1.419100
0.270340 1.473100
0.270360 1.588400
0.270380 1.656800
0.270400 1.679400
0.270420 1.673000
0.270440 1.659300
0.270460 1.581900
0.270480 1.520700
0.270500 1.407800
0.270520 1.341000
0.270540 1.289400
0.270560 1.224100
0.270580 1.245100
0.270600 1.267600
0.270620 1.300700
0.270640 1.282900
0.270660 1.352200
0.270680 1.372400
0.270700 1.333700
0.270720 1.332900
0.270740 1.417500
0.270760 1.294200
0.270780 1.389300
0.270800 1.399000
0.270820 1.364300
0.270840 1.220100
0.270860 1.314400
0.270880 1.311900
0.270900 1.275700
0.270920 1.311900
0.270940 1.108100
0.270960 1.317600
0.270980 1.298200
0.271000 1.341800
0.271020 1.310300
0.271040 1.158800
0.271060 1.386900
0.271080 1.468300
0.271100 1.873600
0.271120 2.326500
0.271140 2.705300
0.271160 2.859200
0.271180 2.841500
0.271200 2.631100
0.271220 2.314400
0.271240 1.955000
0.271260 1.662500
0.271280 1.499700
0.271300 1.428800
0.271320 1.424000
0.271340 1.436000
0.271360 1.443300
0.271380 1.502900
0.271400 1.540000
0.271420 1.570600
0.271440 1.585100
0.271460 1.614100
0.271480 1.623000
0.271500 1.545600
0.271520 1.527900
0.271540 1.493300
0.271560 1.428800
0.271580 1.338500
0.271600 1.204800
0.271620 1.292600
0.271640 1.275700
0.271660 1.265200
0.271680 1.310300
0.271700 1.330500
0.271720 1.219300
0.271740 1.346600
0.271760 1.389300
0.271780 1.411900
0.271800 1.118500
0.271820 1.339300
0.271840 1.116900
0.271860 1.150000
0.271880 1.377200
0.271900 1.343400
0.271920 1.318400
0.271940 1.328100
0.271960 1.128200
0.271980 1.305500
0.272000 1.318400
0.272020 1.139500
0.272040 1.350600
0.272060 1.313600
0.272080 1.313600
0.272100 1.339300
0.272120 1.270000
0.272140 1.419900
0.272160 1.595600
0.272180 1.944500
0.272200 2.382900
0.272220 2.607800
0.272240 2.785100
0.272260 2.710900
0.272280 2.476400
0.272300 2.150000
0.272320 1.845400
0.272340 1.661700
0.272360 1.356300
0.272380 1.447300
0.272400 1.344200
0.272420 1.374800
0.272440 1.439300
0.272460 1.284500
0.272480 1.511000
0.272500 1.501300
0.272520 1.603700
0.272540 1.629500
0.272560 1.591600
0.272580 1.570600
0.272600 1.507000
0.272620 1.469900
0.272640 1.295000
0.272660 1.376400
0.272680 1.247500
0.272700 1.318400
0.272720 1.308700
0.272740 1.215200
0.272760 1.320000
0.272780 1.321600
0.272800 1.366700
0.272820 1.382100
0.272840 1.318400
0.272860 1.419900
0.272880 1.411900
0.272900 1.418300
0.272920 1.391700
0.272940 1.399000
0.272960 1.359500
0.272980 1.352200
0.273000 1.318400
0.273020 1.358700
0.273040 1.333700
0.273060 1.193500
0.273080 1.311900
0.273100 1.236200
0.273120 1.205600
0.273140 1.355500
0.273160 1.158800
0.273180 1.282900
0.273200 1.631100
0.273220 1.954200
0.273240 2.360400
0.273260 2.630300
0.273280 2.650500
0.273300 2.617400
0.273320 2.313600
0.273340 2.047700
0.273360 1.751100
0.273380 1.569000
0.273400 1.417500
0.273420 1.348200
0.273440 1.317600
0.273460 1.298200
0.273480 1.378800
0.273500 1.475500
0.273520 1.512600
0.273540 1.577100
0.273560 1.620600
0.273580 1.595600
0.273600 1.611700
0.273620 1.537600
0.273640 1.515800
0.273660 1.384500
0.273680 1.354700
0.273700 1.315200
0.273720 1.287800
0.273740 1.263600
0.273760 1.257900
0.273780 1.118500
0.273800 1.191100
0.273820 1.356300
0.273840 1.385300
0.273860 1.411100
0.273880 1.348200
0.273900 1.428800
0.273920 1.424000
0.273940 1.417500
0.273960 1.407800
0.273980 1.201500
0.274000 1.307900
0.274020 1.353800
0.274040 1.342600
0.274060 1.307100
0.274080 1.343400
0.274100 1.232200
0.274120 1.258800
0.274140 1.351400
0.274160 1.361900
0.274180 1.358700
0.274200 1.295000
0.274220 1.655200
0.274240 1.991300
0.274260 2.399900
0.274280 2.729500
0.274300 2.831800
0.274320 2.758500
0.274340 2.530400
0.274360 2.159700
0.274380 1.805100
0.274400 1.633500
0.274420 1.472300
0.274440 1.454600
0.274460 1.450500
0.274480 1.457800
0.274500 1.481200
0.274520 1.474700
0.274540 1.536800
0.274560 1.579500
0.274580 1.602100
0.274600 1.615800
0.274620 1.590000
0.274640 1.540000
0.274660 1.459400
0.274680 1.365100
0.274700 1.271600
0.274720 1.061300
0.274740 1.307900
0.274760 1.206400
0.274780 1.301500
0.274800 1.314400
0.274820 1.311900
0.274840 1.345000
0.274860 1.378800
0.274880 1.394100
0.274900 1.402200
0.274920 1.310300
0.274940 1.356300
0.274960 1.398200
0.274980 1.400600
0.275000 1.298200
0.275020 1.354700
0.275040 1.174900
0.275060 1.340100
0.275080 1.340100
0.275100 1.337700
0.275120 1.100800
0.275140 1.233000
0.275160 1.262000
0.275180 1.345000
0.275200 1.347400
0.275220 1.354700
0.275240 1.399000
0.275260 1.519000
0.275280 1.794700
0.275300 2.201600
0.275320 2.571500
0.275340 2.771400
0.275360 2.751200
0.275380 2.593300
0.275400 2.337800
0.275420 1.913900
0.275440 1.735000
0.275460 1.455400
0.275480 1.484400
0.275500 1.451400
0.275520 1.417500
0.275540 1.438500
0.275560 1.465900
0.275580 1.540800
0.275600 1.451400
0.275620 1.638300
0.275640 1.661700
0.275660 1.668900
0.275680 1.633500
0.275700 1.577100
0.275720 1.502900
0.275740 1.482000
0.275760 1.267600
0.275780 1.352200
0.275800 1.299000
0.275820 1.311100
0.275840 1.252300
0.275860 1.311100
0.275880 1.195100
0.275900 1.311900
0.275920 1.398200
0.275940 1.392500
0.275960 1.443300
0.275980 1.440900
0.276000 1.451400
0.276020 1.438500
0.276040 1.418300
0.276060 1.389300
0.276080 1.274100
0.276100 1.305500
0.276120 1.349000
0.276140 1.327300
0.276160 1.279700
0.276180 1.353800
0.276200 1.353800
0.276220 1.341800
0.276240 1.378000
0.276260 1.550500
0.276280 1.828500
0.276300 2.247500
0.276320 2.618200
0.276340 2.795500
0.276360 2.779400
0.276380 2.564200
0.276400 2.283000
0.276420 1.897000
0.276440 1.714100
0.276460 1.601200
0.276480 1.536800
0.276500 1.465900
0.276520 1.436800
0.276540 1.428800
0.276560 1.479600
0.276580 1.346600
0.276600 1.584300
0.276620 1.631100
0.276640 1.627800
0.276660 1.612500
0.276680 1.618200
0.276700 1.565800
0.276720 1.534400
0.276740 1.449700
0.276760 1.413500
0.276780 1.361900
0.276800 1.291000
0.276820 1.207200
0.276840 1.329700
0.276860 1.326400
0.276880 1.292600
0.276900 1.393300
0.276920 1.372400
0.276940 1.447300
0.276960 1.390900
0.276980 1.446500
0.277000 1.140300
0.277020 1.395800
0.277040 1.360300
0.277060 1.377200
0.277080 1.355500
0.277100 1.334500
0.277120 1.349800
0.277140 1.353800
0.277160 1.334500
0.277180 1.368400
0.277200 1.386900
0.277220 1.379600
0.277240 1.354700
0.277260 1.361100
0.277280 1.389300
0.277300 1.543200
0.277320 1.836600
0.277340 2.260400
0.277360 2.672200
0.277380 2.843900
0.277400 2.854400
0.277420 2.684300
0.277440 2.387000
0.277460 2.050100
0.277480 1.768900
0.277500 1.473100
0.277520 1.344200
0.277540 1.488400
0.277560 1.501300
0.277580 1.478800
0.277600 1.527900
0.277620 1.500500
0.277640 1.576300
0.277660 1.624600
0.277680 1.621400
0.277700 1.624600
0.277720 1.610900
0.277740 1.434400
0.277760 1.514200
0.277780 1.287000
0.277800 1.363500
0.277820 1.333700
0.277840 1.315200
0.277860 1.295000
0.277880 1.185400
0.277900 1.208000
0.277920 1.330500
0.277940 1.370800
0.277960 1.370000
0.277980 1.402200
0.278000 1.432800
0.278020 1.415100
0.278040 1.427200
0.278060 1.395800
0.278080 1.244200
0.278100 1.403000
0.278120 1.356300
0.278140 1.315200
0.278160 1.342600
0.278180 1.361100
0.278200 1.291800
0.278220 1.303900
0.278240 1.278100
0.278260 1.347400
0.278280 1.224100
0.278300 1.352200
0.278320 1.350600
0.278340 1.395800
0.278360 1.709200
0.278380 2.085600
0.278400 2.492500
0.278420 2.776200
0.278440 2.793900
0.278460 2.675500
0.278480 2.379700
0.278500 2.055800
0.278520 1.767300
0.278540 1.598800
0.278560 1.363500
0.278580 1.372400
0.278600 1.317600
0.278620 1.347400
0.278640 1.444100
0.278660 1.511800
0.278680 1.548100
0.278700 1.549700
0.278720 1.652800
0.278740 1.654400
0.278760 1.627000
0.278780 1.572200
0.278800 1.519000
0.278820 1.453000
0.278840 1.376400
0.278860 1.361100
0.278880 1.328100
0.278900 1.293400
0.278920 1.257100
0.278940 1.256300
0.278960 1.313600
0.278980 1.229700
0.279000 1.389300
0.279020 1.394100
0.279040 1.427200
0.279060 1.386100
0.279080 1.345800
0.279100 1.336900
0.279120 1.369200
0.279140 1.249100
0.279160 1.373200
0.279180 1.370800
0.279200 1.285300
0.279220 1.274900
0.279240 1.141100
0.279260 1.202300
0.279280 1.345800
0.279300 1.373200
0.279320 1.546400
0.279340 1.811600
0.279360 2.230600
0.279380 2.619000
0.279400 2.808400
0.279420 2.795500
0.279440 2.612600
0.279460 2.299100
0.279480 1.948600
0.279500 1.719700
0.279520 1.562600
0.279540 1.300700
0.279560 1.432000
0.279580 1.399800
0.279600 1.335300
0.279620 1.418300
0.279640 1.508600
0.279660 1.559300
0.279680 1.615800
0.279700 1.634300
0.279720 1.581100
0.279740 1.561000
0.279760 1.441700
0.279780 1.353000
0.279800 1.301500
0.279820 1.208000
0.279840 1.244200
0.279860 1.287000
0.279880 1.250700
0.279900 1.290200
0.279920 1.324800
0.279940 1.278900
0.279960 1.355500
0.279980 1.383700
0.280000 1.411900
0.280020 1.434400
0.280040 1.403800
0.280060 1.320000
0.280080 1.390900
0.280100 1.386100
0.280120 1.355500
0.280140 1.345800
0.280160 1.067800
0.280180 1.366700
0.280200 1.328900
0.280220 1.306300
0.280240 1.351400
0.280260 1.338500
0.280280 1.361100
0.280300 1.495700
0.280320 1.710800
0.280340 2.152500
0.280360 2.604500
0.280380 2.841500
0.280400 2.888200
0.280420 2.821300
0.280440 2.523200
0.280460 2.152500
0.280480 1.808400
0.280500 1.610100
0.280520 1.517400
0.280540 1.476300
0.280560 1.456200
0.280580 1.451400
0.280600 1.434400
0.280620 1.484400
0.280640 1.490800
0.280660 1.569000
0.280680 1.581100
0.280700 1.577900
0.280720 1.519900
0.280740 1.533600
0.280760 1.344200
0.280780 1.233000
0.280800 1.364300
0.280820 1.333700
0.280840 1.295000
0.280860 1.306300
0.280880 1.236200
0.280900 1.282900
0.280920 1.312700
0.280940 1.186200
0.280960 1.191900
0.280980 1.394100
0.281000 1.380400
0.281020 1.386900
0.281040 1.392500
0.281060 1.357100
0.281080 1.361900
0.281100 1.282900
0.281120 1.297400
0.281140 1.268400
0.281160 1.333700
0.281180 1.307900
0.281200 1.274900
0.281220 1.337700
0.281240 1.346600
0.281260 1.242600
0.281280 1.284500
0.281300 1.359500
0.281320 1.461000
0.281340 1.680200
0.281360 2.029200
0.281380 2.488500
0.281400 2.767300
0.281420 2.784200
0.281440 2.723000
0.281460 2.431300
0.281480 2.092800
0.281500 1.775300
0.281520 1.440900
0.281540 1.469900
0.281560 1.373200
0.281580 1.294200
0.281600 1.370000
0.281620 1.411900
0.281640 1.478800
0.281660 1.531100
0.281680 1.602100
0.281700 1.635900
0.281720 1.643200
0.281740 1.632700
0.281760 1.595600
0.281780 1.533600
0.281800 1.384500
0.281820 1.405400
0.281840 1.273300
0.281860 1.295000
0.281880 1.210400
0.281900 1.287800
0.281920 1.228900
0.281940 1.337700
0.281960 1.270800
0.281980 1.378000
0.282000 1.377200
0.282020 1.389300
0.282040 1.257900
0.282060 1.393300
0.282080 1.371600
0.282100 1.095200
0.282120 1.361100
0.282140 1.217700
0.282160 1.332100
0.282180 1.351400
0.282200 1.195100
0.282220 1.335300
0.282240 1.152400
0.282260 1.287800
0.282280 1.523100
0.282300 1.815600
0.282320 2.224200
0.282340 2.665000
0.282360 2.802000
0.282380 2.815700
0.282400 2.586000
0.282420 2.276600
0.282440 1.883300
0.282460 1.676200
0.282480 1.521500
0.282500 1.090300
0.282520 1.370800
0.282540 1.220900
0.282560 1.405400
0.282580 1.420700
0.282600 1.469900
0.282620 1.396600
0.282640 1.571400
0.282660 1.600400
0.282680 1.519000
0.282700 1.565000
0.282720 1.373200
0.282740 1.396600
0.282760 1.332900
0.282780 1.273300
0.282800 1.275700
0.282820 1.282100
0.282840 1.058900
0.282860 1.258800
0.282880 1.311900
0.282900 1.198300
0.282920 1.368400
0.282940 1.370000
0.282960 1.387700
0.282980 1.399000
0.283000 1.293400
0.283020 1.369200
0.283040 1.349000
0.283060 1.343400
0.283080 1.347400
0.283100 1.330500
0.283120 1.328100
0.283140 1.341000
0.283160 1.241000
0.283180 1.295800
0.283200 1.282900
0.283220 1.327300
0.283240 1.401400
0.283260 1.618200
0.283280 1.952600
0.283300 2.470800
0.283320 2.802800
0.283340 2.896300
0.283360 2.852700
0.283380 2.636000
0.283400 2.245100
0.283420 1.895400
0.283440 1.666500
0.283460 1.549700
0.283480 1.351400
0.283500 1.450500
0.283520 1.412700
0.283540 1.407800
0.283560 1.456200
0.283580 1.498100
0.283600 1.540000
0.283620 1.540800
0.283640 1.569800
0.283660 1.536800
0.283680 1.468300
0.283700 1.457800
0.283720 1.407800
0.283740 1.343400
0.283760 1.289400
0.283780 1.176600
0.283800 1.170900
0.283820 1.295800
0.283840 1.246700
0.283860 1.246700
0.283880 1.332900
0.283900 1.345000
0.283920 1.338500
0.283940 1.183000
0.283960 1.374000
0.283980 1.386100
0.284000 1.381200
0.284020 1.333700
0.284040 1.227300
0.284060 1.341000
0.284080 1.262000
0.284100 1.165300
0.284120 1.308700
0.284140 0.970300
0.284160 1.281300
0.284180 1.316800
0.284200 1.247500
0.284220 1.315200
0.284240 1.389300
0.284260 1.602100
0.284280 1.925200
0.284300 2.375700
0.284320 2.732700
0.284340 2.849500
0.284360 2.773800
0.284380 2.478000
0.284400 2.133100
0.284420 1.822100
0.284440 1.621400
0.284460 1.399800
0.284480 1.446500
0.284500 1.216800
0.284520 1.207200
0.284540 1.362700
0.284560 1.365100
0.284580 1.501300
0.284600 1.544800
0.284620 1.585900
0.284640 1.489200
0.284660 1.587500
0.284680 1.536000
0.284700 1.365900
0.284720 1.426400
0.284740 1.259600
0.284760 1.319200
0.284780 1.087900
0.284800 1.219300
0.284820 1.246700
0.284840 1.195900
0.284860 1.294200
0.284880 1.290200
0.284900 1.333700
0.284920 1.378800
0.284940 1.257900
0.284960 1.383700
0.284980 1.277300
0.285000 1.366700
0.285020 1.370000
0.285040 1.305500
0.285060 1.345000
0.285080 1.323200
0.285100 1.314400
0.285120 1.307100
0.285140 1.306300
0.285160 1.351400
0.285180 1.333700
0.285200 1.388500
0.285220 1.586700
0.285240 1.875200
0.285260 2.280600
0.285280 2.686700
0.285300 2.849500
0.285320 2.777800
0.285340 2.489300
0.285360 2.137100
0.285380 1.837400
0.285400 1.582700
0.285420 1.461800
0.285440 1.319200
0.285460 1.344200
0.285480 1.232200
0.285500 1.364300
0.285520 1.430400
0.285540 1.487600
0.285560 1.559300
0.285580 1.577100
0.285600 1.457800
0.285620 1.608500
0.285640 1.556900
0.285660 1.491600
0.285680 1.390900
0.285700 1.345800
0.285720 1.263600
0.285740 1.241000
0.285760 1.241000
0.285780 1.260400
0.285800 1.208000
0.285820 1.282900
0.285840 1.140300
0.285860 1.341000
0.285880 1.386900
0.285900 1.345800
0.285920 1.391700
0.285940 1.202300
0.285960 1.391700
0.285980 1.376400
0.286000 1.349800
0.286020 1.322400
0.286040 1.271600
0.286060 1.272500
0.286080 1.230500
0.286100 1.304700
0.286120 1.137900
0.286140 1.224900
0.286160 1.336100
0.286180 1.337700
0.286200 1.493300
0.286220 1.712500
0.286240 2.197600
0.286260 2.666600
0.286280 2.893800
0.286300 2.824500
0.286320 2.830200
0.286340 2.487700
0.286360 2.106500
0.286380 1.698800
0.286400 1.583500
0.286420 1.483600
0.286440 1.304700
0.286460 1.232200
0.286480 1.390900
0.286500 1.409500
0.286520 1.261200
0.286540 1.464200
0.286560 1.553700
0.286580 1.561000
0.286600 1.584300
0.286620 1.531900
0.286640 1.488400
0.286660 1.444100
0.286680 1.382100
0.286700 1.311900
0.286720 1.262800
0.286740 1.273300
0.286760 1.245100
0.286780 1.233000
0.286800 1.297400
0.286820 1.212800
0.286840 1.268400
0.286860 1.169300
0.286880 1.316800
0.286900 1.245100
0.286920 1.233000
0.286940 1.368400
0.286960 1.304700
0.286980 1.303100
0.287000 1.336100
0.287020 1.208000
0.287040 1.214400
0.287060 1.312700
0.287080 1.312700
0.287100 1.314400
0.287120 1.332100
0.287140 1.274900
0.287160 1.328100
0.287180 1.337700
0.287200 1.095200
0.287220 1.590800
0.287240 1.946200
0.287260 2.439300
0.287280 2.810800
0.287300 2.896300
0.287320 2.851900
0.287340 2.565900
0.287360 2.175000
0.287380 1.809200
0.287400 1.594000
0.287420 1.448900
0.287440 1.302300
0.287460 1.359500
0.287480 1.324000
0.287500 1.349000
0.287520 1.405400
0.287540 1.450500
0.287560 1.494900
0.287580 1.540800
0.287600 1.583500
0.287620 1.517400
0.287640 1.503700
0.287660 1.476300
0.287680 1.395800
0.287700 1.357100
0.287720 1.289400
0.287740 1.253900
0.287760 1.199900
0.287780 1.250700
0.287800 1.224900
0.287820 1.282900
0.287840 1.292600
0.287860 1.271600
0.287880 1.266000
0.287900 1.384500
0.287920 1.398200
0.287940 1.389300
0.287960 1.378800
0.287980 1.371600
0.288000 1.332100
0.288020 1.367500
0.288040 1.328900
0.288060 1.350600
0.288080 1.293400
0.288100 1.332900
0.288120 1.316000
0.288140 1.327300
0.288160 1.423200
0.288180 1.579500
0.288200 2.016300
0.288220 2.451400
0.288240 2.705300
0.288260 2.760100
0.288280 2.572300
0.288300 2.273300
0.288320 1.910700
0.288340 1.581900
0.288360 1.440100
0.288380 1.328100
0.288400 1.231400
0.288420 1.204000
0.288440 1.195100
0.288460 1.262000
0.288480 1.391700
0.288500 1.502900
0.288520 1.540800
0.288540 1.623000
0.288560 1.627800
0.288580 1.592400
0.288600 1.515000
0.288620 1.407000
0.288640 1.366700
0.288660 1.285300
0.288680 1.278100
0.288700 1.227300
0.288720 1.146700
0.288740 1.254700
0.288760 1.241000
0.288780 1.273300
0.288800 1.282900
0.288820 1.285300
0.288840 1.361100
0.288860 1.389300
0.288880 1.374800
0.288900 1.379600
0.288920 1.173300
0.288940 1.307900
0.288960 1.377200
0.288980 1.341800
0.289000 1.286200
0.289020 1.281300
0.289040 1.235400
0.289060 1.287800
0.289080 1.324000
0.289100 1.583500
0.289120 1.934100
0.289140 2.445800
0.289160 2.756000
0.289180 2.860000
0.289200 2.719000
0.289220 2.510300
0.289240 2.136300
0.289260 1.797900
0.289280 1.438500
0.289300 1.444900
0.289320 1.405400
0.289340 1.390900
0.289360 1.396600
0.289380 1.378000
0.289400 1.495700
0.289420 1.465900
0.289440 1.497300
0.289460 1.547300
0.289480 1.566600
0.289500 1.502900
0.289520 1.532700
0.289540 1.405400
0.289560 1.346600
0.289580 1.342600
0.289600 1.052500
0.289620 1.205600
0.289640 1.161200
0.289660 1.114500
0.289680 1.248300
0.289700 1.206400
0.289720 1.234600
0.289740 1.295800
0.289760 1.285300
0.289780 1.370000
0.289800 1.319200
0.289820 1.339300
0.289840 1.341000
0.289860 1.253100
0.289880 1.363500
0.289900 1.361900
0.289920 1.262800
0.289940 1.341000
0.289960 1.272500
0.289980 1.276500
0.290000 1.281300
0.290020 1.415900
0.290040 1.628600
0.290060 1.996100
0.290080 2.418400
0.290100 2.749600
0.290120 2.830200
0.290140 2.683500
0.290160 2.398200
0.290180 1.996900
0.290200 1.710800
0.290220 1.543200
0.290240 1.366700
0.290260 1.429600
0.290280 1.265200
0.290300 1.378800
0.290320 1.412700
0.290340 1.365900
0.290360 1.388500
0.290380 1.528700
0.290400 1.341000
0.290420 1.563400
0.290440 1.561800
0.290460 1.507000
0.290480 1.360300
0.290500 1.421500
0.290520 1.357100
0.290540 1.258800
0.290560 1.295800
0.290580 1.285300
0.290600 1.271600
0.290620 1.285300
0.290640 1.238600
0.290660 1.336100
0.290680 1.350600
0.290700 1.362700
0.290720 1.329700
0.290740 1.333700
0.290760 1.371600
0.290780 1.336900
0.290800 1.248300
0.290820 1.369200
0.290840 1.310300
0.290860 1.338500
0.290880 1.284500
0.290900 1.350600
0.290920 1.320800
0.290940 1.361900
0.290960 1.432000
0.290980 1.669700
0.291000 2.017100
0.291020 2.407900
0.291040 2.623100
0.291060 2.702100
0.291080 2.561800
0.291100 2.286200
0.291120 1.935700
0.291140 1.721300
0.291160 1.544000
0.291180 1.420700
0.291200 1.334500
0.291220 1.312700
0.291240 1.334500
0.291260 1.344200
0.291280 1.472300
0.291300 1.547300
0.291320 1.594000
0.291340 1.621400
0.291360 1.660100
0.291380 1.610100
0.291400 1.490800
0.291420 1.470700
0.291440 1.411900
0.291460 1.320800
0.291480 1.197500
0.291500 1.278100
0.291520 1.216000
0.291540 1.212000
0.291560 1.309500
0.291580 1.318400
0.291600 1.302300
0.291620 1.259600
0.291640 1.116100
0.291660 1.385300
0.291680 1.350600
0.291700 1.222500
0.291720 1.370800
0.291740 1.244200
0.291760 1.324800
0.291780 1.307900
0.291800 1.322400
0.291820 1.343400
0.291840 1.293400
0.291860 1.258800
0.291880 1.376400
0.291900 1.703600
0.291920 2.141200
0.291940 2.490100
0.291960 2.825300
0.291980 2.856000
0.292000 2.685100
0.292020 2.419200
0.292040 2.047700
0.292060 1.795500
0.292080 1.599600
0.292100 1.520700
0.292120 1.407000
0.292140 1.447300
0.292160 1.402200
0.292180 1.444900
0.292200 1.493300
0.292220 1.462600
0.292240 1.540800
0.292260 1.511000
0.292280 1.546400
0.292300 1.478800
0.292320 1.489200
0.292340 1.435200
0.292360 1.411900
0.292380 1.253900
0.292400 1.287800
0.292420 1.122600
0.292440 1.187000
0.292460 1.277300
0.292480 1.179000
0.292500 1.284500
0.292520 1.231400
0.292540 1.304700
0.292560 1.375600
0.292580 1.376400
0.292600 1.400600
0.292620 1.403000
0.292640 1.348200
0.292660 1.371600
0.292680 1.364300
0.292700 1.315200
0.292720 1.300700
0.292740 1.172500
0.292760 1.325600
0.292780 1.263600
0.292800 1.230500
0.292820 1.339300
0.292840 1.417500
0.292860 1.630300
0.292880 1.982400
0.292900 2.416800
0.292920 2.763300
0.292940 2.851100
0.292960 2.758500
0.292980 2.468400
0.293000 2.125900
0.293020 1.833300
0.293040 1.637500
0.293060 1.502100
0.293080 1.421500
0.293100 1.376400
0.293120 1.390100
0.293140 1.395800
0.293160 1.403800
0.293180 1.384500
0.293200 1.525500
0.293220 1.556900
0.293240 1.544000
0.293260 1.554500
0.293280 1.503700
0.293300 1.475500
0.293320 1.057300
0.293340 1.365900
0.293360 1.319200
0.293380 1.280500
0.293400 1.096000
0.293420 1.282100
0.293440 1.191100
0.293460 1.300700
0.293480 1.191900
0.293500 1.268400
0.293520 1.346600
0.293540 1.345800
0.293560 1.333700
0.293580 1.303900
0.293600 1.362700
0.293620 1.367500
0.293640 1.330500
0.293660 1.363500
0.293680 1.337700
0.293700 1.341800
0.293720 1.324800
0.293740 1.328100
0.293760 1.296600
0.293780 1.262800
0.293800 1.357100
0.293820 1.531100
0.293840 1.868800
0.293860 2.294300
0.293880 2.623100
0.293900 2.735900
0.293920 2.636000
0.293940 2.391000
0.293960 2.076700
0.293980 1.769700
0.294000 1.472300
0.294020 1.433600
0.294040 1.335300
0.294060 1.270000
0.294080 1.262800
0.294100 1.309500
0.294120 1.408600
0.294140 1.368400
0.294160 1.535200
0.294180 1.596400
0.294200 1.602900
0.294220 1.575500
0.294240 1.549700
0.294260 1.467500
0.294280 1.347400
0.294300 1.331300
0.294320 1.285300
0.294340 1.250700
0.294360 1.256300
0.294380 1.167700
0.294400 1.155600
0.294420 1.307900
0.294440 1.313600
0.294460 1.332900
0.294480 1.384500
0.294500 1.244200
0.294520 1.401400
0.294540 1.390100
0.294560 1.349800
0.294580 1.362700
0.294600 1.337700
0.294620 1.357100
0.294640 1.327300
0.294660 1.325600
0.294680 1.328900
0.294700 1.331300
0.294720 1.299900
0.294740 1.320800
0.294760 1.367500
0.294780 1.502100
0.294800 1.800300
0.294820 2.210500
0.294840 2.615800
0.294860 2.821300
0.294880 2.851900
0.294900 2.652100
0.294920 2.356300
0.294940 1.988100
0.294960 1.718900
0.294980 1.547300
0.295000 1.466700
0.295020 1.397400
0.295040 1.359500
0.295060 1.376400
0.295080 1.371600
0.295100 1.458600
0.295120 1.515800
0.295140 1.469900
0.295160 1.576300
0.295180 1.587500
0.295200 1.539200
0.295220 1.494900
0.295240 1.403000
0.295260 1.363500
0.295280 1.278900
0.295300 1.262000
0.295320 1.235400
0.295340 1.276500
0.295360 1.245100
0.295380 1.255500
0.295400 1.296600
0.295420 1.303100
0.295440 1.336900
0.295460 1.366700
0.295480 1.236200
0.295500 1.314400
0.295520 1.382900
0.295540 1.227300
0.295560 1.315200
0.295580 1.273300
0.295600 1.234600
0.295620 1.177400
0.295640 1.309500
0.295660 1.325600
0.295680 1.177400
0.295700 1.256300
0.295720 1.304700
0.295740 1.045200
0.295760 1.224100
0.295780 1.645600
0.295800 1.988900
0.295820 2.392600
0.295840 2.709300
0.295860 2.792300
0.295880 2.674700
0.295900 2.412700
0.295920 2.055800
0.295940 1.746300
0.295960 1.579500
0.295980 1.436000
0.296000 1.380400
0.296020 1.332900
0.296040 1.324000
0.296060 1.322400
0.296080 1.410300
0.296100 1.489200
0.296120 1.530300
0.296140 1.590000
0.296160 1.588400
0.296180 1.558500
0.296200 1.542400
0.296220 1.405400
0.296240 1.241000
0.296260 1.260400
0.296280 1.295800
0.296300 1.284500
0.296320 1.186200
0.296340 1.244200
0.296360 1.272500
0.296380 1.274900
0.296400 1.309500
0.296420 1.270000
0.296440 1.343400
0.296460 1.386100
0.296480 1.377200
0.296500 1.415100
0.296520 1.393300
0.296540 1.394900
0.296560 1.333700
0.296580 1.365900
0.296600 1.327300
0.296620 1.316000
0.296640 1.288600
0.296660 1.319200
0.296680 1.242600
0.296700 1.097600
0.296720 1.293400
0.296740 1.507800
0.296760 1.819600
0.296780 2.239500
0.296800 2.526400
0.296820 2.661000
0.296840 2.591600
0.296860 2.350700
0.296880 2.023500
0.296900 1.747900
0.296920 1.327300
0.296940 1.359500
0.296960 1.252300
0.296980 1.248300
0.297000 1.191100
0.297020 1.310300
0.297040 1.198300
0.297060 1.518200
0.297080 1.610100
0.297100 1.657700
0.297120 1.658500
0.297140 1.621400
0.297160 1.552100
0.297180 1.486000
0.297200 1.367500
0.297220 1.346600
0.297240 1.291000
0.297260 1.053300
0.297280 1.237000
0.297300 1.257100
0.297320 1.140300
0.297340 1.246700
0.297360 1.309500
0.297380 1.305500
0.297400 1.371600
0.297420 1.253900
0.297440 1.397400
0.297460 1.316000
0.297480 1.391700
0.297500 1.405400
0.297520 1.348200
0.297540 1.230500
0.297560 1.349800
0.297580 1.278100
0.297600 1.313600
0.297620 1.309500
0.297640 1.373200
0.297660 1.581900
0.297680 1.842200
0.297700 2.342600
0.297720 2.710900
0.297740 2.822100
0.297760 2.778600
0.297780 2.532800
0.297800 2.197600
0.297820 1.858300
0.297840 1.676200
0.297860 1.526300
0.297880 1.396600
0.297900 1.273300
0.297920 1.406200
0.297940 1.391700
0.297960 1.340100
0.297980 1.492500
0.298000 1.540000
0.298020 1.566600
0.298040 1.595600
0.298060 1.592400
0.298080 1.370800
0.298100 1.481200
0.298120 1.131400
0.298140 1.370800
0.298160 1.291800
0.298180 1.038800
0.298200 1.249900
0.298220 1.245100
0.298240 1.261200
0.298260 1.290200
0.298280 1.189500
0.298300 1.358700
0.298320 1.309500
0.298340 1.311900
0.298360 1.291800
0.298380 1.397400
0.298400 1.392500
0.298420 1.382900
0.298440 1.293400
0.298460 1.154000
0.298480 1.192700
0.298500 1.335300
0.298520 1.305500
0.298540 1.316000
0.298560 1.333700
0.298580 1.262800
0.298600 1.427200
0.298620 1.622200
0.298640 2.054900
0.298660 2.492500
0.298680 2.764900
0.298700 2.851900
0.298720 2.708500
0.298740 2.403100
0.298760 2.025100
0.298780 1.799500
0.298800 1.563400
0.298820 1.431200
0.298840 1.450500
0.298860 1.418300
0.298880 1.399800
0.298900 1.380400
0.298920 1.440900
0.298940 1.473100
0.298960 1.535200
0.298980 1.579500
0.299000 1.501300
0.299020 1.560100
0.299040 1.282900
0.299060 1.440100
0.299080 1.335300
0.299100 1.273300
0.299120 1.284500
0.299140 1.292600
0.299160 1.285300
0.299180 1.057300
0.299200 1.172500
0.299220 1.326400
0.299240 1.326400
0.299260 1.300700
0.299280 1.350600
0.299300 1.306300
0.299320 1.272500
0.299340 1.340100
0.299360 1.411900
0.299380 1.386900
0.299400 1.352200
0.299420 1.330500
0.299440 1.361100
0.299460 1.350600
0.299480 1.295000
0.299500 1.322400
0.299520 1.336900
0.299540 1.320000
0.299560 1.292600
0.299580 1.457000
0.299600 1.717300
0.299620 2.077500
0.299640 2.474000
0.299660 2.707700
0.299680 2.706100
0.299700 2.521500
0.299720 2.237900
0.299740 1.900200
0.299760 1.693900
0.299780 1.459400
0.299800 1.303900
0.299820 1.299000
0.299840 1.192700
0.299860 1.315200
0.299880 1.398200
0.299900 1.454600
0.299920 1.562600
0.299940 1.619800
0.299960 1.635100
0.299980 1.403800
0.300000 1.556900
0.300020 1.541600
0.300040 1.469900
0.300060 1.370000
0.300080 1.277300
0.300100 1.312700
0.300120 1.249900
0.300140 1.252300
0.300160 1.288600
0.300180 1.282900
0.300200 1.265200
0.300220 1.341800
0.300240 1.370800
0.300260 1.394900
0.300280 1.414300
0.300300 1.430400
0.300320 1.327300
0.300340 1.383700
0.300360 1.205600
0.300380 1.224100
0.300400 1.346600
0.300420 1.350600
0.300440 1.328100
0.300460 1.344200
0.300480 1.303100
0.300500 1.333700
0.300520 1.110500
0.300540 1.622200
0.300560 2.017100
0.300580 2.488500
0.300600 2.810000
0.300620 2.864800
0.300640 2.804400
0.300660 2.513500
0.300680 2.164500
0.300700 1.809200
0.300720 1.645600
0.300740 1.479600
0.300760 1.498900
0.300780 1.461000
0.300800 1.423200
0.300820 1.418300
0.300840 1.464200
0.300860 1.353800
0.300880 1.551300
0.300900 1.586700
0.300920 1.595600
0.300940 1.528700
0.300960 1.458600
0.300980 1.290200
0.301000 1.340100
0.301020 1.365100
0.301040 1.175800
0.301060 1.291800
0.301080 1.298200
0.301100 1.253900
0.301120 1.278900
0.301140 1.264400
0.301160 1.319200
0.301180 1.337700
0.301200 1.381200
0.301220 1.383700
0.301240 1.261200
0.301260 1.405400
0.301280 1.391700
0.301300 1.362700
0.301320 1.263600
0.301340 1.339300
0.301360 1.201500
0.301380 1.324800
0.301400 1.201500
0.301420 1.326400
0.301440 1.233000
0.301460 1.294200
0.301480 1.286200
0.301500 1.308700
0.301520 1.419900
0.301540 1.639100
0.301560 2.115400
0.301580 2.497400
0.301600 2.849500
0.301620 2.858400
0.301640 2.781800
0.301660 2.471600
0.301680 2.100900
0.301700 1.804300
0.301720 1.554500
0.301740 1.474700
0.301760 1.422300
0.301780 1.450500
0.301800 1.267600
0.301820 1.441700
0.301840 1.459400
0.301860 1.469900
0.301880 1.353800
0.301900 1.490000
0.301920 1.560100
0.301940 1.496500
0.301960 1.465900
0.301980 1.460200
0.302000 1.390900
0.302020 1.188600
0.302040 1.310300
0.302060 1.290200
0.302080 1.185400
0.302100 1.303100
0.302120 1.235400
0.302140 1.264400
0.302160 1.327300
0.302180 1.346600
0.302200 1.332100
0.302220 1.390100
0.302240 1.410300
0.302260 1.408600
0.302280 1.303100
0.302300 1.381200
0.302320 1.346600
0.302340 1.123400
0.302360 1.296600
0.302380 1.205600
0.302400 1.286200
0.302420 1.186200
0.302440 1.299000
0.302460 1.224900
0.302480 1.350600
0.302500 1.360300
0.302520 1.304700
0.302540 1.012200
0.302560 1.446500
0.302580 1.574700
0.302600 1.971900
0.302620 2.407900
0.302640 2.706100
0.302660 2.822100
0.302680 2.708500
0.302700 2.437700
0.302720 2.083200
0.302740 1.776100
0.302760 1.581900
0.302780 1.418300
0.302800 1.327300
0.302820 1.325600
0.302840 1.289400
0.302860 1.340100
0.302880 1.436800
0.302900 1.441700
0.302920 1.559300
0.302940 1.615800
0.302960 1.644800
0.302980 1.574700
0.303000 1.531100
0.303020 1.473100
0.303040 1.364300
0.303060 1.257100
0.303080 1.183800
0.303100 1.228100
0.303120 1.274900
0.303140 1.280500
0.303160 1.266800
0.303180 1.289400
0.303200 1.310300
0.303220 1.321600
0.303240 1.325600
0.303260 1.390900
0.303280 1.386100
0.303300 1.149200
0.303320 1.365900
0.303340 1.347400
0.303360 1.362700
0.303380 1.198300
0.303400 1.351400
0.303420 1.127400
0.303440 1.260400
0.303460 1.230500
0.303480 1.167700
0.303500 1.303100
0.303520 1.308700
0.303540 1.342600
0.303560 1.336900
0.303580 1.354700
0.303600 1.357100
0.303620 1.269200
0.303640 1.340100
0.303660 1.760000
0.303680 2.201600
0.303700 2.627900
0.303720 2.875300
0.303740 2.843900
0.303760 2.780200
0.303780 2.459500
0.303800 2.105700
0.303820 1.776900
0.303840 1.603700
0.303860 1.382100
0.303880 1.459400
0.303900 1.408600
0.303920 1.461800
0.303940 1.460200
0.303960 1.450500
0.303980 1.505300
0.304000 1.531900
0.304020 1.461000
0.304040 1.575500
0.304060 1.465900
0.304080 1.507000
0.304100 1.390900
0.304120 1.310300
0.304140 1.341000
0.304160 1.306300
0.304180 1.266000
0.304200 1.293400
0.304220 1.189500
0.304240 1.236200
0.304260 1.317600
0.304280 1.339300
0.304300 1.308700
0.304320 1.316800
0.304340 1.185400
0.304360 1.383700
0.304380 1.395800
0.304400 1.150000
0.304420 1.350600
0.304440 1.282100
0.304460 1.332100
0.304480 1.149200
0.304500 1.315200
0.304520 1.312700
0.304540 1.282100
0.304560 1.270000
0.304580 1.281300
0.304600 1.266000
0.304620 1.307100
0.304640 1.253100
0.304660 1.347400
0.304680 1.337700
0.304700 1.176600
0.304720 1.357900
0.304740 1.434400
0.304760 1.648000
0.304780 1.996100
0.304800 2.421600
0.304820 2.746400
0.304840 2.814900
0.304860 2.718200
0.304880 2.468400
0.304900 2.131500
0.304920 1.824500
0.304940 1.465100
0.304960 1.482800
0.304980 1.338500
0.305000 1.366700
0.305020 1.345800
0.305040 1.378000
0.305060 1.436800
0.305080 1.521500
0.305100 1.481200
0.305120 1.557700
0.305140 1.610100
0.305160 1.608500
0.305180 1.571400
0.305200 1.508600
0.305220 1.108100
0.305240 1.392500
0.305260 1.248300
0.305280 1.160400
0.305300 1.249900
0.305320 1.174100
0.305340 1.215200
0.305360 1.232200
0.305380 1.331300
0.305400 1.320000
0.305420 1.382900
0.305440 1.393300
0.305460 1.353000
0.305480 1.405400
0.305500 1.318400
0.305520 1.364300
0.305540 1.380400
0.305560 1.341000
0.305580 1.328900
0.305600 1.106400
0.305620 1.360300
0.305640 1.353000
0.305660 1.235400
0.305680 1.289400
0.305700 1.303100
0.305720 1.314400
0.305740 1.282900
0.305760 1.540800
0.305780 1.840600
0.305800 2.211300
0.305820 2.542500
0.305840 2.682700
0.305860 2.617400
0.305880 2.409500
0.305900 2.100100
0.305920 1.817200
0.305940 1.579500
0.305960 1.261200
0.305980 1.323200
0.306000 1.272500
0.306020 1.261200
0.306040 1.187000
0.306060 1.313600
0.306080 1.479600
0.306100 1.587500
0.306120 1.618200
0.306140 1.504500
0.306160 1.639900
0.306180 1.577100
0.306200 1.432000
0.306220 1.490000
0.306240 1.357100
0.306260 1.303900
0.306280 1.277300
0.306300 1.094400
0.306320 1.283700
0.306340 1.112100
0.306360 1.301500
0.306380 1.311100
0.306400 1.355500
0.306420 1.366700
0.306440 1.398200
0.306460 1.407800
0.306480 1.261200
0.306500 1.427200
0.306520 1.424000
0.306540 1.387700
0.306560 1.372400
0.306580 1.372400
0.306600 1.350600
0.306620 1.246700
0.306640 1.292600
0.306660 1.309500
0.306680 1.359500
0.306700 1.504500
0.306720 1.690700
0.306740 2.242700
0.306760 2.570700
0.306780 2.831000
0.306800 2.842300
0.306820 2.692400
0.306840 2.374100
0.306860 2.040400
0.306880 1.768100
0.306900 1.564200
0.306920 1.425600
0.306940 1.386100
0.306960 1.234600
0.306980 1.394900
0.307000 1.407800
0.307020 1.363500
0.307040 1.428000
0.307060 1.549700
0.307080 1.547300
0.307100 1.480400
0.307120 1.432000
0.307140 1.443300
0.307160 1.488400
0.307180 1.368400
0.307200 1.349000
0.307220 1.303900
0.307240 1.275700
0.307260 1.021800
0.307280 1.247500
0.307300 1.274900
0.307320 1.289400
0.307340 1.283700
0.307360 1.219300
0.307380 1.356300
0.307400 1.401400
0.307420 1.288600
0.307440 1.378800
0.307460 1.301500
0.307480 1.270000
0.307500 1.432800
0.307520 1.406200
0.307540 1.407000
0.307560 1.415100
0.307580 1.399000
0.307600 1.349800
0.307620 1.324000
0.307640 1.253100
0.307660 1.544800
0.307680 1.822100
0.307700 2.295900
0.307720 2.741500
0.307740 2.893800
0.307760 2.899500
0.307780 2.843900
0.307800 2.576300
0.307820 2.181500
0.307840 1.839800
0.307860 1.648800
0.307880 1.536800
0.307900 1.467500
0.307920 1.436800
0.307940 1.459400
0.307960 1.501300
0.307980 1.522300
0.308000 1.562600
0.308020 1.616600
0.308040 1.648000
0.308060 1.666500
0.308080 1.624600
0.308100 1.601200
0.308120 1.507000
0.308140 1.440100
0.308160 1.344200
0.308180 1.307100
0.308200 1.307900
0.308220 1.302300
0.308240 1.297400
0.308260 1.317600
0.308280 1.172500
0.308300 1.382100
0.308320 1.334500
0.308340 1.399000
0.308360 1.459400
0.308380 1.434400
0.308400 1.453800
0.308420 1.444100
0.308440 1.401400
0.308460 1.378000
0.308480 1.312700
0.308500 1.276500
0.308520 1.357100
0.308540 1.349800
0.308560 1.137100
0.308580 1.285300
0.308600 1.368400
0.308620 1.158800
0.308640 1.326400
0.308660 1.395800
0.308680 1.569000
0.308700 1.846200
0.308720 2.398200
0.308740 2.815700
0.308760 2.898700
0.308780 2.886600
0.308800 2.811600
0.308820 2.462700
0.308840 2.055800
0.308860 1.695500
0.308880 1.479600
0.308900 1.363500
0.308920 1.366700
0.308940 1.368400
0.308960 1.399000
0.308980 1.461800
0.309000 1.548900
0.309020 1.588400
0.309040 1.634300
0.309060 1.691500
0.309080 1.664900
0.309100 1.636700
0.309120 1.596400
0.309140 1.481200
0.309160 1.431200
0.309180 1.385300
0.309200 1.341000
0.309220 1.304700
0.309240 1.325600
0.309260 1.324800
0.309280 1.340100
0.309300 1.387700
0.309320 1.411900
0.309340 1.404600
0.309360 1.377200
0.309380 1.457800
0.309400 1.300700
0.309420 1.451400
0.309440 1.438500
0.309460 1.373200
0.309480 1.369200
0.309500 1.398200
0.309520 1.357900
0.309540 1.359500
0.309560 1.158800
0.309580 1.369200
0.309600 1.366700
0.309620 1.361100
0.309640 1.373200
0.309660 1.401400
0.309680 1.501300
0.309700 1.778500
0.309720 2.227400
0.309740 2.707700
0.309760 2.896300
0.309780 2.885800
0.309800 2.885800
0.309820 2.588400
0.309840 2.172600
0.309860 1.816400
0.309880 1.567400
0.309900 1.425600
0.309920 1.236200
0.309940 1.301500
0.309960 1.282900
0.309980 1.360300
0.310000 1.475500
0.310020 1.507800
0.310040 1.598000
0.310060 1.636700
0.310080 1.655200
0.310100 1.637500
0.310120 1.457800
0.310140 1.509400
