0.000 1.9065
0.020 1.9097
0.040 1.9194
0.060 1.9097
0.080 1.8903
0.100 1.8968
0.120 1.9129
0.140 1.9065
0.160 1.9129
0.180 1.9065
0.200 1.9194
0.220 1.9097
0.240 1.9097
0.260 1.9065
0.280 1.9097
0.300 1.9194
0.320 1.9129
0.340 1.9161
0.360 1.9194
0.380 1.9129
0.400 1.9097
0.420 1.9097
0.440 1.9226
0.460 1.9097
0.480 1.9129
0.500 1.9129
0.520 1.9065
0.540 1.9129
0.560 1.9161
0.580 1.9129
0.600 1.9161
0.620 1.9226
0.640 1.9097
0.660 1.9161
0.680 1.9065
0.700 1.9226
0.720 1.9129
0.740 1.9097
0.760 1.9161
0.780 1.9161
0.800 1.9065
0.820 1.9032
0.840 1.9161
0.860 1.9129
0.880 1.9129
0.900 1.9129
0.920 1.9129
0.940 1.9161
0.960 1.9097
0.980 1.9097
1.000 1.9129
1.020 1.9161
1.040 1.9065
1.060 1.9032
1.080 1.9161
1.100 1.9097
1.120 1.9000
1.140 1.8935
1.160 1.9161
1.180 1.9065
1.200 1.9032
1.220 1.9226
1.240 1.9065
1.260 1.9032
1.280 1.9000
1.300 1.8935
1.320 1.9000
1.340 1.9065
1.360 1.9000
1.380 1.9065
1.400 1.9032
1.420 1.9000
1.440 1.8935
1.460 1.9065
1.480 1.9032
1.500 1.8968
1.520 1.9000
1.540 1.9000
1.560 1.9032
1.580 1.9000
1.600 1.8935
1.620 1.9032
1.640 1.9032
1.660 1.9000
1.680 1.9000
1.700 1.8935
1.720 1.8968
1.740 1.9032
1.760 1.8935
1.780 1.8935
1.800 1.8935
1.820 1.9000
1.840 1.9000
1.860 1.8935
1.880 1.8968
1.900 1.8935
1.920 1.8935
1.940 1.8968
1.960 1.8968
1.980 1.8968
2.000 1.9000
2.020 1.8935
2.040 1.8968
2.060 1.8935
2.080 1.8935
2.100 1.8774
2.120 1.8903
2.140 1.8935
2.160 1.8903
2.180 1.8968
2.200 1.8839
2.220 1.8903
2.240 1.8935
2.260 1.8903
2.280 1.8935
2.300 1.9000
2.320 1.8935
2.340 1.8903
2.360 1.8968
2.380 1.8903
2.400 1.9032
2.420 1.8871
2.440 1.8968
2.460 1.8806
2.480 1.8935
2.500 1.9000
2.520 1.8903
2.540 1.8903
2.560 1.9000
2.580 1.8935
2.600 1.8968
2.620 1.8935
2.640 1.9000
2.660 1.9000
2.680 1.8903
2.700 1.8903
2.720 1.8871
2.740 1.9000
2.760 1.8935
2.780 1.8935
2.800 1.9032
2.820 1.9000
2.840 1.9032
2.860 1.9000
2.880 1.8903
2.900 1.9032
2.920 1.9000
2.940 1.9065
2.960 1.9000
2.980 1.8968
3.000 1.9194
3.020 1.9032
3.040 1.9000
3.060 1.9129
3.080 1.8968
3.100 1.9000
3.120 1.9000
3.140 1.9032
3.160 1.9032
3.180 1.9032
3.200 1.9065
3.220 1.9065
3.240 1.9032
3.260 1.9226
3.280 1.9032
3.300 1.9032
3.320 1.8968
3.340 1.9097
3.360 1.9097
3.380 1.9161
3.400 1.9065
3.420 1.9000
3.440 1.9097
3.460 1.9097
3.480 1.9097
3.500 1.9000
3.520 1.9194
3.540 1.9032
3.560 1.9129
3.580 1.9129
3.600 1.9129
3.620 1.9065
3.640 1.9129
3.660 1.9161
3.680 1.9194
3.700 1.9226
3.720 1.9129
3.740 1.9065
3.760 1.9129
3.780 1.9129
3.800 1.9161
3.820 1.9129
3.840 1.9194
3.860 1.9032
3.880 1.9129
3.900 1.9129
3.920 1.9097
3.940 1.9065
3.960 1.9000
3.980 1.9161
4.000 1.9097
4.020 1.9194
4.040 1.9194
4.060 1.9097
4.080 1.9129
4.100 1.9097
4.120 1.9194
4.140 1.9613
4.160 1.9065
4.180 1.9161
4.200 1.9097
4.220 1.9194
4.240 1.9097
4.260 1.8968
4.280 1.9129
4.300 1.9065
4.320 1.9194
4.340 1.9161
4.360 1.9097
4.380 1.9161
4.400 1.9129
4.420 1.9032
4.440 1.9194
4.460 1.9161
4.480 1.9097
4.500 1.9065
4.520 1.9161
4.540 1.9097
4.560 1.9129
4.580 1.9065
4.600 1.9258
4.620 1.9129
4.640 1.9097
4.660 1.9194
4.680 1.9226
4.700 1.9065
4.720 1.9161
4.740 1.9161
4.760 1.9258
4.780 1.9161
4.800 1.9032
4.820 1.9129
4.840 1.9226
4.860 1.9226
4.880 1.9129
4.900 1.9129
4.920 1.9065
4.940 1.9161
4.960 1.9194
4.980 1.9032
5.000 1.9129
5.020 1.9097
5.040 1.9129
5.060 1.9226
5.080 1.9129
5.100 1.9194
5.120 1.9161
5.140 1.9129
5.160 1.9065
5.180 1.9129
5.200 1.9097
5.220 1.9065
5.240 1.9097
5.260 1.9065
5.280 1.9065
5.300 1.9065
5.320 1.9032
5.340 1.9097
5.360 1.9032
5.380 1.9065
5.400 1.9032
5.420 1.9032
5.440 1.9065
5.460 1.9032
5.480 1.9452
5.500 1.9129
5.520 1.8968
5.540 1.8968
5.560 1.9097
5.580 1.9065
5.600 1.8968
5.620 1.9000
5.640 1.8935
5.660 1.9032
5.680 1.9000
5.700 1.8935
5.720 1.8968
5.740 1.9065
5.760 1.8871
5.780 1.9032
5.800 1.9000
5.820 1.8935
5.840 1.8903
5.860 1.8903
5.880 1.8968
5.900 1.9032
5.920 1.9000
5.940 1.8968
5.960 1.8871
5.980 1.8935
6.000 1.8903
6.020 1.8903
6.040 1.8871
6.060 1.8968
6.080 1.8968
6.100 1.8903
6.120 1.8871
6.140 1.8903
6.160 1.8903
6.180 1.8903
6.200 1.8935
6.220 1.8903
6.240 1.8871
6.260 1.8903
6.280 1.8806
6.300 1.8806
6.320 1.8742
6.340 1.8839
6.360 1.8710
6.380 1.8581
6.400 1.8935
6.420 1.8806
6.440 1.8774
6.460 1.8839
6.480 1.8839
6.500 1.8839
6.520 1.8968
6.540 1.8806
6.560 1.8774
6.580 1.8871
6.600 1.8871
6.620 1.8677
6.640 1.8935
6.660 1.8839
6.680 1.8903
6.700 1.8806
6.720 1.8742
6.740 1.8742
6.760 1.8839
6.780 1.8806
6.800 1.8806
6.820 1.8871
6.840 1.8839
6.860 1.8871
6.880 1.8871
6.900 1.8806
6.920 1.8677
6.940 1.8742
6.960 1.8871
6.980 1.8742
7.000 1.8774
7.020 1.8839
7.040 1.8871
7.060 1.8839
7.080 1.8774
7.100 1.8806
7.120 1.8871
7.140 1.8742
7.160 1.8742
7.180 1.8903
7.200 1.8903
7.220 1.9000
7.240 1.8871
7.260 1.8774
7.280 1.8871
7.300 1.8806
7.320 1.8903
7.340 1.8806
7.360 1.8903
7.380 1.8806
7.400 1.8710
7.420 1.8871
7.440 1.8871
7.460 1.8903
7.480 1.8968
7.500 1.8806
7.520 1.8903
7.540 1.9065
7.560 1.8903
7.580 1.8935
7.600 1.8968
7.620 1.8806
7.640 1.8935
7.660 1.8839
7.680 1.8903
7.700 1.8871
7.720 1.8903
7.740 1.8871
7.760 1.9000
7.780 1.8710
7.800 1.8903
7.820 1.8968
7.840 1.9065
7.860 1.9032
7.880 1.9032
7.900 1.9000
7.920 1.8903
7.940 1.9000
7.960 1.9355
7.980 1.8935
8.000 1.9000
8.020 1.8903
8.040 1.8742
8.060 1.9000
8.080 1.9000
8.100 1.9065
8.120 1.9065
8.140 1.9065
8.160 1.8968
8.180 1.9065
8.200 1.9032
8.220 1.9097
8.240 1.9000
8.260 1.9129
8.280 1.9000
8.300 1.9000
8.320 1.9065
8.340 1.9097
8.360 1.9097
8.380 1.9129
8.400 1.9161
8.420 1.9065
8.440 1.9000
8.460 1.9032
8.480 1.9161
8.500 1.9032
8.520 1.9129
8.540 1.9129
8.560 1.9161
8.580 1.9097
8.600 1.9129
8.620 1.9097
8.640 1.9161
8.660 1.9161
8.680 1.9194
8.700 1.9161
8.720 1.9000
8.740 1.9065
8.760 1.9161
8.780 1.9065
8.800 1.9129
8.820 1.9097
8.840 1.9226
8.860 1.9129
8.880 1.9161
8.900 1.9194
8.920 1.9194
8.940 1.9065
8.960 1.9065
8.980 1.9194
9.000 1.9129
9.020 1.9065
9.040 1.9161
9.060 1.9065
9.080 1.9194
9.100 1.9129
9.120 1.9065
9.140 1.9129
9.160 1.9129
9.180 1.9161
9.200 1.9129
9.220 1.9129
9.240 1.9097
9.260 1.9161
9.280 1.9129
9.300 1.9129
9.320 1.9097
9.340 1.9097
9.360 1.9097
9.380 1.9226
9.400 1.9161
9.420 1.9194
9.440 1.9161
9.460 1.9129
9.480 1.9129
9.500 1.9129
9.520 1.9097
9.540 1.9129
9.560 1.9129
9.580 1.9129
9.600 1.9129
9.620 1.9194
9.640 1.9161
9.660 1.9161
9.680 1.9161
9.700 1.9129
9.720 1.9129
9.740 1.9129
9.760 1.9194
9.780 1.9161
9.800 1.9194
9.820 1.9194
9.840 1.9194
9.860 1.9226
9.880 1.9161
9.900 1.9161
9.920 1.9161
9.940 1.9097
9.960 1.9226
9.980 1.9194
10.000 1.9161
10.020 1.9129
10.040 1.9065
10.060 1.9129
10.080 1.9129
10.100 1.9161
10.120 1.9194
10.140 1.9161
10.160 1.9129
10.180 1.9161
10.200 1.9194
10.220 1.9194
10.240 1.9065
10.260 1.9290
10.280 1.9129
10.300 1.9161
10.320 1.9129
10.340 1.9194
10.360 1.9161
10.380 1.9097
10.400 1.9194
10.420 1.9129
10.440 1.9161
10.460 1.9129
10.480 1.9097
10.500 1.9065
10.520 1.9129
10.540 1.9129
10.560 1.9097
10.580 1.9129
10.600 1.9129
10.620 1.9097
10.640 1.9129
10.660 1.9226
10.680 1.8968
10.700 1.9129
10.720 1.9065
10.740 1.9097
10.760 1.9129
10.780 1.9065
10.800 1.9129
10.820 1.8742
10.840 1.9129
10.860 1.9032
10.880 1.9097
10.900 1.9032
10.920 1.9032
10.940 1.9000
10.960 1.9032
10.980 1.9032
11.000 1.9161
11.020 1.9065
11.040 1.8968
11.060 1.9032
11.080 1.9000
11.100 1.9032
11.120 1.9032
11.140 1.9065
11.160 1.9000
11.180 1.9065
11.200 1.8903
11.220 1.9065
11.240 1.9161
11.260 1.8903
11.280 1.8968
11.300 1.8903
11.320 1.9000
11.340 1.9000
11.360 1.8968
11.380 1.9032
11.400 1.8903
11.420 1.9129
11.440 1.8935
11.460 1.8968
11.480 1.8935
11.500 1.9032
11.520 1.8968
11.540 1.8935
11.560 1.8903
11.580 1.8968
11.600 1.9032
11.620 1.9000
11.640 1.8935
11.660 1.9161
11.680 1.8935
11.700 1.8935
11.720 1.8935
11.740 1.8871
11.760 1.8968
11.780 1.8871
11.800 1.8839
11.820 1.9000
11.840 1.8935
11.860 1.9000
11.880 1.8903
11.900 1.8935
11.920 1.8806
11.940 1.8871
11.960 1.9355
11.980 1.8903
12.000 1.8935
12.020 1.8871
12.040 1.8839
12.060 1.8871
12.080 1.8935
12.100 1.8871
12.120 1.8871
12.140 1.8871
12.160 1.8871
12.180 1.8935
12.200 1.8871
12.220 1.8903
12.240 1.8871
12.260 1.8839
12.280 1.8903
12.300 1.8871
12.320 1.8806
12.340 1.8871
12.360 1.8710
12.380 1.8774
12.400 1.8839
12.420 1.8839
12.440 1.8839
12.460 1.8871
12.480 1.8968
12.500 1.8839
12.520 1.8871
12.540 1.8871
12.560 1.8839
12.580 1.8839
12.600 1.8806
12.620 1.8839
12.640 1.8871
12.660 1.8774
12.680 1.8871
12.700 1.8903
12.720 1.8710
12.740 1.8806
12.760 1.8871
12.780 1.8839
12.800 1.8871
12.820 1.8903
12.840 1.8839
12.860 1.8871
12.880 1.8806
12.900 1.8774
12.920 1.8839
12.940 1.8806
12.960 1.8903
12.980 1.8903
13.000 1.8774
13.020 1.8806
13.040 1.8806
13.060 1.8839
13.080 1.8871
13.100 1.8903
13.120 1.8839
13.140 1.8806
13.160 1.8903
13.180 1.8839
13.200 1.8871
13.220 1.8774
13.240 1.8774
13.260 1.8903
13.280 1.8806
13.300 1.8806
13.320 1.8839
13.340 1.8871
13.360 1.8871
13.380 1.8839
13.400 1.8935
13.420 1.8871
13.440 1.8935
13.460 1.8935
13.480 1.9032
13.500 1.8806
13.520 1.8935
13.540 1.8968
13.560 1.8871
13.580 1.8968
13.600 1.8968
13.620 1.8968
13.640 1.8968
13.660 1.8935
13.680 1.9065
13.700 1.8968
13.720 1.9000
13.740 1.8968
13.760 1.9000
13.780 1.8935
13.800 1.8903
13.820 1.8871
13.840 1.9065
13.860 1.8871
13.880 1.8903
13.900 1.8903
13.920 1.8968
13.940 1.8968
13.960 1.8806
13.980 1.9000
14.000 1.9000
14.020 1.9032
14.040 1.9097
14.060 1.9000
14.080 1.8935
14.100 1.8935
14.120 1.8935
14.140 1.9000
14.160 1.8871
14.180 1.9032
14.200 1.9065
14.220 1.8871
14.240 1.8968
14.260 1.8935
14.280 1.8968
14.300 1.9032
14.320 1.8935
14.340 1.8903
14.360 1.8903
14.380 1.8871
14.400 1.8968
14.420 1.8903
14.440 1.9032
14.460 1.9065
14.480 1.9032
14.500 1.8968
14.520 1.8968
14.540 1.9000
14.560 1.8968
14.580 1.9032
14.600 1.9000
14.620 1.9065
14.640 1.8968
14.660 1.8968
14.680 1.9065
14.700 1.9000
14.720 1.9000
14.740 1.8935
14.760 1.9000
14.780 1.9065
14.800 1.9032
14.820 1.9032
14.840 1.9032
14.860 1.9065
14.880 1.9000
14.900 1.9000
14.920 1.9032
14.940 1.8968
14.960 1.8968
14.980 1.8968
15.000 1.9129
15.020 1.9000
15.040 1.9161
15.060 1.8935
15.080 1.9097
15.100 1.9032
15.120 1.9032
15.140 1.8935
15.160 1.8935
15.180 1.8871
15.200 1.9032
15.220 1.8968
15.240 1.9065
15.260 1.9129
15.280 1.9065
15.300 1.9032
15.320 1.9032
15.340 1.9129
15.360 1.9097
15.380 1.9000
15.400 1.9000
15.420 1.9000
15.440 1.9032
15.460 1.9032
15.480 1.9032
15.500 1.9065
15.520 1.9032
15.540 1.9065
15.560 1.9129
15.580 1.9097
15.600 1.9065
15.620 1.8968
15.640 1.9065
15.660 1.9097
15.680 1.9065
15.700 1.8968
15.720 1.9097
15.740 1.8968
15.760 1.9032
15.780 1.9129
15.800 1.9032
15.820 1.9032
15.840 1.9065
15.860 1.9000
15.880 1.8968
15.900 1.9065
15.920 1.9097
15.940 1.9129
15.960 1.9032
15.980 1.9032
16.000 1.9129
16.020 1.9032
16.040 1.9065
16.060 1.8968
16.080 1.9065
16.100 1.9065
16.120 1.9000
16.140 1.9032
16.160 1.9000
16.180 1.9097
16.200 1.9065
16.220 1.9032
16.240 1.9032
16.260 1.9065
16.280 1.9452
16.300 1.9032
16.320 1.9065
16.340 1.9065
16.360 1.8903
16.380 1.9065
16.400 1.9065
16.420 1.9065
16.440 1.9065
16.460 1.9000
16.480 1.9161
16.500 1.9065
16.520 1.9129
16.540 1.9032
16.560 1.9065
16.580 1.9129
16.600 1.9000
16.620 1.9161
16.640 1.9065
16.660 1.9161
16.680 1.9129
16.700 1.9161
16.720 1.9097
16.740 1.9065
16.760 1.9129
16.780 1.9000
16.800 1.9032
16.820 1.9097
16.840 1.9065
16.860 1.9129
16.880 1.9194
16.900 1.9032
16.920 1.9097
16.940 1.9129
16.960 1.9194
16.980 1.9129
17.000 1.9194
17.020 1.9194
17.040 1.9129
17.060 1.9194
17.080 1.9032
17.100 1.9129
17.120 1.9097
17.140 1.9097
17.160 1.9226
17.180 1.9129
17.200 1.9161
17.220 1.8742
17.240 1.9161
17.260 1.9194
17.280 1.9161
17.300 1.9129
17.320 1.9194
17.340 1.9065
17.360 1.9129
17.380 1.9194
17.400 1.9097
17.420 1.9226
17.440 1.9129
17.460 1.9161
17.480 1.9129
17.500 1.9161
17.520 1.9129
17.540 1.9129
17.560 1.9194
17.580 1.9323
17.600 1.9161
17.620 1.9258
17.640 1.9226
17.660 1.9129
17.680 1.9065
17.700 1.9226
17.720 1.9194
17.740 1.9161
17.760 1.9258
17.780 1.9161
17.800 1.9097
17.820 1.9097
17.840 1.9258
17.860 1.9226
17.880 1.9161
17.900 1.9194
17.920 1.9129
17.940 1.9161
17.960 1.9161
17.980 1.9194
18.000 1.9129
18.020 1.9129
18.040 1.9161
18.060 1.9097
18.080 1.9194
18.100 1.9194
18.120 1.9097
18.140 1.9194
18.160 1.9129
18.180 1.9161
18.200 1.9129
18.220 1.9129
18.240 1.9097
18.260 1.9129
18.280 1.9129
18.300 1.9129
18.320 1.9129
18.340 1.9065
18.360 1.8935
18.380 1.9194
18.400 1.9097
18.420 1.9226
18.440 1.9129
18.460 1.9194
18.480 1.9161
18.500 1.9097
18.520 1.9194
18.540 1.9161
18.560 1.9161
18.580 1.9161
18.600 1.9129
18.620 1.9097
18.640 1.9161
18.660 1.9065
18.680 1.9129
18.700 1.9065
18.720 1.9097
18.740 1.9226
18.760 1.9032
18.780 1.9097
18.800 1.9032
18.820 1.9000
18.840 1.9097
18.860 1.9000
18.880 1.9000
18.900 1.9065
18.920 1.9097
18.940 1.9032
18.960 1.9000
18.980 1.8935
19.000 1.9000
19.020 1.9065
19.040 1.8935
19.060 1.9000
19.080 1.9065
19.100 1.9000
19.120 1.9000
19.140 1.8935
19.160 1.9032
19.180 1.9000
19.200 1.8968
19.220 1.9032
19.240 1.9000
19.260 1.8935
19.280 1.8903
19.300 1.8935
19.320 1.8935
19.340 1.8903
19.360 1.8968
19.380 1.8871
19.400 1.8968
19.420 1.8935
19.440 1.8903
19.460 1.8871
19.480 1.8935
19.500 1.8871
19.520 1.8871
19.540 1.8903
19.560 1.8903
19.580 1.8871
19.600 1.8871
19.620 1.8871
19.640 1.9065
19.660 1.8839
19.680 1.9032
19.700 1.8903
19.720 1.8871
19.740 1.8871
19.760 1.8968
19.780 1.8903
19.800 1.8871
19.820 1.8935
19.840 1.8871
19.860 1.8871
19.880 1.8871
19.900 1.8871
19.920 1.8871
19.940 1.8839
19.960 1.8871
19.980 1.8871
20.000 1.8903
20.020 1.8935
20.040 1.8806
20.060 1.8839
20.080 1.8935
20.100 1.8968
20.120 1.8935
20.140 1.8968
20.160 1.8839
20.180 1.8839
20.200 1.8935
20.220 1.8968
20.240 1.8871
20.260 1.8968
20.280 1.8806
20.300 1.8935
20.320 1.8871
20.340 1.8935
20.360 1.8935
20.380 1.9032
20.400 1.8903
20.420 1.8903
20.440 1.8871
20.460 1.9097
20.480 1.9097
20.500 1.9065
20.520 1.9000
20.540 1.8935
20.560 1.9065
20.580 1.9032
20.600 1.8968
20.620 1.9065
20.640 1.8968
20.660 1.9000
20.680 1.8871
20.700 1.9097
20.720 1.8935
20.740 1.9065
20.760 1.8968
20.780 1.9000
20.800 1.9000
20.820 1.8968
20.840 1.9032
20.860 1.8968
20.880 1.9032
20.900 1.9032
20.920 1.9032
20.940 1.8968
20.960 1.8968
20.980 1.9000
21.000 1.9000
21.020 1.9032
21.040 1.9032
21.060 1.9065
21.080 1.8806
21.100 1.8968
21.120 1.9065
21.140 1.9065
21.160 1.9065
21.180 1.9000
21.200 1.9097
21.220 1.9000
21.240 1.9032
21.260 1.9065
21.280 1.8935
21.300 1.9129
21.320 1.9161
21.340 1.9161
21.360 1.9065
21.380 1.9065
21.400 1.9032
21.420 1.9065
21.440 1.9161
21.460 1.9129
21.480 1.9032
21.500 1.9194
21.520 1.9226
21.540 1.9129
21.560 1.9129
21.580 1.9129
21.600 1.9161
21.620 1.9161
21.640 1.9226
21.660 1.9097
21.680 1.9032
21.700 1.9194
21.720 1.9161
21.740 1.9129
21.760 1.9226
21.780 1.9129
21.800 1.9161
21.820 1.9226
21.840 1.9129
21.860 1.9161
21.880 1.9065
21.900 1.9194
21.920 1.8871
21.940 1.9194
21.960 1.9161
21.980 1.9161
22.000 1.9032
22.020 1.9065
22.040 1.9032
22.060 1.9194
22.080 1.9258
22.100 1.9194
22.120 1.9129
22.140 1.9258
22.160 1.9129
22.180 1.9129
22.200 1.9097
22.220 1.9161
22.240 1.9226
22.260 1.9258
22.280 1.9097
22.300 1.9129
22.320 1.9226
22.340 1.9097
22.360 1.9226
22.380 1.9194
22.400 1.9129
22.420 1.9323
22.440 1.9194
22.460 1.9129
22.480 1.9129
22.500 1.9129
22.520 1.9226
22.540 1.9226
22.560 1.9161
22.580 1.9032
22.600 1.9161
22.620 1.9419
22.640 1.9194
22.660 1.9065
22.680 1.9032
22.700 1.9194
22.720 1.9258
22.740 1.9129
22.760 1.9097
22.780 1.9161
22.800 1.9194
22.820 1.9161
22.840 1.9161
22.860 1.9258
22.880 1.9194
22.900 1.9290
22.920 1.9129
22.940 1.9097
22.960 1.9161
22.980 1.9194
23.000 1.9194
23.020 1.9065
23.040 1.9194
23.060 1.9161
23.080 1.9161
23.100 1.9129
23.120 1.9258
23.140 1.9065
23.160 1.9226
23.180 1.9097
23.200 1.9194
23.220 1.9065
23.240 1.9194
23.260 1.9226
23.280 1.9065
23.300 1.9129
23.320 1.9161
23.340 1.9097
23.360 1.9194
23.380 1.8935
23.400 1.9065
23.420 1.9194
23.440 1.9161
23.460 1.9097
23.480 1.9161
23.500 1.9161
23.520 1.9226
23.540 1.9226
23.560 1.9097
23.580 1.9097
23.600 1.9129
23.620 1.9065
23.640 1.9032
23.660 1.9129
23.680 1.9000
23.700 1.9161
23.720 1.9097
23.740 1.8935
23.760 1.9000
23.780 1.9065
23.800 1.8903
23.820 1.9065
23.840 1.8871
23.860 1.9065
23.880 1.9000
23.900 1.9032
23.920 1.8968
23.940 1.8935
23.960 1.9032
23.980 1.8903
24.000 1.8871
24.020 1.8968
24.040 1.8806
24.060 1.8968
24.080 1.8935
24.100 1.8935
24.120 1.9000
24.140 1.9000
24.160 1.8645
24.180 1.9000
24.200 1.8871
24.220 1.8968
24.240 1.8935
24.260 1.8935
24.280 1.8903
24.300 1.8903
24.320 1.8903
24.340 1.8968
24.360 1.8935
24.380 1.8871
24.400 1.9000
24.420 1.8903
24.440 1.8903
24.460 1.8903
24.480 1.8871
24.500 1.8935
24.520 1.8935
24.540 1.8871
24.560 1.8968
24.580 1.8839
24.600 1.8903
24.620 1.8581
24.640 1.8839
24.660 1.8935
24.680 1.8806
24.700 1.8774
24.720 1.8774
24.740 1.8903
24.760 1.8903
24.780 1.8871
24.800 1.8968
24.820 1.8935
24.840 1.8935
24.860 1.8968
24.880 1.8935
24.900 1.8839
24.920 1.8871
24.940 1.8839
24.960 1.8935
24.980 1.8839
25.000 1.8935
25.020 1.8871
25.040 1.8935
25.060 1.8871
25.080 1.8871
25.100 1.9194
25.120 1.8935
25.140 1.8935
25.160 1.8935
25.180 1.9032
25.200 1.8935
25.220 1.8968
25.240 1.9000
25.260 1.8935
25.280 1.9032
25.300 1.8871
25.320 1.8968
25.340 1.8968
25.360 1.8968
25.380 1.9032
25.400 1.8968
25.420 1.8968
25.440 1.9226
25.460 1.8903
25.480 1.8968
25.500 1.8968
25.520 1.8935
25.540 1.8968
25.560 1.9097
25.580 1.9032
25.600 1.8968
25.620 1.9032
25.640 1.8935
25.660 1.9065
25.680 1.8903
25.700 1.9065
25.720 1.8839
25.740 1.9000
25.760 1.9065
25.780 1.9097
25.800 1.9032
25.820 1.9032
25.840 1.9032
25.860 1.9000
25.880 1.9065
25.900 1.8968
25.920 1.8935
25.940 1.9000
25.960 1.8935
25.980 1.9129
26.000 1.9032
26.020 1.9129
26.040 1.9032
26.060 1.9129
26.080 1.9065
26.100 1.8806
26.120 1.9065
26.140 1.9097
26.160 1.9065
26.180 1.9032
26.200 1.9097
26.220 1.9097
26.240 1.9065
26.260 1.9000
26.280 1.9097
26.300 1.9161
26.320 1.9032
26.340 1.9097
26.360 1.9194
26.380 1.9065
26.400 1.9161
26.420 1.8968
26.440 1.9129
26.460 1.9129
26.480 1.9032
26.500 1.9129
26.520 1.9194
26.540 1.9194
26.560 1.9194
26.580 1.9194
26.600 1.8839
26.620 1.9194
26.640 1.9065
26.660 1.9097
26.680 1.9097
26.700 1.9129
26.720 1.9161
26.740 1.9129
26.760 1.9065
26.780 1.9258
26.800 1.9032
26.820 1.9129
26.840 1.9161
26.860 1.9065
26.880 1.9194
26.900 1.9097
26.920 1.9065
26.940 1.9065
26.960 1.9129
26.980 1.9129
27.000 1.9161
27.020 1.9258
27.040 1.9097
27.060 1.9065
27.080 1.9161
27.100 1.9097
27.120 1.9194
27.140 1.9226
27.160 1.9129
27.180 1.9161
27.200 1.9097
27.220 1.9097
27.240 1.9065
27.260 1.9161
27.280 1.9226
27.300 1.9097
27.320 1.9129
27.340 1.9161
27.360 1.9161
27.380 1.9097
27.400 1.9129
27.420 1.9097
27.440 1.9194
27.460 1.9097
27.480 1.9194
27.500 1.9097
27.520 1.9097
27.540 1.9097
27.560 1.8903
27.580 1.9000
27.600 1.9097
27.620 1.9065
27.640 1.9065
27.660 1.9290
27.680 1.9161
27.700 1.9065
27.720 1.9194
27.740 1.9032
27.760 1.9129
27.780 1.9097
27.800 1.9226
27.820 1.9290
27.840 1.9129
27.860 1.9161
27.880 1.9161
27.900 1.9226
27.920 1.9290
27.940 1.9129
27.960 1.9258
27.980 1.9161
28.000 1.9194
28.020 1.8968
28.040 1.9194
28.060 1.9065
28.080 1.9065
28.100 1.9161
28.120 1.9065
28.140 1.9097
28.160 1.9097
28.180 1.9032
28.200 1.9032
28.220 1.9097
28.240 1.9097
28.260 1.9000
28.280 1.9032
28.300 1.9258
28.320 1.9065
28.340 1.9032
28.360 1.8968
28.380 1.9065
28.400 1.9065
28.420 1.9032
28.440 1.9032
28.460 1.9032
28.480 1.8935
28.500 1.8968
28.520 1.9065
28.540 1.8935
28.560 1.8903
28.580 1.8903
28.600 1.8935
28.620 1.9000
28.640 1.8871
28.660 1.8935
28.680 1.8903
28.700 1.9000
28.720 1.9000
28.740 1.8903
28.760 1.9097
28.780 1.8839
28.800 1.9000
28.820 1.8839
28.840 1.8742
28.860 1.8903
28.880 1.8871
28.900 1.8935
28.920 1.8903
28.940 1.8935
28.960 1.8903
28.980 1.8871
29.000 1.8871
29.020 1.8935
29.040 1.8871
29.060 1.8968
29.080 1.8871
29.100 1.8903
29.120 1.8935
29.140 1.8871
29.160 1.8871
29.180 1.8871
29.200 1.8903
29.220 1.8935
29.240 1.9000
29.260 1.8774
29.280 1.8903
29.300 1.8742
29.320 1.8903
29.340 1.8903
29.360 1.8839
29.380 1.8935
29.400 1.8968
29.420 1.9097
29.440 1.8903
29.460 1.8839
29.480 1.8903
29.500 1.8935
29.520 1.8903
29.540 1.8968
29.560 1.8871
29.580 1.8806
29.600 1.8742
29.620 1.8871
29.640 1.8871
29.660 1.8903
29.680 1.8871
29.700 1.8806
29.720 1.8935
29.740 1.8968
29.760 1.8839
29.780 1.8935
29.800 1.8806
29.820 1.8871
29.840 1.8935
29.860 1.8839
29.880 1.8903
29.900 1.8742
29.920 1.9065
29.940 1.8935
29.960 1.8935
29.980 1.8968
30.000 1.9000
30.020 1.9000
30.040 1.8742
30.060 1.9000
30.080 1.9032
30.100 1.8968
30.120 1.9097
30.140 1.8968
30.160 1.8935
30.180 1.9000
30.200 1.9000
30.220 1.9000
30.240 1.8968
30.260 1.9161
30.280 1.9000
30.300 1.9129
30.320 1.9065
30.340 1.9065
30.360 1.8968
30.380 1.9065
30.400 1.9000
30.420 1.9065
30.440 1.9129
30.460 1.9032
30.480 1.9194
30.500 1.9065
30.520 1.9032
30.540 1.8968
30.560 1.8613
30.580 1.9065
30.600 1.9065
30.620 1.9032
30.640 1.9194
30.660 1.9194
30.680 1.9129
30.700 1.9129
30.720 1.9097
30.740 1.9194
30.760 1.9129
30.780 1.9032
30.800 1.9065
30.820 1.9161
30.840 1.9097
30.860 1.9097
30.880 1.9097
30.900 1.9065
30.920 1.9226
30.940 1.9065
30.960 1.9065
30.980 1.9129
31.000 1.9129
31.020 1.9097
31.040 1.9032
31.060 1.9097
31.080 1.9387
31.100 1.9161
31.120 1.9290
31.140 1.9323
31.160 1.9161
31.180 1.9097
31.200 1.9161
31.220 1.9097
31.240 1.9097
31.260 1.9161
31.280 1.9129
31.300 1.9323
31.320 1.9065
31.340 1.9161
31.360 1.9226
31.380 1.9129
31.400 1.9065
31.420 1.9065
31.440 1.9226
31.460 1.9258
31.480 1.9161
31.500 1.9194
31.520 1.9129
31.540 1.9032
31.560 1.9161
31.580 1.9129
31.600 1.9194
31.620 1.9161
31.640 1.9194
31.660 1.9258
31.680 1.9032
31.700 1.9194
31.720 1.9032
31.740 1.9129
31.760 1.9194
31.780 1.9161
31.800 1.9161
31.820 1.9258
31.840 1.9129
31.860 1.9161
31.880 1.9097
31.900 1.9097
31.920 1.9065
31.940 1.9097
31.960 1.9065
31.980 1.9129
32.000 1.9226
32.020 1.9161
32.040 1.9129
32.060 1.9097
32.080 1.9129
32.100 1.9194
32.120 1.9161
32.140 1.9226
32.160 1.9161
32.180 1.9097
32.200 1.9097
32.220 1.9194
32.240 1.9065
32.260 1.9129
32.280 1.9000
32.300 1.9097
32.320 1.9065
32.340 1.9161
32.360 1.9194
32.380 1.9161
32.400 1.9097
32.420 1.9065
32.440 1.9065
32.460 1.9065
32.480 1.9065
32.500 1.9065
32.520 1.9065
32.540 1.9065
32.560 1.9000
32.580 1.9065
32.600 1.9032
32.620 1.8935
32.640 1.9065
32.660 1.8935
32.680 1.9032
32.700 1.8968
32.720 1.9032
32.740 1.9032
32.760 1.9032
32.780 1.8968
32.800 1.8968
32.820 1.9000
32.840 1.8935
32.860 1.8903
32.880 1.8968
32.900 1.8968
32.920 1.8903
32.940 1.8903
32.960 1.8935
32.980 1.8903
33.000 1.8903
33.020 1.8935
33.040 1.8935
33.060 1.8871
33.080 1.8903
33.100 1.8903
33.120 1.8871
33.140 1.8903
33.160 1.8935
33.180 1.8871
33.200 1.8968
33.220 1.8935
33.240 1.8871
33.260 1.8839
33.280 1.8935
33.300 1.8871
33.320 1.8839
33.340 1.8871
33.360 1.8839
33.380 1.8903
33.400 1.8839
33.420 1.8871
33.440 1.8839
33.460 1.8903
33.480 1.8903
33.500 1.8935
33.520 1.8903
33.540 1.8935
33.560 1.8903
33.580 1.8839
33.600 1.8903
33.620 1.8935
33.640 1.8903
33.660 1.8871
33.680 1.8806
33.700 1.8903
33.720 1.8806
33.740 1.8968
33.760 1.8871
33.780 1.8871
33.800 1.8871
33.820 1.8935
33.840 1.8935
33.860 1.8839
33.880 1.9097
33.900 1.8968
33.920 1.8903
33.940 1.8903
33.960 1.8935
33.980 1.8903
34.000 1.8935
34.020 1.8935
34.040 1.8871
34.060 1.8968
34.080 1.9000
34.100 1.9000
34.120 1.8968
34.140 1.8968
34.160 1.9000
34.180 1.9032
34.200 1.8742
34.220 1.9065
34.240 1.8935
34.260 1.9000
34.280 1.8968
34.300 1.9065
34.320 1.9032
34.340 1.8968
34.360 1.8935
34.380 1.9065
34.400 1.8935
34.420 1.9000
34.440 1.9000
34.460 1.8935
34.480 1.9000
34.500 1.9032
34.520 1.9097
34.540 1.9129
34.560 1.9161
34.580 1.9226
34.600 1.8935
34.620 1.9032
34.640 1.9065
34.660 1.9258
34.680 1.9258
34.700 1.9032
34.720 1.9129
34.740 1.9065
34.760 1.9032
34.780 1.9000
34.800 1.9097
34.820 1.9129
34.840 1.9065
34.860 1.9097
34.880 1.9194
34.900 1.9065
34.920 1.9032
34.940 1.9065
34.960 1.9097
34.980 1.9258
35.000 1.9097
35.020 1.9065
35.040 1.9097
35.060 1.9419
35.080 1.9129
35.100 1.9065
35.120 1.9097
35.140 1.9129
35.160 1.9194
35.180 1.9226
35.200 1.9161
35.220 1.9097
35.240 1.9161
35.260 1.9129
35.280 1.9226
35.300 1.9129
35.320 1.9129
35.340 1.9129
35.360 1.9194
35.380 1.9194
35.400 1.9516
35.420 1.9161
35.440 1.9129
35.460 1.9097
35.480 1.9194
35.500 1.9097
35.520 1.9129
35.540 1.9097
35.560 1.9129
35.580 1.9065
35.600 1.9065
35.620 1.9258
35.640 1.9129
35.660 1.9226
35.680 1.9194
35.700 1.9161
35.720 1.9065
35.740 1.9000
35.760 1.9194
35.780 1.9097
35.800 1.9161
35.820 1.9129
35.840 1.9161
35.860 1.9194
35.880 1.9194
35.900 1.9194
35.920 1.9129
35.940 1.9290
35.960 1.9065
35.980 1.9161
36.000 1.9161
36.020 1.9129
36.040 1.9097
36.060 1.9129
36.080 1.9129
36.100 1.9226
36.120 1.9258
36.140 1.9161
36.160 1.9194
36.180 1.9161
36.200 1.9161
36.220 1.9194
36.240 1.9194
36.260 1.9097
36.280 1.9000
36.300 1.9226
36.320 1.9161
36.340 1.9065
36.360 1.9097
36.380 1.9194
36.400 1.9226
36.420 1.9161
36.440 1.9226
36.460 1.9226
36.480 1.9194
36.500 1.9226
36.520 1.9129
36.540 1.9226
36.560 1.9129
36.580 1.9129
36.600 1.9097
36.620 1.9097
36.640 1.9226
36.660 1.9129
36.680 1.9226
36.700 1.9194
36.720 1.9097
36.740 1.9194
36.760 1.9161
36.780 1.9097
36.800 1.9161
36.820 1.9161
36.840 1.9194
36.860 1.9226
36.880 1.9065
36.900 1.9161
36.920 1.9129
36.940 1.9323
36.960 1.9097
36.980 1.9129
37.000 1.9161
37.020 1.9129
37.040 1.9097
37.060 1.9097
37.080 1.9065
37.100 1.9129
37.120 1.9097
37.140 1.9032
37.160 1.9032
37.180 1.9032
37.200 1.9065
37.220 1.9097
37.240 1.9129
37.260 1.8968
37.280 1.9000
37.300 1.9032
37.320 1.8968
37.340 1.9065
37.360 1.9000
37.380 1.9032
37.400 1.8968
37.420 1.9065
37.440 1.9000
37.460 1.8839
37.480 1.9032
37.500 1.9032
37.520 1.8968
37.540 1.8968
37.560 1.8903
37.580 1.8968
37.600 1.8968
37.620 1.8871
37.640 1.8968
37.660 1.8806
37.680 1.8871
37.700 1.8903
37.720 1.8839
37.740 1.8742
37.760 1.8903
37.780 1.8839
37.800 1.8935
37.820 1.8871
37.840 1.8903
37.860 1.8806
37.880 1.8935
37.900 1.8935
37.920 1.8839
37.940 1.8839
37.960 1.8774
37.980 1.8806
38.000 1.8871
38.020 1.8903
38.040 1.8903
38.060 1.8839
38.080 1.8871
38.100 1.9032
38.120 1.8613
38.140 1.8710
38.160 1.8774
38.180 1.8806
38.200 1.8903
38.220 1.8839
38.240 1.8806
38.260 1.8839
38.280 1.8871
38.300 1.8839
38.320 1.8839
38.340 1.8903
38.360 1.8935
38.380 1.8839
38.400 1.8871
38.420 1.8871
38.440 1.8903
38.460 1.8774
38.480 1.8968
38.500 1.8968
38.520 1.8839
38.540 1.8839
38.560 1.8742
38.580 1.8935
38.600 1.8871
38.620 1.8806
38.640 1.8839
38.660 1.8742
38.680 1.8871
38.700 1.8806
38.720 1.8903
38.740 1.8871
38.760 1.8903
38.780 1.8871
38.800 1.8871
38.820 1.8839
38.840 1.8774
38.860 1.8903
38.880 1.8903
38.900 1.8839
38.920 1.8903
38.940 1.8903
38.960 1.8839
38.980 1.8903
39.000 1.8903
39.020 1.8871
39.040 1.8903
39.060 1.8903
39.080 1.8968
39.100 1.8871
39.120 1.8935
39.140 1.9032
39.160 1.8968
39.180 1.8774
39.200 1.8871
39.220 1.8871
39.240 1.8968
39.260 1.8839
39.280 1.8871
39.300 1.8968
39.320 1.8839
39.340 1.9032
39.360 1.9226
39.380 1.8839
39.400 1.8968
39.420 1.9097
39.440 1.9065
39.460 1.9032
39.480 1.9032
39.500 1.8935
39.520 1.9000
39.540 1.8935
39.560 1.8935
39.580 1.9000
39.600 1.9032
39.620 1.9000
39.640 1.9000
39.660 1.9065
39.680 1.9129
39.700 1.9032
39.720 1.9000
39.740 1.9065
39.760 1.9000
39.780 1.9065
39.800 1.9000
39.820 1.8677
39.840 1.9032
39.860 1.9032
39.880 1.9129
39.900 1.9097
39.920 1.9065
39.940 1.9129
39.960 1.9000
39.980 1.9097
40.000 1.9097
40.020 1.9161
40.040 1.9226
40.060 1.8968
40.080 1.9065
40.100 1.9000
40.120 1.9065
40.140 1.9097
40.160 1.9194
40.180 1.9065
40.200 1.9065
40.220 1.9032
40.240 1.9065
40.260 1.9065
40.280 1.9161
40.300 1.9032
40.320 1.9161
40.340 1.9226
40.360 1.9161
40.380 1.9065
40.400 1.9032
40.420 1.9161
40.440 1.9065
40.460 1.9000
40.480 1.9129
40.500 1.9226
40.520 1.9194
40.540 1.9129
40.560 1.9129
40.580 1.9097
40.600 1.9065
40.620 1.9129
40.640 1.9097
40.660 1.9097
40.680 1.9032
40.700 1.9194
40.720 1.9194
40.740 1.9065
40.760 1.9194
40.780 1.9129
40.800 1.9129
40.820 1.9129
40.840 1.9065
40.860 1.9065
40.880 1.9065
40.900 1.9129
40.920 1.9032
40.940 1.9129
40.960 1.9129
40.980 1.9097
41.000 1.9129
41.020 1.9032
41.040 1.9161
41.060 1.9097
41.080 1.9097
41.100 1.9097
41.120 1.9161
41.140 1.9258
41.160 1.9129
41.180 1.9194
41.200 1.9065
41.220 1.9129
41.240 1.8871
41.260 1.9258
41.280 1.9161
41.300 1.9161
41.320 1.8968
41.340 1.9194
41.360 1.9226
41.380 1.9129
41.400 1.9226
41.420 1.9355
41.440 1.9194
41.460 1.9129
41.480 1.9226
41.500 1.9161
41.520 1.9258
41.540 1.9226
41.560 1.9129
41.580 1.9129
41.600 1.9161
41.620 1.9097
41.640 1.9129
41.660 1.9161
41.680 1.9065
41.700 1.9065
41.720 1.9000
41.740 1.9129
41.760 1.9065
41.780 1.9161
41.800 1.9032
41.820 1.9065
41.840 1.9097
41.860 1.9032
41.880 1.9032
41.900 1.9000
41.920 1.9065
41.940 1.9065
41.960 1.8968
41.980 1.8935
42.000 1.9065
42.020 1.8903
42.040 1.8968
42.060 1.9000
42.080 1.9000
42.100 1.9065
42.120 1.8935
42.140 1.8935
42.160 1.9000
42.180 1.8968
42.200 1.8903
42.220 1.8839
42.240 1.9000
42.260 1.8903
42.280 1.8839
42.300 1.8903
42.320 1.8871
42.340 1.8774
42.360 1.8871
42.380 1.8903
42.400 1.8935
42.420 1.8871
42.440 1.8935
42.460 1.8806
42.480 1.8903
42.500 1.8871
42.520 1.8742
42.540 1.8839
42.560 1.8903
42.580 1.8806
42.600 1.8871
42.620 1.8903
42.640 1.8903
42.660 1.8871
42.680 1.8871
42.700 1.8903
42.720 1.8806
42.740 1.8935
42.760 1.8871
42.780 1.8774
42.800 1.8903
42.820 1.8903
42.840 1.8806
42.860 1.8871
42.880 1.8935
42.900 1.8839
42.920 1.8871
42.940 1.8903
42.960 1.8903
42.980 1.8839
43.000 1.8839
43.020 1.8935
43.040 1.8935
43.060 1.8903
43.080 1.8968
43.100 1.8839
43.120 1.8903
43.140 1.8871
43.160 1.8806
43.180 1.8871
43.200 1.8968
43.220 1.8839
43.240 1.8935
43.260 1.8903
43.280 1.8742
43.300 1.8806
43.320 1.8839
43.340 1.8968
43.360 1.8839
43.380 1.8903
43.400 1.9000
43.420 1.8968
43.440 1.8903
43.460 1.8935
43.480 1.9065
43.500 1.8935
43.520 1.8935
43.540 1.8871
43.560 1.9032
43.580 1.8839
43.600 1.8968
43.620 1.8871
43.640 1.8871
43.660 1.8935
43.680 1.9129
43.700 1.8968
43.720 1.8935
43.740 1.8516
43.760 1.8871
43.780 1.8968
43.800 1.9032
43.820 1.9032
43.840 1.8935
43.860 1.9129
43.880 1.9000
43.900 1.9032
43.920 1.8968
43.940 1.8968
43.960 1.9032
43.980 1.8839
44.000 1.8903
44.020 1.8968
44.040 1.9032
44.060 1.8871
44.080 1.8903
44.100 1.8935
44.120 1.9032
44.140 1.8968
44.160 1.9032
44.180 1.9032
44.200 1.9065
44.220 1.9065
44.240 1.9065
44.260 1.8871
44.280 1.9032
44.300 1.9129
44.320 1.9097
44.340 1.9032
44.360 1.8935
44.380 1.9161
44.400 1.9194
44.420 1.9032
44.440 1.8839
44.460 1.9129
44.480 1.9129
44.500 1.9097
44.520 1.9129
44.540 1.8774
44.560 1.9032
44.580 1.9000
44.600 1.9000
44.620 1.9065
44.640 1.9032
44.660 1.9000
44.680 1.8968
44.700 1.9032
44.720 1.9065
44.740 1.9097
44.760 1.9129
44.780 1.9065
44.800 1.9032
44.820 1.9129
44.840 1.9065
44.860 1.9032
44.880 1.9097
44.900 1.9065
44.920 1.8935
44.940 1.9129
44.960 1.9097
44.980 1.9097
45.000 1.9097
45.020 1.9097
45.040 1.8581
45.060 1.9129
45.080 1.9065
45.100 1.9355
45.120 1.9097
45.140 1.9129
45.160 1.9161
45.180 1.9129
45.200 1.9000
45.220 1.9065
45.240 1.9129
45.260 1.9065
45.280 1.9065
45.300 1.9097
45.320 1.9161
45.340 1.8839
45.360 1.9129
45.380 1.9065
45.400 1.9161
45.420 1.9032
45.440 1.9097
45.460 1.9032
45.480 1.9129
45.500 1.9065
45.520 1.9194
45.540 1.9194
45.560 1.9194
45.580 1.9000
45.600 1.9097
45.620 1.9065
45.640 1.9032
45.660 1.9032
45.680 1.9161
45.700 1.9194
45.720 1.9129
45.740 1.9097
45.760 1.9097
45.780 1.9032
45.800 1.9065
45.820 1.9129
45.840 1.9065
45.860 1.9065
45.880 1.9194
45.900 1.9065
45.920 1.9000
45.940 1.9097
45.960 1.9032
45.980 1.9065
46.000 1.8968
46.020 1.9129
46.040 1.9000
46.060 1.9065
46.080 1.9065
46.100 1.9097
46.120 1.9194
46.140 1.8935
46.160 1.9065
46.180 1.9065
46.200 1.9097
46.220 1.9000
46.240 1.9000
46.260 1.9065
46.280 1.9065
46.300 1.9000
46.320 1.9032
46.340 1.9097
46.360 1.9000
46.380 1.8935
46.400 1.8935
46.420 1.9097
46.440 1.9065
46.460 1.9000
46.480 1.9065
46.500 1.8935
46.520 1.8968
46.540 1.8935
46.560 1.9032
46.580 1.9032
46.600 1.8968
46.620 1.8903
46.640 1.8935
46.660 1.8968
46.680 1.9032
46.700 1.8968
46.720 1.8935
46.740 1.8871
46.760 1.8871
46.780 1.8968
46.800 1.8903
46.820 1.8968
46.840 1.8903
46.860 1.8871
46.880 1.9032
46.900 1.8871
46.920 1.8806
46.940 1.8871
46.960 1.8839
46.980 1.8903
47.000 1.8871
47.020 1.8839
47.040 1.8839
47.060 1.8871
47.080 1.8806
47.100 1.8871
47.120 1.8839
47.140 1.8710
47.160 1.8935
47.180 1.8806
47.200 1.8871
47.220 1.8806
47.240 1.8806
47.260 1.8903
47.280 1.8774
47.300 1.8839
47.320 1.8839
47.340 1.8774
47.360 1.8806
47.380 1.8806
47.400 1.8806
47.420 1.8774
47.440 1.9032
47.460 1.8903
47.480 1.8871
47.500 1.8710
47.520 1.8839
47.540 1.8806
47.560 1.8806
47.580 1.8871
47.600 1.8774
47.620 1.8806
47.640 1.8871
47.660 1.8839
47.680 1.8839
47.700 1.8871
47.720 1.8806
47.740 1.8774
47.760 1.8871
47.780 1.8871
47.800 1.8968
47.820 1.8871
47.840 1.8871
47.860 1.8710
47.880 1.8935
47.900 1.8774
47.920 1.8903
47.940 1.8903
47.960 1.8839
47.980 1.8903
48.000 1.8839
48.020 1.8806
48.040 1.8903
48.060 1.8935
48.080 1.8871
48.100 1.8839
48.120 1.8871
48.140 1.8839
48.160 1.8871
48.180 1.9065
48.200 1.8903
48.220 1.8968
48.240 1.8935
48.260 1.8839
48.280 1.8903
48.300 1.8968
48.320 1.8935
48.340 1.8935
48.360 1.9032
48.380 1.8968
48.400 1.9032
48.420 1.8935
48.440 1.8935
48.460 1.9065
48.480 1.9097
48.500 1.8968
48.520 1.9323
48.540 1.9032
48.560 1.8968
48.580 1.9032
48.600 1.8968
48.620 1.9032
48.640 1.8871
48.660 1.8903
48.680 1.9000
48.700 1.9032
48.720 1.9065
48.740 1.9065
48.760 1.9065
48.780 1.9065
48.800 1.9065
48.820 1.9129
48.840 1.9032
48.860 1.9065
48.880 1.9129
48.900 1.9065
48.920 1.9032
48.940 1.9129
48.960 1.9065
48.980 1.9065
49.000 1.9065
49.020 1.9097
49.040 1.9065
49.060 1.9129
49.080 1.9000
49.100 1.9032
49.120 1.9129
49.140 1.9129
49.160 1.9097
49.180 1.9097
49.200 1.9065
49.220 1.9129
49.240 1.9129
49.260 1.9032
49.280 1.9032
49.300 1.9097
49.320 1.9161
49.340 1.9065
49.360 1.9161
49.380 1.9226
49.400 1.9161
49.420 1.9258
49.440 1.9097
49.460 1.9161
49.480 1.9065
49.500 1.9161
49.520 1.9097
49.540 1.9065
49.560 1.9129
49.580 1.9097
49.600 1.9161
49.620 1.9097
49.640 1.9161
49.660 1.9097
49.680 1.9065
49.700 1.9161
49.720 1.9097
49.740 1.9129
49.760 1.9097
49.780 1.9065
49.800 1.9161
49.820 1.9161
49.840 1.9129
49.860 1.9129
49.880 1.9194
49.900 1.9161
49.920 1.9226
49.940 1.9194
49.960 1.9194
49.980 1.9194
50.000 1.9097
50.020 1.9226
50.040 1.9194
50.060 1.9194
50.080 1.9032
50.100 1.9161
50.120 1.9226
50.140 1.9258
50.160 1.9194
50.180 1.9355
50.200 1.9161
50.220 1.9290
50.240 1.9129
50.260 1.9258
50.280 1.9032
50.300 1.9161
50.320 1.9129
50.340 1.9194
50.360 1.9065
50.380 1.9161
50.400 1.9194
50.420 1.9129
50.440 1.9129
50.460 1.9161
50.480 1.9129
50.500 1.9194
50.520 1.9129
50.540 1.9194
50.560 1.9129
50.580 1.9129
50.600 1.9129
50.620 1.9065
50.640 1.9129
50.660 1.9097
50.680 1.9097
50.700 1.9000
50.720 1.9129
50.740 1.9065
50.760 1.9387
50.780 1.9032
50.800 1.8935
50.820 1.9065
50.840 1.9065
50.860 1.9000
50.880 1.9065
50.900 1.9000
50.920 1.8871
50.940 1.9097
50.960 1.8968
50.980 1.8935
51.000 1.8935
51.020 1.8968
51.040 1.9000
51.060 1.8935
51.080 1.8806
51.100 1.8935
51.120 1.8839
51.140 1.8903
51.160 1.8903
51.180 1.8871
51.200 1.8871
51.220 1.8968
51.240 1.8935
51.260 1.8871
51.280 1.8903
51.300 1.8839
51.320 1.8903
51.340 1.8871
51.360 1.8806
51.380 1.8871
51.400 1.8903
51.420 1.8806
51.440 1.8871
51.460 1.8774
51.480 1.8935
51.500 1.8839
51.520 1.8806
51.540 1.8839
51.560 1.8806
51.580 1.8839
51.600 1.8806
51.620 1.8839
51.640 1.8742
51.660 1.8677
51.680 1.8613
51.700 1.8710
51.720 1.8839
51.740 1.8871
51.760 1.8806
51.780 1.8806
51.800 1.8774
51.820 1.8806
51.840 1.8742
51.860 1.8774
51.880 1.8871
51.900 1.9000
51.920 1.8839
51.940 1.8742
51.960 1.8710
51.980 1.8806
52.000 1.8806
52.020 1.8806
52.040 1.8774
52.060 1.8806
52.080 1.8839
52.100 1.8774
52.120 1.8806
52.140 1.8710
52.160 1.8806
52.180 1.8806
52.200 1.8871
52.220 1.8774
52.240 1.8871
52.260 1.8871
52.280 1.8774
52.300 1.8806
52.320 1.8742
52.340 1.8839
52.360 1.8839
52.380 1.8774
52.400 1.8968
52.420 1.8806
52.440 1.8774
52.460 1.8387
52.480 1.8710
52.500 1.8839
52.520 1.8871
52.540 1.8871
52.560 1.8871
52.580 1.8710
52.600 1.8839
52.620 1.8742
52.640 1.8839
52.660 1.9000
52.680 1.8839
52.700 1.8806
52.720 1.8742
52.740 1.8839
52.760 1.8806
52.780 1.8839
52.800 1.8871
52.820 1.8710
52.840 1.8903
52.860 1.8871
52.880 1.8871
52.900 1.8871
52.920 1.8871
52.940 1.8839
52.960 1.8871
52.980 1.8774
53.000 1.8839
53.020 1.8871
53.040 1.8903
53.060 1.8903
53.080 1.8935
53.100 1.8806
53.120 1.8903
53.140 1.8774
53.160 1.8871
53.180 1.8903
53.200 1.8935
53.220 1.8968
53.240 1.8935
53.260 1.8839
53.280 1.8968
53.300 1.8968
53.320 1.8968
53.340 1.8935
53.360 1.8935
53.380 1.8806
53.400 1.8968
53.420 1.8903
53.440 1.8935
53.460 1.9000
53.480 1.9000
53.500 1.8935
53.520 1.9000
53.540 1.9097
53.560 1.8968
53.580 1.8935
53.600 1.8968
53.620 1.9032
53.640 1.9000
53.660 1.9032
53.680 1.9032
53.700 1.9000
53.720 1.9065
53.740 1.9000
53.760 1.9000
53.780 1.9032
53.800 1.9097
53.820 1.9000
53.840 1.8871
53.860 1.9161
53.880 1.9032
53.900 1.9065
53.920 1.9032
53.940 1.8968
53.960 1.9065
53.980 1.9065
54.000 1.9032
54.020 1.9032
54.040 1.9065
54.060 1.9129
54.080 1.8935
54.100 1.9000
54.120 1.9129
54.140 1.9097
54.160 1.9065
54.180 1.9097
54.200 1.9032
54.220 1.9097
54.240 1.9129
54.260 1.9129
54.280 1.9097
54.300 1.9065
54.320 1.9065
54.340 1.9065
54.360 1.9000
54.380 1.9065
54.400 1.9065
54.420 1.9000
54.440 1.9065
54.460 1.9000
54.480 1.9065
54.500 1.9194
54.520 1.9065
54.540 1.8968
54.560 1.9097
54.580 1.9129
54.600 1.9194
54.620 1.9129
54.640 1.9065
54.660 1.9129
54.680 1.8968
54.700 1.9065
54.720 1.9065
54.740 1.9161
54.760 1.9097
54.780 1.9097
54.800 1.9194
54.820 1.9097
54.840 1.9226
54.860 1.9129
54.880 1.9065
54.900 1.9129
54.920 1.9194
54.940 1.9194
54.960 1.9097
54.980 1.9129
55.000 1.9065
55.020 1.9032
55.040 1.9065
55.060 1.8968
55.080 1.9161
55.100 1.9065
55.120 1.9161
55.140 1.9065
55.160 1.9097
55.180 1.9129
55.200 1.9065
55.220 1.9161
55.240 1.9097
55.260 1.9161
55.280 1.9129
55.300 1.9129
55.320 1.9097
55.340 1.9194
55.360 1.9032
55.380 1.9129
55.400 1.9129
55.420 1.9161
55.440 1.9097
55.460 1.9129
55.480 1.9065
55.500 1.9161
55.520 1.9097
55.540 1.9065
55.560 1.9161
55.580 1.8903
55.600 1.9065
55.620 1.9000
55.640 1.9129
55.660 1.9065
55.680 1.9000
55.700 1.9065
55.720 1.9129
55.740 1.9032
55.760 1.8935
55.780 1.8968
55.800 1.9129
55.820 1.8968
55.840 1.9097
55.860 1.9065
55.880 1.8968
55.900 1.9000
55.920 1.8968
55.940 1.9032
55.960 1.8935
55.980 1.9000
56.000 1.8935
56.020 1.8903
56.040 1.8968
56.060 1.8968
56.080 1.8871
56.100 1.8903
56.120 1.8903
56.140 1.8871
56.160 1.8871
56.180 1.8935
56.200 1.8774
56.220 1.8968
56.240 1.8806
56.260 1.8806
56.280 1.8839
56.300 1.8871
56.320 1.8806
56.340 1.8839
56.360 1.8839
56.380 1.8806
56.400 1.8871
56.420 1.8774
56.440 1.8871
56.460 1.8806
56.480 1.8774
56.500 1.8774
56.520 1.8742
56.540 1.8742
56.560 1.8742
56.580 1.8742
56.600 1.8710
56.620 1.8742
56.640 1.8806
56.660 1.8742
56.680 1.8774
56.700 1.8742
56.720 1.8742
56.740 1.8742
56.760 1.8774
56.780 1.8806
56.800 1.8710
56.820 1.8774
56.840 1.8839
56.860 1.8710
56.880 1.8742
56.900 1.8742
56.920 1.8806
56.940 1.8710
56.960 1.8677
56.980 1.8710
57.000 1.8742
57.020 1.8742
57.040 1.8710
57.060 1.8839
57.080 1.8710
57.100 1.8742
57.120 1.8774
57.140 1.8742
57.160 1.8742
57.180 1.8774
57.200 1.8742
57.220 1.8871
57.240 1.8710
57.260 1.8774
57.280 1.8742
57.300 1.8742
57.320 1.8645
57.340 1.8806
57.360 1.8774
57.380 1.8581
57.400 1.8774
57.420 1.8742
57.440 1.9161
57.460 1.8839
57.480 1.8774
57.500 1.8806
57.520 1.8839
57.540 1.8710
57.560 1.8806
57.580 1.8774
57.600 1.8806
57.620 1.8871
57.640 1.8839
57.660 1.8806
57.680 1.8774
57.700 1.8839
57.720 1.8839
57.740 1.8839
57.760 1.8903
57.780 1.8839
57.800 1.8871
57.820 1.8935
57.840 1.8935
57.860 1.8871
57.880 1.8903
57.900 1.8903
57.920 1.8839
57.940 1.8839
57.960 1.8903
57.980 1.9032
58.000 1.8806
58.020 1.8871
58.040 1.8839
58.060 1.8968
58.080 1.8935
58.100 1.8903
58.120 1.8903
58.140 1.8903
58.160 1.8935
58.180 1.8871
58.200 1.9000
58.220 1.8968
58.240 1.8871
58.260 1.8935
58.280 1.8839
58.300 1.8968
58.320 1.9032
58.340 1.8968
58.360 1.9032
58.380 1.8935
58.400 1.8935
58.420 1.8935
58.440 1.9097
58.460 1.8903
58.480 1.9032
58.500 1.8968
58.520 1.8839
58.540 1.8968
58.560 1.9032
58.580 1.9000
58.600 1.8935
58.620 1.8968
58.640 1.9065
58.660 1.9129
58.680 1.9000
58.700 1.9129
58.720 1.9065
58.740 1.9065
58.760 1.9032
58.780 1.9032
58.800 1.8968
58.820 1.9000
58.840 1.9097
58.860 1.9032
58.880 1.9032
58.900 1.8935
58.920 1.9000
58.940 1.9032
58.960 1.9065
58.980 1.9065
59.000 1.9161
59.020 1.9065
59.040 1.9194
59.060 1.9129
59.080 1.9065
59.100 1.9065
59.120 1.9129
59.140 1.9194
59.160 1.9161
59.180 1.9032
59.200 1.9032
59.220 1.9097
59.240 1.8903
59.260 1.9129
59.280 1.9097
59.300 1.9097
59.320 1.9097
59.340 1.9065
59.360 1.9129
59.380 1.9065
59.400 1.9161
59.420 1.9161
59.440 1.9194
59.460 1.9129
59.480 1.9161
59.500 1.9129
59.520 1.9161
59.540 1.9097
59.560 1.9129
59.580 1.9065
59.600 1.9000
59.620 1.9097
59.640 1.9065
59.660 1.9097
59.680 1.9065
59.700 1.9097
59.720 1.9161
59.740 1.9097
59.760 1.9097
59.780 1.9097
59.800 1.9194
59.820 1.9065
59.840 1.9097
59.860 1.9129
59.880 1.9032
59.900 1.9032
59.920 1.9129
59.940 1.9097
59.960 1.9065
59.980 1.9097
60.000 1.9129
60.020 1.9194
60.040 1.9097
60.060 1.8968
60.080 1.9065
60.100 1.9032
60.120 1.9097
60.140 1.9032
60.160 1.8968
60.180 1.9032
60.200 1.9000
60.220 1.9065
60.240 1.9065
60.260 1.9032
60.280 1.9161
60.300 1.9032
60.320 1.9065
60.340 1.9097
60.360 1.9000
60.380 1.9065
60.400 1.9000
60.420 1.9000
60.440 1.9032
60.460 1.9032
60.480 1.9065
60.500 1.9065
60.520 1.9000
60.540 1.9032
60.560 1.9097
60.580 1.8935
60.600 1.9000
60.620 1.8935
60.640 1.9065
60.660 1.8968
60.680 1.8968
60.700 1.9097
60.720 1.8968
60.740 1.8935
60.760 1.9065
60.780 1.9032
60.800 1.9032
60.820 1.9000
60.840 1.8903
60.860 1.8935
60.880 1.8935
60.900 1.8935
60.920 1.8935
60.940 1.8871
60.960 1.8903
60.980 1.8871
61.000 1.9000
61.020 1.8935
61.040 1.9000
61.060 1.8903
61.080 1.8968
61.100 1.8839
61.120 1.8710
61.140 1.8935
61.160 1.8903
61.180 1.8839
61.200 1.8742
61.220 1.8806
61.240 1.8871
61.260 1.8903
61.280 1.8806
61.300 1.8710
61.320 1.8742
61.340 1.8871
61.360 1.8742
61.380 1.8774
61.400 1.8774
61.420 1.8806
61.440 1.8742
61.460 1.8774
61.480 1.8839
61.500 1.8806
61.520 1.8710
61.540 1.8677
61.560 1.8871
61.580 1.8839
61.600 1.8710
61.620 1.8742
61.640 1.8710
61.660 1.8677
61.680 1.8742
61.700 1.8774
61.720 1.9000
61.740 1.8742
61.760 1.8839
61.780 1.8774
61.800 1.8806
61.820 1.8774
61.840 1.8774
61.860 1.8774
61.880 1.8774
61.900 1.8806
61.920 1.8613
61.940 1.8742
61.960 1.8548
61.980 1.8742
62.000 1.8871
62.020 1.8774
62.040 1.9032
62.060 1.8774
62.080 1.8774
62.100 1.8677
62.120 1.8710
62.140 1.8742
62.160 1.8710
62.180 1.8742
62.200 1.8806
62.220 1.8774
62.240 1.8839
62.260 1.8774
62.280 1.8742
62.300 1.8871
62.320 1.8774
62.340 1.8806
62.360 1.8871
62.380 1.8806
62.400 1.8710
62.420 1.8871
62.440 1.8742
62.460 1.8774
62.480 1.8710
62.500 1.8839
62.520 1.8839
62.540 1.8742
62.560 1.8839
62.580 1.8903
62.600 1.8806
62.620 1.8903
62.640 1.8774
62.660 1.8839
62.680 1.8742
62.700 1.8806
62.720 1.8839
62.740 1.8839
62.760 1.8871
62.780 1.8774
62.800 1.9161
62.820 1.8871
62.840 1.8903
62.860 1.8871
62.880 1.8935
62.900 1.8903
62.920 1.8839
62.940 1.8871
62.960 1.8968
62.980 1.8968
63.000 1.8903
63.020 1.8871
63.040 1.9032
63.060 1.8839
63.080 1.8935
63.100 1.8871
63.120 1.8968
63.140 1.9161
63.160 1.8935
63.180 1.8903
63.200 1.8968
63.220 1.9000
63.240 1.8968
63.260 1.8903
63.280 1.8935
63.300 1.8935
63.320 1.8935
63.340 1.8677
63.360 1.8968
63.380 1.8935
63.400 1.8935
63.420 1.9065
63.440 1.8774
63.460 1.9000
63.480 1.8968
63.500 1.9065
63.520 1.8968
63.540 1.9097
63.560 1.9000
63.580 1.9000
63.600 1.9065
63.620 1.9032
63.640 1.8935
63.660 1.9000
63.680 1.9065
63.700 1.9129
63.720 1.9000
63.740 1.9161
63.760 1.9065
63.780 1.8935
63.800 1.9032
63.820 1.9032
63.840 1.9032
63.860 1.9097
63.880 1.9000
63.900 1.9032
63.920 1.9065
63.940 1.9097
63.960 1.9097
63.980 1.9065
64.000 1.8935
64.020 1.9065
64.040 1.9000
64.060 1.9065
64.080 1.9065
64.100 1.9032
64.120 1.9097
64.140 1.9000
64.160 1.9032
64.180 1.9097
64.200 1.9032
64.220 1.9032
64.240 1.9097
64.260 1.9065
64.280 1.9065
64.300 1.9032
64.320 1.9097
64.340 1.9032
64.360 1.9226
64.380 1.9065
64.400 1.9097
64.420 1.9032
64.440 1.9000
64.460 1.9065
64.480 1.9129
64.500 1.9129
64.520 1.9065
64.540 1.9129
64.560 1.9097
64.580 1.9129
64.600 1.9129
64.620 1.9194
64.640 1.9032
64.660 1.9065
64.680 1.9161
64.700 1.9097
64.720 1.9032
64.740 1.9065
64.760 1.9194
64.780 1.9129
64.800 1.9226
64.820 1.9097
64.840 1.9129
64.860 1.9065
64.880 1.9161
64.900 1.9097
64.920 1.9097
64.940 1.9129
64.960 1.9097
64.980 1.9097
65.000 1.9032
65.020 1.9065
65.040 1.9065
65.060 1.9097
65.080 1.9065
65.100 1.9065
65.120 1.9097
65.140 1.9000
65.160 1.9097
65.180 1.9129
65.200 1.9065
65.220 1.9065
65.240 1.9000
65.260 1.8903
65.280 1.8935
65.300 1.9032
65.320 1.9065
65.340 1.9065
65.360 1.9097
65.380 1.8968
65.400 1.9000
65.420 1.9000
65.440 1.9000
65.460 1.9032
65.480 1.8968
65.500 1.8935
65.520 1.9065
65.540 1.9000
65.560 1.8935
65.580 1.8677
65.600 1.9000
65.620 1.8935
65.640 1.8806
65.660 1.8968
65.680 1.9032
65.700 1.8903
65.720 1.8935
65.740 1.8968
65.760 1.9000
65.780 1.8903
65.800 1.8935
65.820 1.8871
65.840 1.8806
65.860 1.8871
65.880 1.8742
65.900 1.8903
65.920 1.8839
65.940 1.8806
65.960 1.8871
65.980 1.8903
66.000 1.8774
66.020 1.8806
66.040 1.8839
66.060 1.8839
66.080 1.8774
66.100 1.8871
66.120 1.8871
66.140 1.8742
66.160 1.8742
66.180 1.8774
66.200 1.8839
66.220 1.8806
66.240 1.8806
66.260 1.8839
66.280 1.8774
66.300 1.8839
66.320 1.8935
66.340 1.8806
66.360 1.8871
66.380 1.8806
66.400 1.8774
66.420 1.8774
66.440 1.8839
66.460 1.8742
66.480 1.8742
66.500 1.8839
66.520 1.8774
66.540 1.8484
66.560 1.8613
66.580 1.8806
66.600 1.8677
66.620 1.8677
66.640 1.8742
66.660 1.8806
66.680 1.9065
66.700 1.8484
66.720 1.8742
66.740 1.8806
66.760 1.8806
66.780 1.8903
66.800 1.8484
66.820 1.8871
66.840 1.8871
66.860 1.8806
66.880 1.8839
66.900 1.8806
66.920 1.8839
66.940 1.8839
66.960 1.8806
66.980 1.8710
67.000 1.8677
67.020 1.8677
67.040 1.8742
67.060 1.8742
67.080 1.8871
67.100 1.8806
67.120 1.8774
67.140 1.8903
67.160 1.8806
67.180 1.8774
67.200 1.8839
67.220 1.8871
67.240 1.8645
67.260 1.8903
67.280 1.8839
67.300 1.8871
67.320 1.8871
67.340 1.8839
67.360 1.8871
67.380 1.8774
67.400 1.8871
67.420 1.8871
67.440 1.8774
67.460 1.8903
67.480 1.8839
67.500 1.8871
67.520 1.8903
67.540 1.8903
67.560 1.8968
67.580 1.8903
67.600 1.8871
67.620 1.8903
67.640 1.8871
67.660 1.9032
67.680 1.8871
67.700 1.8935
67.720 1.8903
67.740 1.8968
67.760 1.8935
67.780 1.9000
67.800 1.8871
67.820 1.8935
67.840 1.8935
67.860 1.8871
67.880 1.8903
67.900 1.8871
67.920 1.8935
67.940 1.8903
67.960 1.9032
67.980 1.8935
68.000 1.9000
68.020 1.9000
68.040 1.8968
68.060 1.9355
68.080 1.9000
68.100 1.8968
68.120 1.8935
68.140 1.8935
68.160 1.9032
68.180 1.9032
68.200 1.9065
68.220 1.9000
68.240 1.9065
68.260 1.9000
68.280 1.9065
68.300 1.9065
68.320 1.9065
68.340 1.9032
68.360 1.9032
68.380 1.8968
68.400 1.9032
68.420 1.9032
68.440 1.8968
68.460 1.9097
68.480 1.9065
68.500 1.9065
68.520 1.9065
68.540 1.9000
68.560 1.9032
68.580 1.9065
68.600 1.9032
68.620 1.9097
68.640 1.9161
68.660 1.9032
68.680 1.9097
68.700 1.9032
68.720 1.9065
68.740 1.9129
68.760 1.9032
68.780 1.9000
68.800 1.9194
68.820 1.9065
68.840 1.9161
68.860 1.9065
68.880 1.9065
68.900 1.9097
68.920 1.9226
68.940 1.9161
68.960 1.9065
68.980 1.9194
69.000 1.9129
69.020 1.9129
69.040 1.9065
69.060 1.9161
69.080 1.9032
69.100 1.9226
69.120 1.9000
69.140 1.9000
69.160 1.9097
69.180 1.9194
69.200 1.9161
69.220 1.9097
69.240 1.8968
69.260 1.9097
69.280 1.9065
69.300 1.9161
69.320 1.9161
69.340 1.9097
69.360 1.9000
69.380 1.9032
69.400 1.9161
69.420 1.8710
69.440 1.9129
69.460 1.9065
69.480 1.9129
69.500 1.9065
69.520 1.9258
69.540 1.9097
69.560 1.9097
69.580 1.9065
69.600 1.9161
69.620 1.9161
69.640 1.9129
69.660 1.9161
69.680 1.9161
69.700 1.9000
69.720 1.9000
69.740 1.9000
69.760 1.9065
69.780 1.9000
69.800 1.9000
69.820 1.9032
69.840 1.8935
69.860 1.9032
69.880 1.8935
69.900 1.9032
69.920 1.9000
69.940 1.9065
69.960 1.9097
69.980 1.9032
70.000 1.9000
70.020 1.8871
70.040 1.8968
70.060 1.8968
70.080 1.8935
70.100 1.9000
70.120 1.9000
70.140 1.9000
70.160 1.8968
70.180 1.8968
70.200 1.8839
70.220 1.8903
70.240 1.8903
70.260 1.8871
70.280 1.8839
70.300 1.8871
70.320 1.8903
70.340 1.8871
70.360 1.8903
70.380 1.8935
70.400 1.8968
70.420 1.8903
70.440 1.8871
70.460 1.8806
70.480 1.8806
70.500 1.8871
70.520 1.8806
70.540 1.8871
70.560 1.8806
70.580 1.8839
70.600 1.8806
70.620 1.8871
70.640 1.8806
70.660 1.8871
70.680 1.8774
70.700 1.8839
70.720 1.8742
70.740 1.8806
70.760 1.8806
70.780 1.8774
70.800 1.8710
70.820 1.8806
70.840 1.8774
70.860 1.8806
70.880 1.8774
70.900 1.9032
70.920 1.8774
70.940 1.8710
70.960 1.8871
70.980 1.8742
71.000 1.8742
71.020 1.8645
71.040 1.8839
71.060 1.8839
71.080 1.8806
71.100 1.8806
71.120 1.8742
71.140 1.8774
71.160 1.8839
71.180 1.8839
71.200 1.8903
71.220 1.8645
71.240 1.8839
71.260 1.8839
71.280 1.8839
71.300 1.8903
71.320 1.8742
71.340 1.8742
71.360 1.8871
71.380 1.8774
71.400 1.8871
71.420 1.8774
71.440 1.8742
71.460 1.8871
71.480 1.8806
71.500 1.8774
71.520 1.8806
71.540 1.8806
71.560 1.8839
71.580 1.8774
71.600 1.8839
71.620 1.8935
71.640 1.8935
71.660 1.8806
71.680 1.8903
71.700 1.8903
71.720 1.8839
71.740 1.8935
71.760 1.8903
71.780 1.8742
71.800 1.8871
71.820 1.8903
71.840 1.8935
71.860 1.8903
71.880 1.8871
71.900 1.8903
71.920 1.8935
71.940 1.8935
71.960 1.8871
71.980 1.9000
72.000 1.8968
72.020 1.8806
72.040 1.8935
72.060 1.9000
72.080 1.9000
72.100 1.8968
72.120 1.8903
72.140 1.8935
72.160 1.8935
72.180 1.8968
72.200 1.9000
72.220 1.8968
72.240 1.8903
72.260 1.8968
72.280 1.8968
72.300 1.8968
72.320 1.9000
72.340 1.9097
72.360 1.9032
72.380 1.8935
72.400 1.9000
72.420 1.9032
72.440 1.9032
72.460 1.8968
72.480 1.9065
72.500 1.9032
72.520 1.9065
72.540 1.9161
72.560 1.9032
72.580 1.8935
72.600 1.9065
72.620 1.9097
72.640 1.9129
72.660 1.9000
72.680 1.9161
72.700 1.8968
72.720 1.9097
72.740 1.9032
72.760 1.9000
72.780 1.9129
72.800 1.9032
72.820 1.9258
72.840 1.9000
72.860 1.9097
72.880 1.9161
72.900 1.9097
72.920 1.9097
72.940 1.9226
72.960 1.9129
72.980 1.9129
73.000 1.9065
73.020 1.9161
73.040 1.9065
73.060 1.9097
73.080 1.8968
73.100 1.9032
73.120 1.9000
73.140 1.9161
73.160 1.9000
73.180 1.8968
73.200 1.9129
73.220 1.9226
73.240 1.8968
73.260 1.9161
73.280 1.9097
73.300 1.9129
73.320 1.9065
73.340 1.9032
73.360 1.9129
73.380 1.9065
73.400 1.9097
73.420 1.9161
73.440 1.9065
73.460 1.9226
73.480 1.9129
73.500 1.9065
73.520 1.9065
73.540 1.9097
73.560 1.9161
73.580 1.9161
73.600 1.9032
73.620 1.9065
73.640 1.9032
73.660 1.9161
73.680 1.9032
73.700 1.9065
73.720 1.9097
73.740 1.9065
73.760 1.9194
73.780 1.9097
73.800 1.9065
73.820 1.9161
73.840 1.9000
73.860 1.9032
73.880 1.9065
73.900 1.9065
73.920 1.9097
73.940 1.9032
73.960 1.9097
73.980 1.9161
74.000 1.9000
74.020 1.9129
74.040 1.9129
74.060 1.9097
74.080 1.9032
74.100 1.9065
74.120 1.8968
74.140 1.9161
74.160 1.9032
74.180 1.9065
74.200 1.9129
74.220 1.9000
74.240 1.9097
74.260 1.9097
74.280 1.9065
74.300 1.9097
74.320 1.9065
74.340 1.9065
74.360 1.9032
74.380 1.9000
74.400 1.9032
74.420 1.9032
74.440 1.9000
74.460 1.8968
74.480 1.9000
74.500 1.9032
74.520 1.9065
74.540 1.9000
74.560 1.9000
74.580 1.8968
74.600 1.8935
74.620 1.8968
74.640 1.8968
74.660 1.8903
74.680 1.8839
74.700 1.9000
74.720 1.8935
74.740 1.9000
74.760 1.8903
74.780 1.8903
74.800 1.8903
74.820 1.8903
74.840 1.8968
74.860 1.8903
74.880 1.8871
74.900 1.8871
74.920 1.8968
74.940 1.8935
74.960 1.8935
74.980 1.8806
75.000 1.8871
75.020 1.8839
75.040 1.8871
75.060 1.8871
75.080 1.8871
75.100 1.8871
75.120 1.8903
75.140 1.8839
75.160 1.8806
75.180 1.8645
75.200 1.8839
75.220 1.8839
75.240 1.8935
75.260 1.8903
75.280 1.8839
75.300 1.8806
75.320 1.8839
75.340 1.8774
75.360 1.8677
75.380 1.8742
75.400 1.8935
75.420 1.8871
75.440 1.8710
75.460 1.8839
75.480 1.8839
75.500 1.8839
75.520 1.8774
75.540 1.8806
75.560 1.8839
75.580 1.8710
75.600 1.8935
75.620 1.8839
75.640 1.8839
75.660 1.8774
75.680 1.8839
75.700 1.8774
75.720 1.8742
75.740 1.8806
75.760 1.8871
75.780 1.8806
75.800 1.8710
75.820 1.8839
75.840 1.8839
75.860 1.8839
75.880 1.8774
75.900 1.8806
75.920 1.8839
75.940 1.8774
75.960 1.8806
75.980 1.8871
76.000 1.8871
76.020 1.8806
76.040 1.8903
76.060 1.8710
76.080 1.8774
76.100 1.8839
76.120 1.8806
76.140 1.8839
76.160 1.8806
76.180 1.9065
76.200 1.8774
76.220 1.8613
76.240 1.8806
76.260 1.8806
76.280 1.8871
76.300 1.8871
76.320 1.8935
76.340 1.9290
76.360 1.8903
76.380 1.8839
76.400 1.8839
76.420 1.8806
76.440 1.8742
76.460 1.8871
76.480 1.8903
76.500 1.8839
76.520 1.8839
76.540 1.8871
76.560 1.8839
76.580 1.8871
76.600 1.8806
76.620 1.8871
76.640 1.8935
76.660 1.8871
76.680 1.8871
76.700 1.8839
76.720 1.8839
76.740 1.8935
76.760 1.8839
76.780 1.8871
76.800 1.8935
76.820 1.8903
76.840 1.8968
76.860 1.8903
76.880 1.8968
76.900 1.8903
76.920 1.8935
76.940 1.8935
76.960 1.9065
76.980 1.9000
77.000 1.8935
77.020 1.9000
77.040 1.9000
77.060 1.8968
77.080 1.9000
77.100 1.8935
77.120 1.9065
77.140 1.8935
77.160 1.9032
77.180 1.9000
77.200 1.9161
77.220 1.8968
77.240 1.8968
77.260 1.9032
77.280 1.9000
77.300 1.9032
77.320 1.9000
77.340 1.9065
77.360 1.9032
77.380 1.9032
77.400 1.9065
77.420 1.9065
77.440 1.9097
77.460 1.8903
77.480 1.9032
77.500 1.9097
77.520 1.8968
77.540 1.9032
77.560 1.9065
77.580 1.9258
77.600 1.9065
77.620 1.8968
77.640 1.9097
77.660 1.9065
77.680 1.9065
77.700 1.9032
77.720 1.9032
77.740 1.9032
77.760 1.9065
77.780 1.9065
77.800 1.9032
77.820 1.9097
77.840 1.9032
77.860 1.9065
77.880 1.9097
77.900 1.9194
77.920 1.9387
77.940 1.9065
77.960 1.9000
77.980 1.9161
78.000 1.8935
78.020 1.9129
78.040 1.9129
78.060 1.9161
78.080 1.9161
78.100 1.9032
78.120 1.9129
78.140 1.9000
78.160 1.9065
78.180 1.9032
78.200 1.9065
78.220 1.8710
78.240 1.8935
78.260 1.9129
78.280 1.9097
78.300 1.9065
78.320 1.9097
78.340 1.9194
78.360 1.9065
78.380 1.9065
78.400 1.9032
78.420 1.9032
78.440 1.9032
78.460 1.9226
78.480 1.9161
78.500 1.9097
78.520 1.9129
78.540 1.9258
78.560 1.9129
78.580 1.9000
78.600 1.9000
78.620 1.9097
78.640 1.9194
78.660 1.9097
78.680 1.9419
78.700 1.9065
78.720 1.9129
78.740 1.9065
78.760 1.9097
78.780 1.9097
78.800 1.9097
78.820 1.9097
78.840 1.9065
78.860 1.9065
78.880 1.9161
78.900 1.9065
78.920 1.9194
78.940 1.9097
78.960 1.9129
78.980 1.9097
79.000 1.9032
79.020 1.9097
79.040 1.9065
79.060 1.9065
79.080 1.8903
79.100 1.9000
79.120 1.9065
79.140 1.9000
79.160 1.9097
79.180 1.9065
79.200 1.9065
79.220 1.8968
79.240 1.9065
79.260 1.8903
79.280 1.9065
79.300 1.9000
79.320 1.8968
79.340 1.9032
79.360 1.9000
79.380 1.8968
79.400 1.8968
79.420 1.9065
79.440 1.8968
79.460 1.8935
79.480 1.9032
79.500 1.9000
79.520 1.9032
79.540 1.9032
79.560 1.9097
79.580 1.9000
79.600 1.8968
79.620 1.8903
79.640 1.8935
79.660 1.8935
79.680 1.8935
79.700 1.8903
79.720 1.8903
79.740 1.8903
79.760 1.8903
79.780 1.8871
79.800 1.8839
79.820 1.8871
79.840 1.8871
79.860 1.8839
79.880 1.8806
79.900 1.8839
79.920 1.8871
79.940 1.8839
79.960 1.8806
79.980 1.8774
80.000 1.8903
80.020 1.8742
80.040 1.8806
80.060 1.8806
80.080 1.8871
80.100 1.8839
80.120 1.8710
80.140 1.8774
80.160 1.8710
80.180 1.8806
80.200 1.8806
80.220 1.8839
80.240 1.8871
80.260 1.8903
80.280 1.8774
80.300 1.8839
80.320 1.8806
80.340 1.8871
80.360 1.8710
80.380 1.8806
80.400 1.8839
80.420 1.8806
80.440 1.8839
80.460 1.8903
80.480 1.8839
80.500 1.8806
80.520 1.8839
80.540 1.8806
80.560 1.8806
80.580 1.8774
80.600 1.8839
80.620 1.8774
80.640 1.8806
80.660 1.8742
80.680 1.8839
80.700 1.8839
80.720 1.8839
80.740 1.8871
80.760 1.8742
80.780 1.8839
80.800 1.8871
80.820 1.8968
80.840 1.8774
80.860 1.8839
80.880 1.8935
80.900 1.8935
80.920 1.8871
80.940 1.9000
80.960 1.8839
80.980 1.8871
81.000 1.8677
81.020 1.8806
81.040 1.8613
81.060 1.8903
81.080 1.8806
81.100 1.8935
81.120 1.8903
81.140 1.8871
81.160 1.8871
81.180 1.8871
81.200 1.8839
81.220 1.8871
81.240 1.8968
81.260 1.8903
81.280 1.8935
81.300 1.8774
81.320 1.8903
81.340 1.8903
81.360 1.8968
81.380 1.8677
81.400 1.9226
81.420 1.8903
81.440 1.8903
81.460 1.8935
81.480 1.8968
81.500 1.8968
81.520 1.9000
81.540 1.9097
81.560 1.8935
81.580 1.8903
81.600 1.8903
81.620 1.9000
81.640 1.9065
81.660 1.8935
81.680 1.8935
81.700 1.8935
81.720 1.9065
81.740 1.8935
81.760 1.8968
81.780 1.9032
81.800 1.9000
81.820 1.8968
81.840 1.9065
81.860 1.9000
81.880 1.9032
81.900 1.9032
81.920 1.9000
81.940 1.9097
81.960 1.9129
81.980 1.9065
82.000 1.9000
82.020 1.9065
82.040 1.9032
82.060 1.9000
82.080 1.9065
82.100 1.9000
82.120 1.9000
82.140 1.9000
82.160 1.9161
82.180 1.9129
82.200 1.9032
82.220 1.9065
82.240 1.8935
82.260 1.9097
82.280 1.9097
82.300 1.9032
82.320 1.9065
82.340 1.9065
82.360 1.9065
82.380 1.9097
82.400 1.9065
82.420 1.9065
82.440 1.9065
82.460 1.9065
82.480 1.9065
82.500 1.9065
82.520 1.9065
82.540 1.9065
82.560 1.9129
82.580 1.9065
82.600 1.8935
82.620 1.9000
82.640 1.9065
82.660 1.9065
82.680 1.9097
82.700 1.9065
82.720 1.9065
82.740 1.9129
82.760 1.9032
82.780 1.9097
82.800 1.9065
82.820 1.9065
82.840 1.9097
82.860 1.9000
82.880 1.9097
82.900 1.9032
82.920 1.9000
82.940 1.9097
82.960 1.9032
82.980 1.9032
83.000 1.9000
83.020 1.9065
83.040 1.9161
83.060 1.9065
83.080 1.9000
83.100 1.9000
83.120 1.9032
83.140 1.9000
83.160 1.9000
83.180 1.9065
83.200 1.9129
83.220 1.9065
83.240 1.9065
83.260 1.9065
83.280 1.9097
83.300 1.9161
83.320 1.9161
83.340 1.8935
83.360 1.9032
83.380 1.9065
83.400 1.9129
83.420 1.9032
83.440 1.8968
83.460 1.9032
83.480 1.9000
83.500 1.9161
83.520 1.9000
83.540 1.9032
83.560 1.8935
83.580 1.9032
83.600 1.9000
83.620 1.9065
83.640 1.9032
83.660 1.9452
83.680 1.9032
83.700 1.9032
83.720 1.9000
83.740 1.9032
83.760 1.9065
83.780 1.9065
83.800 1.9032
83.820 1.8871
83.840 1.9000
83.860 1.9065
83.880 1.9065
83.900 1.8935
83.920 1.9000
83.940 1.8968
83.960 1.8903
83.980 1.8968
84.000 1.9032
84.020 1.8871
84.040 1.8935
84.060 1.9000
84.080 1.9000
84.100 1.8968
84.120 1.8968
84.140 1.8645
84.160 1.9000
84.180 1.8871
84.200 1.8903
84.220 1.8806
84.240 1.8871
84.260 1.8839
84.280 1.8935
84.300 1.8839
84.320 1.8839
84.340 1.8839
84.360 1.8935
84.380 1.8839
84.400 1.8839
84.420 1.8806
84.440 1.8839
84.460 1.8871
84.480 1.8871
84.500 1.8968
84.520 1.8871
84.540 1.8774
84.560 1.8839
84.580 1.8839
84.600 1.8774
84.620 1.8677
84.640 1.8839
84.660 1.8774
84.680 1.8871
84.700 1.8806
84.720 1.8742
84.740 1.9226
84.760 1.8839
84.780 1.8839
84.800 1.8710
84.820 1.8903
84.840 1.8839
84.860 1.8839
84.880 1.8806
84.900 1.8774
84.920 1.8806
84.940 1.8806
84.960 1.8935
84.980 1.8710
85.000 1.8774
85.020 1.8839
85.040 1.8774
85.060 1.8806
85.080 1.8839
85.100 1.8871
85.120 1.8774
85.140 1.8806
85.160 1.8935
85.180 1.8774
85.200 1.8839
85.220 1.8839
85.240 1.8806
85.260 1.8839
85.280 1.8968
85.300 1.8903
85.320 1.8742
85.340 1.8839
85.360 1.8935
85.380 1.8774
85.400 1.9097
85.420 1.8774
85.440 1.8839
85.460 1.8871
85.480 1.8806
85.500 1.8903
85.520 1.8839
85.540 1.8774
85.560 1.8903
85.580 1.8903
85.600 1.8871
85.620 1.8871
85.640 1.8903
85.660 1.8806
85.680 1.8903
85.700 1.8903
85.720 1.9000
85.740 1.8774
85.760 1.8839
85.780 1.8935
85.800 1.8935
85.820 1.9065
85.840 1.8839
85.860 1.9000
85.880 1.8968
85.900 1.8903
85.920 1.8935
85.940 1.9000
85.960 1.8935
85.980 1.8871
86.000 1.9032
86.020 1.9000
86.040 1.8903
86.060 1.9032
86.080 1.8935
86.100 1.8903
86.120 1.9000
86.140 1.9032
86.160 1.9065
86.180 1.9065
86.200 1.8968
86.220 1.9032
86.240 1.9032
86.260 1.8968
86.280 1.9065
86.300 1.9065
86.320 1.8968
86.340 1.9065
86.360 1.9097
86.380 1.9097
86.400 1.9032
86.420 1.9065
86.440 1.9032
86.460 1.9065
86.480 1.9065
86.500 1.9065
86.520 1.9032
86.540 1.9065
86.560 1.9032
86.580 1.9000
86.600 1.8935
86.620 1.9000
86.640 1.8968
86.660 1.9032
86.680 1.9129
86.700 1.9161
86.720 1.9065
86.740 1.8935
86.760 1.9161
86.780 1.9129
86.800 1.9065
86.820 1.9065
86.840 1.8968
86.860 1.9065
86.880 1.9032
86.900 1.9194
86.920 1.9065
86.940 1.8968
86.960 1.9129
86.980 1.9065
87.000 1.9032
87.020 1.9129
87.040 1.9097
87.060 1.9097
87.080 1.9065
87.100 1.9065
87.120 1.9226
87.140 1.9161
87.160 1.9065
87.180 1.9065
87.200 1.9000
87.220 1.9065
87.240 1.9129
87.260 1.9129
87.280 1.9032
87.300 1.9032
87.320 1.9032
87.340 1.9032
87.360 1.9129
87.380 1.9129
87.400 1.9097
87.420 1.9065
87.440 1.9161
87.460 1.9000
87.480 1.9226
87.500 1.9161
87.520 1.9065
87.540 1.9129
87.560 1.9290
87.580 1.9065
87.600 1.9000
87.620 1.9129
87.640 1.9032
87.660 1.9000
87.680 1.9065
87.700 1.9161
87.720 1.9065
87.740 1.9065
87.760 1.9065
87.780 1.9065
87.800 1.9065
87.820 1.9032
87.840 1.9000
87.860 1.9097
87.880 1.9000
87.900 1.9032
87.920 1.9129
87.940 1.8968
87.960 1.9065
87.980 1.9065
88.000 1.9065
88.020 1.9065
88.040 1.9000
88.060 1.9032
88.080 1.8677
88.100 1.9000
88.120 1.9065
88.140 1.9032
88.160 1.9000
88.180 1.9032
88.200 1.8968
88.220 1.8968
88.240 1.8968
88.260 1.9032
88.280 1.9097
88.300 1.8968
88.320 1.9000
88.340 1.8968
88.360 1.9000
88.380 1.8839
88.400 1.8839
88.420 1.8968
88.440 1.9097
88.460 1.8871
88.480 1.9000
88.500 1.8968
88.520 1.8903
88.540 1.8871
88.560 1.8806
88.580 1.8935
88.600 1.8968
88.620 1.8742
88.640 1.8871
88.660 1.8903
88.680 1.8806
88.700 1.8935
88.720 1.8903
88.740 1.8903
88.760 1.8871
88.780 1.8839
88.800 1.8839
88.820 1.8742
88.840 1.8742
88.860 1.8839
88.880 1.8871
88.900 1.8806
88.920 1.8774
88.940 1.8806
88.960 1.8839
88.980 1.8839
89.000 1.8839
89.020 1.8742
89.040 1.8774
89.060 1.8871
89.080 1.8645
89.100 1.8742
89.120 1.8871
89.140 1.8871
89.160 1.8774
89.180 1.8710
89.200 1.8806
89.220 1.8774
89.240 1.8774
89.260 1.8710
89.280 1.8871
89.300 1.8710
89.320 1.8968
89.340 1.8742
89.360 1.8774
89.380 1.8839
89.400 1.8806
89.420 1.8806
89.440 1.8645
89.460 1.8742
89.480 1.8806
89.500 1.9032
89.520 1.8774
89.540 1.8774
89.560 1.8806
89.580 1.8774
89.600 1.8871
89.620 1.8806
89.640 1.8839
89.660 1.8710
89.680 1.8839
89.700 1.8806
89.720 1.8742
89.740 1.8806
89.760 1.8806
89.780 1.8806
89.800 1.8806
89.820 1.8839
89.840 1.8968
89.860 1.8871
89.880 1.8871
89.900 1.8935
89.920 1.8871
89.940 1.8839
89.960 1.8871
89.980 1.8871
90.000 1.8839
90.020 1.8871
90.040 1.8839
90.060 1.8903
90.080 1.8806
90.100 1.8903
90.120 1.8903
90.140 1.8839
90.160 1.8774
90.180 1.8806
90.200 1.8419
90.220 1.8935
90.240 1.8935
90.260 1.8871
90.280 1.8839
90.300 1.8935
90.320 1.8806
90.340 1.8903
90.360 1.8806
90.380 1.8839
90.400 1.8903
90.420 1.8968
90.440 1.8935
90.460 1.9000
90.480 1.9000
90.500 1.8935
90.520 1.8968
90.540 1.9000
90.560 1.8903
90.580 1.8806
90.600 1.8968
90.620 1.8839
90.640 1.8968
90.660 1.8968
90.680 1.9129
90.700 1.9290
90.720 1.9032
90.740 1.9000
90.760 1.9065
90.780 1.8968
90.800 1.9065
90.820 1.8968
90.840 1.9000
90.860 1.9065
90.880 1.9032
90.900 1.9032
90.920 1.8968
90.940 1.9129
90.960 1.9097
90.980 1.9065
91.000 1.9032
91.020 1.9032
91.040 1.9097
91.060 1.8935
91.080 1.9065
91.100 1.9000
91.120 1.8968
91.140 1.9065
91.160 1.8935
91.180 1.9097
91.200 1.9065
91.220 1.9032
91.240 1.9065
91.260 1.9419
91.280 1.9129
91.300 1.9065
91.320 1.9032
91.340 1.9032
91.360 1.9065
91.380 1.9065
91.400 1.9161
91.420 1.9065
91.440 1.9065
91.460 1.9000
91.480 1.8774
91.500 1.9323
91.520 1.8645
91.540 1.8871
91.560 1.8903
91.580 1.9097
91.600 1.9032
91.620 1.9097
91.640 1.9065
91.660 1.9065
91.680 1.9065
91.700 1.9097
91.720 1.9065
91.740 1.9065
91.760 1.9032
91.780 1.9065
91.800 1.9129
91.820 1.9161
91.840 1.8968
91.860 1.9097
91.880 1.8968
91.900 1.9065
91.920 1.9161
91.940 1.9065
91.960 1.9032
91.980 1.9065
92.000 1.9065
92.020 1.9097
92.040 1.9000
92.060 1.9097
92.080 1.9032
92.100 1.9129
92.120 1.9065
92.140 1.9097
92.160 1.9000
92.180 1.9000
92.200 1.9032
92.220 1.8968
92.240 1.9032
92.260 1.9032
92.280 1.9065
92.300 1.9032
92.320 1.9000
92.340 1.9097
92.360 1.9000
92.380 1.9000
92.400 1.9065
92.420 1.9032
92.440 1.9032
92.460 1.9065
92.480 1.8968
92.500 1.9065
92.520 1.8968
92.540 1.9000
92.560 1.9000
92.580 1.8935
92.600 1.8935
92.620 1.9000
92.640 1.8968
92.660 1.8968
92.680 1.8935
92.700 1.9000
92.720 1.8903
92.740 1.8935
92.760 1.9000
92.780 1.9226
92.800 1.8903
92.820 1.8935
92.840 1.8903
92.860 1.8839
92.880 1.8871
92.900 1.8903
92.920 1.8839
92.940 1.8935
92.960 1.8871
92.980 1.8806
93.000 1.8871
93.020 1.8871
93.040 1.8871
93.060 1.8839
93.080 1.8935
93.100 1.8903
93.120 1.8903
93.140 1.8806
93.160 1.8968
93.180 1.8806
93.200 1.8839
93.220 1.8903
93.240 1.8806
93.260 1.8806
93.280 1.8871
93.300 1.8903
93.320 1.8839
93.340 1.8871
93.360 1.8871
93.380 1.8774
93.400 1.8839
93.420 1.8871
93.440 1.8806
93.460 1.8806
93.480 1.8774
93.500 1.8839
93.520 1.8839
93.540 1.8871
93.560 1.8839
93.580 1.8903
93.600 1.8774
93.620 1.8774
93.640 1.8710
93.660 1.8903
93.680 1.8710
93.700 1.8903
93.720 1.8806
93.740 1.8806
93.760 1.8774
93.780 1.8742
93.800 1.8806
93.820 1.8806
93.840 1.8742
93.860 1.8839
93.880 1.8903
93.900 1.8871
93.920 1.8806
93.940 1.8903
93.960 1.8903
93.980 1.8839
94.000 1.8871
94.020 1.8903
94.040 1.8839
94.060 1.8871
94.080 1.8871
94.100 1.8935
94.120 1.8839
94.140 1.8871
94.160 1.8903
94.180 1.8968
94.200 1.8871
94.220 1.8968
94.240 1.8903
94.260 1.8903
94.280 1.8871
94.300 1.8839
94.320 1.8871
94.340 1.8968
94.360 1.8935
94.380 1.8871
94.400 1.9000
94.420 1.8871
94.440 1.8968
94.460 1.8968
94.480 1.8903
94.500 1.9258
94.520 1.8935
94.540 1.8935
94.560 1.9032
94.580 1.8935
94.600 1.9000
94.620 1.9065
94.640 1.9032
94.660 1.9065
94.680 1.9000
94.700 1.8935
94.720 1.9065
94.740 1.9032
94.760 1.9065
94.780 1.9065
94.800 1.8903
94.820 1.8935
94.840 1.8968
94.860 1.9032
94.880 1.9032
94.900 1.9097
94.920 1.9097
94.940 1.8968
94.960 1.9032
94.980 1.9065
95.000 1.9065
95.020 1.9032
95.040 1.9032
95.060 1.9065
95.080 1.9032
95.100 1.9097
95.120 1.8968
95.140 1.9032
95.160 1.9097
95.180 1.9000
95.200 1.9065
95.220 1.9032
95.240 1.9097
95.260 1.9065
95.280 1.9000
95.300 1.9065
95.320 1.9000
95.340 1.9065
95.360 1.9000
95.380 1.9000
95.400 1.9097
95.420 1.9000
95.440 1.9097
95.460 1.9129
95.480 1.9355
95.500 1.9129
95.520 1.9065
95.540 1.8903
95.560 1.9065
95.580 1.9032
95.600 1.9032
95.620 1.9097
95.640 1.9097
95.660 1.9129
95.680 1.9065
95.700 1.9065
95.720 1.9000
95.740 1.9097
95.760 1.9032
95.780 1.9065
95.800 1.9097
95.820 1.9000
95.840 1.9129
95.860 1.9065
95.880 1.9129
95.900 1.9000
95.920 1.9097
95.940 1.9000
95.960 1.9065
95.980 1.9032
96.000 1.9032
96.020 1.9129
96.040 1.8968
96.060 1.9065
96.080 1.9129
96.100 1.9032
96.120 1.9000
96.140 1.9097
96.160 1.9032
96.180 1.9065
96.200 1.9000
96.220 1.9065
96.240 1.9000
96.260 1.8968
96.280 1.9000
96.300 1.9065
96.320 1.9000
96.340 1.9032
96.360 1.9097
96.380 1.9032
96.400 1.9032
96.420 1.8903
96.440 1.9000
96.460 1.9032
96.480 1.8968
96.500 1.9032
96.520 1.8935
96.540 1.8935
96.560 1.8903
96.580 1.8935
96.600 1.8903
96.620 1.8903
96.640 1.8903
96.660 1.8968
96.680 1.9032
96.700 1.8839
96.720 1.8871
96.740 1.8968
96.760 1.8935
96.780 1.8903
96.800 1.8871
96.820 1.8935
96.840 1.8935
96.860 1.8839
96.880 1.8968
96.900 1.8871
96.920 1.8839
96.940 1.8839
96.960 1.8968
96.980 1.8839
97.000 1.8839
97.020 1.8742
97.040 1.8774
97.060 1.8871
97.080 1.8871
97.100 1.8839
97.120 1.8774
97.140 1.8968
97.160 1.8935
97.180 1.8871
97.200 1.8742
97.220 1.8710
97.240 1.8871
97.260 1.8774
97.280 1.8806
97.300 1.8774
97.320 1.8903
97.340 1.8742
97.360 1.8871
97.380 1.8742
97.400 1.8774
97.420 1.8839
97.440 1.8806
97.460 1.8774
97.480 1.8903
97.500 1.8806
97.520 1.8903
97.540 1.8774
97.560 1.8613
97.580 1.8774
97.600 1.8774
97.620 1.8871
97.640 1.8806
97.660 1.8806
97.680 1.8839
97.700 1.8839
97.720 1.8839
97.740 1.8839
97.760 1.8806
97.780 1.8871
97.800 1.8806
97.820 1.8710
97.840 1.8806
97.860 1.8839
97.880 1.8774
97.900 1.8774
97.920 1.8806
97.940 1.8774
97.960 1.8839
97.980 1.8903
98.000 1.9000
98.020 1.8903
98.040 1.8871
98.060 1.8839
98.080 1.8903
98.100 1.9032
98.120 1.8935
98.140 1.8903
98.160 1.8903
98.180 1.9000
98.200 1.8839
98.220 1.8968
98.240 1.8968
98.260 1.8935
98.280 1.8903
98.300 1.8935
98.320 1.8839
98.340 1.8935
98.360 1.9000
98.380 1.8935
98.400 1.9032
98.420 1.8968
98.440 1.8871
98.460 1.8968
98.480 1.8903
98.500 1.9065
98.520 1.9000
98.540 1.8871
98.560 1.9000
98.580 1.8935
98.600 1.8935
98.620 1.9065
98.640 1.8903
98.660 1.9097
98.680 1.8935
98.700 1.9032
98.720 1.9065
98.740 1.9032
98.760 1.9032
98.780 1.9065
98.800 1.9032
98.820 1.8968
98.840 1.8935
98.860 1.8935
98.880 1.9032
98.900 1.8968
98.920 1.9000
98.940 1.9000
98.960 1.9032
98.980 1.9032
99.000 1.9065
99.020 1.9065
99.040 1.8968
99.060 1.8968
99.080 1.9129
99.100 1.9097
99.120 1.8903
99.140 1.9032
99.160 1.9129
99.180 1.9000
99.200 1.9065
99.220 1.9000
99.240 1.9065
99.260 1.9065
99.280 1.9032
99.300 1.8935
99.320 1.9097
99.340 1.9065
99.360 1.9032
99.380 1.9000
99.400 1.9097
99.420 1.9065
99.440 1.9032
99.460 1.9065
99.480 1.9129
99.500 1.9032
99.520 1.9032
99.540 1.9032
99.560 1.9065
99.580 1.9258
99.600 1.9000
99.620 1.9065
99.640 1.9000
99.660 1.9032
99.680 1.9097
99.700 1.9194
99.720 1.9032
99.740 1.9000
99.760 1.9000
99.780 1.9065
99.800 1.9129
99.820 1.9258
99.840 1.9032
99.860 1.9000
99.880 1.9032
99.900 1.9065
99.920 1.8968
99.940 1.8935
99.960 1.9065
99.980 1.9065
100.000 1.9129
100.020 1.9097
100.040 1.9097
100.060 1.9065
100.080 1.9097
100.100 1.9032
100.120 1.9226
100.140 1.9065
100.160 1.8968
100.180 1.9387
100.200 1.9032
100.220 1.9097
100.240 1.9032
100.260 1.9032
100.280 1.9065
100.300 1.9097
100.320 1.8935
100.340 1.8935
100.360 1.9000
100.380 1.9032
100.400 1.9000
100.420 1.8871
100.440 1.9000
100.460 1.8968
100.480 1.9032
100.500 1.9032
100.520 1.9000
100.540 1.8968
100.560 1.9000
100.580 1.8968
100.600 1.8968
100.620 1.8968
100.640 1.8968
100.660 1.8935
100.680 1.8871
100.700 1.8968
100.720 1.8871
100.740 1.8871
100.760 1.8968
100.780 1.8968
100.800 1.8839
100.820 1.8968
100.840 1.8839
100.860 1.9097
100.880 1.8871
100.900 1.8871
100.920 1.8968
100.940 1.8903
100.960 1.8968
100.980 1.9000
101.000 1.8871
101.020 1.8774
101.040 1.9032
101.060 1.8903
101.080 1.8968
101.100 1.8774
101.120 1.8871
101.140 1.8839
101.160 1.8903
101.180 1.8742
101.200 1.8839
101.220 1.8806
101.240 1.8806
101.260 1.8710
101.280 1.8742
101.300 1.8806
101.320 1.8839
101.340 1.8839
101.360 1.8903
101.380 1.8774
101.400 1.8710
101.420 1.8806
101.440 1.8871
101.460 1.8839
101.480 1.8871
101.500 1.8839
101.520 1.8774
101.540 1.8839
101.560 1.8774
101.580 1.8677
101.600 1.8710
101.620 1.8806
101.640 1.8742
101.660 1.8774
101.680 1.8839
101.700 1.8839
101.720 1.8935
101.740 1.8742
101.760 1.8871
101.780 1.8839
101.800 1.8806
101.820 1.8968
101.840 1.8903
101.860 1.8806
101.880 1.8839
101.900 1.8806
101.920 1.8903
101.940 1.8871
101.960 1.8806
101.980 1.8935
102.000 1.8839
102.020 1.8613
102.040 1.8774
102.060 1.8742
102.080 1.8806
102.100 1.8839
102.120 1.8839
102.140 1.8903
102.160 1.8806
102.180 1.8871
102.200 1.8839
102.220 1.8839
102.240 1.8903
102.260 1.8774
102.280 1.8903
102.300 1.8806
102.320 1.8903
102.340 1.8903
102.360 1.8903
102.380 1.8903
102.400 1.8806
102.420 1.8774
102.440 1.8839
102.460 1.8935
102.480 1.8968
102.500 1.8968
102.520 1.8968
102.540 1.9000
102.560 1.8935
102.580 1.8968
102.600 1.8935
102.620 1.9000
102.640 1.9000
102.660 1.9032
102.680 1.8968
102.700 1.8935
102.720 1.9032
102.740 1.8968
102.760 1.8968
102.780 1.9000
102.800 1.9032
102.820 1.8935
102.840 1.9032
102.860 1.9032
102.880 1.9000
102.900 1.9032
102.920 1.9065
102.940 1.8968
102.960 1.8935
102.980 1.9032
103.000 1.9000
103.020 1.9065
103.040 1.9065
103.060 1.9000
103.080 1.8968
103.100 1.9032
103.120 1.9065
103.140 1.9032
103.160 1.9000
103.180 1.9000
103.200 1.8968
103.220 1.9000
103.240 1.9000
103.260 1.9000
103.280 1.9032
103.300 1.9032
103.320 1.9065
103.340 1.9129
103.360 1.9000
103.380 1.9032
103.400 1.9000
103.420 1.9065
103.440 1.9032
103.460 1.9065
103.480 1.9194
103.500 1.9065
103.520 1.9065
103.540 1.9032
103.560 1.9000
103.580 1.9065
103.600 1.9032
103.620 1.9000
103.640 1.9065
103.660 1.9097
103.680 1.9065
103.700 1.9065
103.720 1.9000
103.740 1.9129
103.760 1.8968
103.780 1.9000
103.800 1.9065
103.820 1.9097
103.840 1.9000
103.860 1.9065
103.880 1.9065
103.900 1.9032
103.920 1.9065
103.940 1.9097
103.960 1.9097
103.980 1.9129
104.000 1.9065
104.020 1.9065
104.040 1.9097
104.060 1.9032
104.080 1.9065
104.100 1.9097
104.120 1.9032
104.140 1.9065
104.160 1.9065
104.180 1.9129
104.200 1.9032
104.220 1.9032
104.240 1.9065
104.260 1.9065
104.280 1.9032
104.300 1.9065
104.320 1.9000
104.340 1.9065
104.360 1.9129
104.380 1.9065
104.400 1.9065
104.420 1.9097
104.440 1.9032
104.460 1.9129
104.480 1.9065
104.500 1.9032
104.520 1.9129
104.540 1.9097
104.560 1.9129
104.580 1.9065
104.600 1.9161
104.620 1.9000
104.640 1.9000
104.660 1.9032
104.680 1.9065
104.700 1.9032
104.720 1.9065
104.740 1.9032
104.760 1.9065
104.780 1.9000
104.800 1.9065
104.820 1.9097
104.840 1.9000
104.860 1.9032
104.880 1.8935
104.900 1.9065
104.920 1.8968
104.940 1.9000
104.960 1.9065
104.980 1.8968
105.000 1.8935
105.020 1.8935
105.040 1.9032
105.060 1.9065
105.080 1.8935
105.100 1.8935
105.120 1.9097
105.140 1.8935
105.160 1.9000
105.180 1.8871
105.200 1.8968
105.220 1.8903
105.240 1.8742
105.260 1.8839
105.280 1.9000
105.300 1.8806
105.320 1.8935
105.340 1.8903
105.360 1.8871
105.380 1.8903
105.400 1.8903
105.420 1.8806
105.440 1.8742
105.460 1.8806
105.480 1.8871
105.500 1.8839
105.520 1.8871
105.540 1.8871
105.560 1.8871
105.580 1.8839
105.600 1.8774
105.620 1.8742
105.640 1.8935
105.660 1.8839
105.680 1.8806
105.700 1.8774
105.720 1.8839
105.740 1.8677
105.760 1.8839
105.780 1.8839
105.800 1.8839
105.820 1.8839
105.840 1.8839
105.860 1.8839
105.880 1.8806
105.900 1.8839
105.920 1.8871
105.940 1.8774
105.960 1.8742
105.980 1.8839
106.000 1.8839
106.020 1.8806
106.040 1.8839
106.060 1.8839
106.080 1.8903
106.100 1.8839
106.120 1.8806
106.140 1.8839
106.160 1.8774
106.180 1.8903
106.200 1.8774
106.220 1.8742
106.240 1.8742
106.260 1.8677
106.280 1.8774
106.300 1.8806
106.320 1.8806
106.340 1.8806
106.360 1.8806
106.380 1.8710
106.400 1.8806
106.420 1.8903
106.440 1.8806
106.460 1.8742
106.480 1.8839
106.500 1.9000
106.520 1.8774
106.540 1.8742
106.560 1.8903
106.580 1.8806
106.600 1.8935
106.620 1.8903
106.640 1.8935
106.660 1.8968
106.680 1.8806
106.700 1.8839
106.720 1.8774
106.740 1.8871
106.760 1.8871
106.780 1.8903
106.800 1.8935
106.820 1.8968
106.840 1.8935
106.860 1.8903
106.880 1.8871
106.900 1.8903
106.920 1.8968
106.940 1.8871
106.960 1.8968
106.980 1.9097
107.000 1.8968
107.020 1.8968
107.040 1.8839
107.060 1.8935
107.080 1.8903
107.100 1.8968
107.120 1.9000
107.140 1.8903
107.160 1.8903
107.180 1.9000
107.200 1.9065
107.220 1.8903
107.240 1.9000
107.260 1.8935
107.280 1.9000
107.300 1.8968
107.320 1.8968
107.340 1.8645
107.360 1.9065
107.380 1.8839
107.400 1.9065
107.420 1.8968
107.440 1.9097
107.460 1.9000
107.480 1.9000
107.500 1.9065
107.520 1.9065
107.540 1.8968
107.560 1.8806
107.580 1.9032
107.600 1.9097
107.620 1.9065
107.640 1.9000
107.660 1.9129
107.680 1.8968
107.700 1.9226
107.720 1.9000
107.740 1.8935
107.760 1.9194
107.780 1.9194
107.800 1.9065
107.820 1.9000
107.840 1.9065
107.860 1.9032
107.880 1.9032
107.900 1.9000
107.920 1.9097
107.940 1.9065
107.960 1.9032
107.980 1.8935
108.000 1.9032
108.020 1.9032
108.040 1.9000
108.060 1.9000
108.080 1.9032
108.100 1.8903
108.120 1.9032
108.140 1.9032
108.160 1.9097
108.180 1.9097
108.200 1.9065
108.220 1.9032
108.240 1.9032
108.260 1.9065
108.280 1.9129
108.300 1.9032
108.320 1.9161
108.340 1.9000
108.360 1.9065
108.380 1.9129
108.400 1.9065
108.420 1.8935
108.440 1.9097
108.460 1.9032
108.480 1.9032
108.500 1.9032
108.520 1.9065
108.540 1.9129
108.560 1.9065
108.580 1.8968
108.600 1.9097
108.620 1.9097
108.640 1.9065
108.660 1.8968
108.680 1.8968
108.700 1.9065
108.720 1.9065
108.740 1.9065
108.760 1.9097
108.780 1.9032
108.800 1.9129
108.820 1.8935
108.840 1.9097
108.860 1.8903
108.880 1.9032
108.900 1.8968
108.920 1.8935
108.940 1.8968
108.960 1.9000
108.980 1.9000
109.000 1.8968
109.020 1.9032
109.040 1.8968
109.060 1.8935
109.080 1.9032
109.100 1.9000
109.120 1.8806
109.140 1.8871
109.160 1.8935
109.180 1.8968
109.200 1.8871
109.220 1.8968
109.240 1.8935
109.260 1.8935
109.280 1.8903
109.300 1.8903
109.320 1.8935
109.340 1.8935
109.360 1.8871
109.380 1.8968
109.400 1.8806
109.420 1.8903
109.440 1.8871
109.460 1.8871
109.480 1.8806
109.500 1.8903
109.520 1.8871
109.540 1.8903
109.560 1.8935
109.580 1.8806
109.600 1.8806
109.620 1.8903
109.640 1.8742
109.660 1.8806
109.680 1.8839
109.700 1.8774
109.720 1.8903
109.740 1.8806
109.760 1.8806
109.780 1.8774
109.800 1.8774
109.820 1.8774
109.840 1.8871
109.860 1.8839
109.880 1.8903
109.900 1.8806
109.920 1.8742
109.940 1.8806
109.960 1.8839
109.980 1.8968
110.000 1.8774
110.020 1.8903
110.040 1.8839
110.060 1.8806
110.080 1.8903
110.100 1.8806
110.120 1.8806
110.140 1.8871
110.160 1.8806
110.180 1.8871
110.200 1.8839
110.220 1.8903
110.240 1.8839
110.260 1.8774
110.280 1.8806
110.300 1.8935
110.320 1.8839
110.340 1.8387
110.360 1.8871
110.380 1.8935
110.400 1.8871
110.420 1.8516
110.440 1.8806
110.460 1.8839
110.480 1.8903
110.500 1.8839
110.520 1.8839
110.540 1.8935
110.560 1.8968
110.580 1.8935
110.600 1.8935
110.620 1.8903
110.640 1.8935
110.660 1.8935
110.680 1.9097
110.700 1.8903
110.720 1.8968
110.740 1.9000
110.760 1.9065
110.780 1.8903
110.800 1.8871
110.820 1.8968
110.840 1.8903
110.860 1.9000
110.880 1.9000
110.900 1.8839
110.920 1.8871
110.940 1.8935
110.960 1.9000
110.980 1.8935
111.000 1.8968
111.020 1.9032
111.040 1.9032
111.060 1.9065
111.080 1.9032
111.100 1.9065
111.120 1.9032
111.140 1.9000
111.160 1.9032
111.180 1.8968
111.200 1.8968
111.220 1.9000
111.240 1.9032
111.260 1.9000
111.280 1.9032
111.300 1.9065
111.320 1.8935
111.340 1.9097
111.360 1.8935
111.380 1.9032
111.400 1.8903
111.420 1.9065
111.440 1.9129
111.460 1.9000
111.480 1.9065
111.500 1.9097
111.520 1.9000
111.540 1.9161
111.560 1.9032
111.580 1.9065
111.600 1.8935
111.620 1.9065
111.640 1.9129
111.660 1.9065
111.680 1.9032
111.700 1.9032
111.720 1.9097
111.740 1.9097
111.760 1.9161
111.780 1.9065
111.800 1.9065
111.820 1.9000
111.840 1.9065
111.860 1.9000
111.880 1.9194
111.900 1.9129
111.920 1.9032
111.940 1.9097
111.960 1.9032
111.980 1.9032
112.000 1.9000
112.020 1.9065
112.040 1.9032
112.060 1.9032
112.080 1.9065
112.100 1.9065
112.120 1.9000
112.140 1.9097
112.160 1.9065
112.180 1.9097
112.200 1.9097
112.220 1.9065
112.240 1.9065
112.260 1.9032
112.280 1.9129
112.300 1.9065
112.320 1.9129
112.340 1.9097
112.360 1.8806
112.380 1.9032
112.400 1.9097
112.420 1.9032
112.440 1.9032
112.460 1.9161
112.480 1.9065
112.500 1.9613
112.520 1.9065
112.540 1.9000
112.560 1.9065
112.580 1.9097
112.600 1.9032
112.620 1.9032
112.640 1.9032
112.660 1.9000
112.680 1.9097
112.700 1.9032
112.720 1.9065
112.740 1.8968
112.760 1.9065
112.780 1.9065
112.800 1.9065
112.820 1.8968
112.840 1.9097
112.860 1.9000
112.880 1.9000
112.900 1.8968
112.920 1.8968
112.940 1.9129
112.960 1.8968
112.980 1.8935
113.000 1.8968
113.020 1.9000
113.040 1.8871
113.060 1.8903
113.080 1.8871
113.100 1.8968
113.120 1.8935
113.140 1.8871
113.160 1.8968
113.180 1.8968
113.200 1.8903
113.220 1.8935
113.240 1.8871
113.260 1.8903
113.280 1.8871
113.300 1.8903
113.320 1.8935
113.340 1.8968
113.360 1.8774
113.380 1.9000
113.400 1.8903
113.420 1.8968
113.440 1.9065
113.460 1.8839
113.480 1.8839
113.500 1.8903
113.520 1.8903
113.540 1.8903
113.560 1.8839
113.580 1.8871
113.600 1.8806
113.620 1.8839
113.640 1.8839
113.660 1.8871
113.680 1.8871
113.700 1.8903
113.720 1.8806
113.740 1.8742
113.760 1.8871
113.780 1.8903
113.800 1.8871
113.820 1.8903
113.840 1.8742
113.860 1.8839
113.880 1.8839
113.900 1.8710
113.920 1.8806
113.940 1.8806
113.960 1.8806
113.980 1.8806
114.000 1.8839
114.020 1.8806
114.040 1.8935
114.060 1.8806
114.080 1.8774
114.100 1.8903
114.120 1.8968
114.140 1.8742
114.160 1.8871
114.180 1.8839
114.200 1.8839
114.220 1.8903
114.240 1.8806
114.260 1.8806
114.280 1.8774
114.300 1.8871
114.320 1.8839
114.340 1.8871
114.360 1.8968
114.380 1.8968
114.400 1.8839
114.420 1.8806
114.440 1.8871
114.460 1.8935
114.480 1.8774
114.500 1.8839
114.520 1.8839
114.540 1.8806
114.560 1.8871
114.580 1.8806
114.600 1.8806
114.620 1.8968
114.640 1.8968
114.660 1.8839
114.680 1.8968
114.700 1.8871
114.720 1.8935
114.740 1.8935
114.760 1.8903
114.780 1.8903
114.800 1.8968
114.820 1.8935
114.840 1.8968
114.860 1.9032
114.880 1.9000
114.900 1.9032
114.920 1.9032
114.940 1.8968
114.960 1.8935
114.980 1.9032
115.000 1.8968
115.020 1.9065
115.040 1.9097
115.060 1.9032
115.080 1.8903
115.100 1.9065
115.120 1.9065
115.140 1.8968
115.160 1.9032
115.180 1.8935
115.200 1.9000
115.220 1.9032
115.240 1.8968
115.260 1.9000
115.280 1.9032
115.300 1.9065
115.320 1.9000
115.340 1.9065
115.360 1.9097
115.380 1.9032
115.400 1.9000
115.420 1.9290
115.440 1.9000
115.460 1.8968
115.480 1.9032
115.500 1.9097
115.520 1.9097
115.540 1.9000
115.560 1.9000
115.580 1.8806
115.600 1.9065
115.620 1.9000
115.640 1.9097
115.660 1.9161
115.680 1.9000
115.700 1.9065
115.720 1.8968
115.740 1.9032
115.760 1.9032
115.780 1.9129
115.800 1.9032
115.820 1.9065
115.840 1.9161
115.860 1.9032
115.880 1.9129
115.900 1.8613
115.920 1.9065
115.940 1.9097
115.960 1.8968
115.980 1.9000
116.000 1.9097
116.020 1.9065
116.040 1.9129
116.060 1.9097
116.080 1.9000
116.100 1.9065
116.120 1.9065
116.140 1.9065
116.160 1.9000
116.180 1.9000
116.200 1.9065
116.220 1.9065
116.240 1.9000
116.260 1.9129
116.280 1.9032
116.300 1.9065
116.320 1.9097
116.340 1.9065
116.360 1.9065
116.380 1.9065
116.400 1.8935
116.420 1.9065
116.440 1.9129
116.460 1.8968
116.480 1.8903
116.500 1.8935
116.520 1.9065
116.540 1.9000
116.560 1.9194
116.580 1.9000
116.600 1.9000
116.620 1.9097
116.640 1.8935
116.660 1.9129
116.680 1.9129
116.700 1.9032
116.720 1.9032
116.740 1.9097
116.760 1.9097
116.780 1.9032
116.800 1.9161
116.820 1.8968
116.840 1.9129
116.860 1.8935
116.880 1.8968
116.900 1.9032
116.920 1.8968
116.940 1.9065
116.960 1.8935
116.980 1.8968
117.000 1.8581
117.020 1.8968
117.040 1.8935
117.060 1.8935
117.080 1.9065
117.100 1.8968
117.120 1.8968
117.140 1.8968
117.160 1.8935
117.180 1.8871
117.200 1.8871
117.220 1.8968
117.240 1.8871
117.260 1.8903
117.280 1.8903
117.300 1.8871
117.320 1.8903
117.340 1.8935
117.360 1.8871
117.380 1.8903
117.400 1.8806
117.420 1.8774
117.440 1.8968
117.460 1.8839
117.480 1.8903
117.500 1.8871
117.520 1.8710
117.540 1.8839
117.560 1.8839
117.580 1.8871
117.600 1.8774
117.620 1.8871
117.640 1.8806
117.660 1.8903
117.680 1.8935
117.700 1.8742
117.720 1.8839
117.740 1.8806
117.760 1.8839
117.780 1.8806
117.800 1.8935
117.820 1.8806
117.840 1.8774
117.860 1.8806
117.880 1.8742
117.900 1.8774
117.920 1.8710
117.940 1.8806
117.960 1.8806
117.980 1.8774
118.000 1.8774
118.020 1.8742
118.040 1.8774
118.060 1.8742
118.080 1.8581
118.100 1.8677
118.120 1.8774
118.140 1.8839
118.160 1.8710
118.180 1.8839
118.200 1.8839
118.220 1.8871
118.240 1.8839
118.260 1.8710
118.280 1.8839
118.300 1.8742
118.320 1.8806
118.340 1.8968
118.360 1.8774
118.380 1.8806
118.400 1.8871
118.420 1.9323
118.440 1.8774
118.460 1.8871
118.480 1.8806
118.500 1.8806
118.520 1.8806
118.540 1.8806
118.560 1.8871
118.580 1.8806
118.600 1.8806
118.620 1.8839
118.640 1.8774
118.660 1.8581
118.680 1.8774
118.700 1.8839
118.720 1.8935
118.740 1.8645
118.760 1.8871
118.780 1.8774
118.800 1.8806
118.820 1.8710
118.840 1.8839
118.860 1.8871
118.880 1.8903
118.900 1.8839
118.920 1.8935
118.940 1.8871
118.960 1.8903
118.980 1.8968
119.000 1.8871
119.020 1.8871
119.040 1.8871
119.060 1.8839
119.080 1.8935
119.100 1.8774
119.120 1.8871
119.140 1.9032
119.160 1.8806
119.180 1.9000
119.200 1.8968
119.220 1.9194
119.240 1.8935
119.260 1.8968
119.280 1.9000
119.300 1.9065
119.320 1.8903
119.340 1.8903
119.360 1.9000
119.380 1.9000
119.400 1.9000
119.420 1.8968
119.440 1.9032
119.460 1.8935
119.480 1.8968
119.500 1.8968
119.520 1.8968
119.540 1.9032
119.560 1.9032
119.580 1.8968
119.600 1.9000
119.620 1.9065
119.640 1.8968
119.660 1.9032
119.680 1.9032
119.700 1.9000
119.720 1.9065
119.740 1.9032
119.760 1.8613
119.780 1.9032
119.800 1.9548
119.820 1.9065
119.840 1.8968
119.860 1.9065
119.880 1.8968
119.900 1.9161
119.920 1.9161
119.940 1.8968
119.960 1.9065
119.980 1.9097
120.000 1.9065
120.020 1.9097
120.040 1.9065
120.060 1.9032
120.080 1.9000
120.100 1.9032
120.120 1.9032
120.140 1.9000
120.160 1.9129
120.180 1.9065
120.200 1.9097
120.220 1.9129
120.240 1.9032
120.260 1.9097
120.280 1.9097
120.300 1.8968
120.320 1.9097
120.340 1.9065
120.360 1.9065
120.380 1.9161
120.400 1.9097
120.420 1.9065
120.440 1.9097
120.460 1.9129
120.480 1.8968
120.500 1.9032
120.520 1.9097
120.540 1.9032
120.560 1.9065
120.580 1.8968
120.600 1.9097
120.620 1.9161
120.640 1.9097
120.660 1.9097
120.680 1.9065
120.700 1.9161
120.720 1.8968
120.740 1.9129
120.760 1.9000
120.780 1.9000
120.800 1.9032
120.820 1.9000
120.840 1.9065
120.860 1.9000
120.880 1.9065
120.900 1.9129
120.920 1.9065
120.940 1.9032
120.960 1.9065
120.980 1.9129
121.000 1.9032
121.020 1.9065
121.040 1.9065
121.060 1.9032
121.080 1.9032
121.100 1.9065
121.120 1.8935
121.140 1.9032
121.160 1.9000
121.180 1.9065
121.200 1.9065
121.220 1.9000
121.240 1.8968
121.260 1.8968
121.280 1.9065
121.300 1.8968
121.320 1.8903
121.340 1.8903
121.360 1.8935
121.380 1.9000
121.400 1.9290
121.420 1.8935
121.440 1.8935
121.460 1.8968
121.480 1.8839
121.500 1.8903
121.520 1.8871
121.540 1.8935
121.560 1.8871
121.580 1.8903
121.600 1.8839
121.620 1.8903
121.640 1.8839
121.660 1.8968
121.680 1.8806
121.700 1.8806
121.720 1.8903
121.740 1.8839
121.760 1.8935
121.780 1.8806
121.800 1.8774
121.820 1.8613
121.840 1.8806
121.860 1.8774
121.880 1.8903
121.900 1.8710
121.920 1.8806
121.940 1.8839
121.960 1.8774
121.980 1.8806
122.000 1.8806
122.020 1.8742
122.040 1.8419
122.060 1.8839
122.080 1.8774
122.100 1.8871
122.120 1.8806
122.140 1.8645
122.160 1.8806
122.180 1.8774
122.200 1.8774
122.220 1.8742
122.240 1.8839
122.260 1.8742
122.280 1.8871
122.300 1.8774
122.320 1.8645
122.340 1.8839
122.360 1.8710
122.380 1.8774
122.400 1.8806
122.420 1.8774
122.440 1.8774
122.460 1.8806
122.480 1.8742
122.500 1.8774
122.520 1.8774
122.540 1.8839
122.560 1.8806
122.580 1.8710
122.600 1.8806
122.620 1.8903
122.640 1.8742
122.660 1.8774
122.680 1.8710
122.700 1.8839
122.720 1.8774
122.740 1.8742
122.760 1.8839
122.780 1.8774
122.800 1.8806
122.820 1.8806
122.840 1.8742
122.860 1.8871
122.880 1.8806
122.900 1.8871
122.920 1.8774
122.940 1.8806
122.960 1.8742
122.980 1.8677
123.000 1.8839
123.020 1.8774
123.040 1.8871
123.060 1.8903
123.080 1.8871
123.100 1.8935
123.120 1.8903
123.140 1.8903
123.160 1.8871
123.180 1.8774
123.200 1.9065
123.220 1.8871
123.240 1.8935
123.260 1.8935
123.280 1.8806
123.300 1.8806
123.320 1.8871
123.340 1.8871
123.360 1.8871
123.380 1.8935
123.400 1.8935
123.420 1.8903
123.440 1.8935
123.460 1.9032
123.480 1.8935
123.500 1.8935
123.520 1.8935
123.540 1.9032
123.560 1.8968
123.580 1.8903
123.600 1.9000
123.620 1.8968
123.640 1.9000
123.660 1.8903
123.680 1.8968
123.700 1.9097
123.720 1.9065
123.740 1.9032
123.760 1.9032
123.780 1.8968
123.800 1.9065
123.820 1.8968
123.840 1.9065
123.860 1.9000
123.880 1.9097
123.900 1.9032
123.920 1.8968
123.940 1.9000
123.960 1.9032
123.980 1.9000
124.000 1.9000
124.020 1.9000
124.040 1.9032
124.060 1.9032
124.080 1.9065
124.100 1.9032
124.120 1.9129
124.140 1.8968
124.160 1.9065
124.180 1.9097
124.200 1.9000
124.220 1.9032
124.240 1.9065
124.260 1.9000
124.280 1.9000
124.300 1.8839
124.320 1.8968
124.340 1.9065
124.360 1.9032
124.380 1.9000
124.400 1.9065
124.420 1.9161
124.440 1.9129
124.460 1.9000
124.480 1.9065
124.500 1.9097
124.520 1.9129
124.540 1.9065
124.560 1.9065
124.580 1.9032
124.600 1.9161
124.620 1.8968
124.640 1.9129
124.660 1.9065
124.680 1.9097
124.700 1.8774
124.720 1.9032
124.740 1.9097
124.760 1.9097
124.780 1.9065
124.800 1.9032
124.820 1.8968
124.840 1.9097
124.860 1.9097
124.880 1.9065
124.900 1.9161
124.920 1.9065
124.940 1.9065
124.960 1.9097
124.980 1.9161
125.000 1.9065
125.020 1.9194
125.040 1.8903
125.060 1.9065
125.080 1.9032
125.100 1.9032
125.120 1.9065
125.140 1.9032
125.160 1.9000
125.180 1.8935
125.200 1.8968
125.220 1.9032
125.240 1.9065
125.260 1.8968
125.280 1.9032
125.300 1.9065
125.320 1.9129
125.340 1.9097
125.360 1.9097
125.380 1.9000
125.400 1.8839
125.420 1.9065
125.440 1.9000
125.460 1.8839
125.480 1.9000
125.500 1.9000
125.520 1.9065
125.540 1.8968
125.560 1.9032
125.580 1.8839
125.600 1.8935
125.620 1.8968
125.640 1.8871
125.660 1.8968
125.680 1.8935
125.700 1.8903
125.720 1.8839
125.740 1.8903
125.760 1.8839
125.780 1.8903
125.800 1.8903
125.820 1.8935
125.840 1.8871
125.860 1.8871
125.880 1.8903
125.900 1.8935
125.920 1.8935
125.940 1.8806
125.960 1.8839
125.980 1.8839
126.000 1.8935
126.020 1.8871
126.040 1.8710
126.060 1.8871
126.080 1.8774
126.100 1.8871
126.120 1.8968
126.140 1.8871
126.160 1.8839
126.180 1.9065
126.200 1.8903
126.220 1.8903
126.240 1.9032
126.260 1.8806
126.280 1.8806
126.300 1.8839
126.320 1.8839
126.340 1.8839
126.360 1.8806
126.380 1.8774
126.400 1.8871
126.420 1.8839
126.440 1.8806
126.460 1.8806
126.480 1.8774
126.500 1.8806
126.520 1.8774
126.540 1.8774
126.560 1.8774
126.580 1.8871
126.600 1.8774
126.620 1.8871
126.640 1.8839
126.660 1.8903
126.680 1.8774
126.700 1.8839
126.720 1.8839
126.740 1.8742
126.760 1.8839
126.780 1.8774
126.800 1.8806
126.820 1.8742
126.840 1.8839
126.860 1.8806
126.880 1.8871
126.900 1.8871
126.920 1.8839
126.940 1.8871
126.960 1.8774
126.980 1.8839
127.000 1.8871
127.020 1.8839
127.040 1.8871
127.060 1.8903
127.080 1.8806
127.100 1.8903
127.120 1.8903
127.140 1.8839
127.160 1.8871
127.180 1.8935
127.200 1.8903
127.220 1.8871
127.240 1.8839
127.260 1.8935
127.280 1.8839
127.300 1.8968
127.320 1.8871
127.340 1.8968
127.360 1.8935
127.380 1.8968
127.400 1.8903
127.420 1.8903
127.440 1.9000
127.460 1.8968
127.480 1.9032
127.500 1.8968
127.520 1.8903
127.540 1.9032
127.560 1.8935
127.580 1.8968
127.600 1.9000
127.620 1.9032
127.640 1.9032
127.660 1.9000
127.680 1.8935
127.700 1.8968
127.720 1.9000
127.740 1.8935
127.760 1.8935
127.780 1.9065
127.800 1.9032
127.820 1.9000
127.840 1.9000
127.860 1.9065
127.880 1.9065
127.900 1.9000
127.920 1.9065
127.940 1.9032
127.960 1.9097
127.980 1.9032
128.000 1.9032
128.020 1.9065
128.040 1.9000
128.060 1.9000
128.080 1.9032
128.100 1.9032
128.120 1.9000
128.140 1.9065
128.160 1.9129
128.180 1.9065
128.200 1.8968
128.220 1.9000
128.240 1.9065
128.260 1.9032
128.280 1.9065
128.300 1.9065
128.320 1.9000
128.340 1.9065
128.360 1.9097
128.380 1.9129
128.400 1.9065
128.420 1.9097
128.440 1.9032
128.460 1.9097
128.480 1.9032
128.500 1.9065
128.520 1.9000
128.540 1.9065
128.560 1.9032
128.580 1.9129
128.600 1.9065
128.620 1.9129
128.640 1.9065
128.660 1.9065
128.680 1.9065
128.700 1.9032
128.720 1.9032
128.740 1.9097
128.760 1.9065
128.780 1.9258
128.800 1.9000
128.820 1.9000
128.840 1.9065
128.860 1.9290
128.880 1.9129
128.900 1.9000
128.920 1.9000
128.940 1.9161
128.960 1.9065
128.980 1.9097
129.000 1.9129
129.020 1.9065
129.040 1.9097
129.060 1.9032
129.080 1.9000
129.100 1.9065
129.120 1.9129
129.140 1.9065
129.160 1.9065
129.180 1.9032
129.200 1.9000
129.220 1.9097
129.240 1.9129
129.260 1.9065
129.280 1.9065
129.300 1.9129
129.320 1.9065
129.340 1.9000
129.360 1.9129
129.380 1.9097
129.400 1.9097
129.420 1.9000
129.440 1.9097
129.460 1.8968
129.480 1.9065
129.500 1.8871
129.520 1.9129
129.540 1.9161
129.560 1.9065
129.580 1.9032
129.600 1.9097
129.620 1.9129
129.640 1.9032
129.660 1.9161
129.680 1.9065
129.700 1.9129
129.720 1.9097
129.740 1.9032
129.760 1.9000
129.780 1.9065
129.800 1.9097
129.820 1.9097
129.840 1.9129
129.860 1.9129
129.880 1.9161
129.900 1.9065
129.920 1.9065
129.940 1.9032
129.960 1.9065
129.980 1.9032
130.000 1.9032
130.020 1.9032
130.040 1.9032
130.060 1.9065
130.080 1.8968
130.100 1.9032
130.120 1.9129
130.140 1.8968
130.160 1.8935
130.180 1.8871
130.200 1.9000
130.220 1.8968
130.240 1.9032
130.260 1.8935
130.280 1.9032
130.300 1.8968
130.320 1.8968
130.340 1.8871
130.360 1.9000
130.380 1.8839
130.400 1.8677
130.420 1.8871
130.440 1.8871
130.460 1.8935
130.480 1.8903
130.500 1.8774
130.520 1.8903
130.540 1.8903
130.560 1.8903
130.580 1.8871
130.600 1.8903
130.620 1.8742
130.640 1.8839
130.660 1.8806
130.680 1.8968
130.700 1.8742
130.720 1.8806
130.740 1.8871
130.760 1.8839
130.780 1.8839
130.800 1.8806
130.820 1.8774
130.840 1.8839
130.860 1.8806
130.880 1.8774
130.900 1.8742
130.920 1.8806
130.940 1.8774
130.960 1.8710
130.980 1.8710
131.000 1.8742
131.020 1.8806
131.040 1.8871
131.060 1.8710
131.080 1.8774
131.100 1.8774
131.120 1.8871
131.140 1.8806
131.160 1.8806
131.180 1.8774
131.200 1.8742
131.220 1.8806
131.240 1.8774
131.260 1.8613
131.280 1.8806
131.300 1.8968
131.320 1.8774
131.340 1.8710
131.360 1.8774
131.380 1.8742
131.400 1.8742
131.420 1.8742
131.440 1.8774
131.460 1.8774
131.480 1.8871
131.500 1.8806
131.520 1.8742
131.540 1.8839
131.560 1.8742
131.580 1.8871
131.600 1.8839
131.620 1.8806
131.640 1.8806
131.660 1.8806
131.680 1.8903
131.700 1.8935
131.720 1.8742
131.740 1.8839
131.760 1.8903
131.780 1.9000
131.800 1.8903
131.820 1.8871
131.840 1.9226
131.860 1.8774
131.880 1.8968
131.900 1.9000
131.920 1.9000
131.940 1.8935
131.960 1.9000
131.980 1.8839
132.000 1.8935
132.020 1.8871
132.040 1.8903
132.060 1.8903
132.080 1.8871
132.100 1.9065
132.120 1.9000
132.140 1.8968
132.160 1.9000
132.180 1.8903
132.200 1.8935
132.220 1.8935
132.240 1.9032
132.260 1.8968
132.280 1.9000
132.300 1.9032
132.320 1.8968
132.340 1.9032
132.360 1.9032
132.380 1.9129
132.400 1.9000
132.420 1.9065
132.440 1.9000
132.460 1.9032
132.480 1.9000
132.500 1.9000
132.520 1.9065
132.540 1.9129
132.560 1.9097
132.580 1.9032
132.600 1.9161
132.620 1.9065
132.640 1.9129
132.660 1.8968
132.680 1.9097
132.700 1.9065
132.720 1.9065
132.740 1.9129
132.760 1.9000
132.780 1.9226
132.800 1.9097
132.820 1.9032
132.840 1.9097
132.860 1.9065
132.880 1.9161
132.900 1.8968
132.920 1.9032
132.940 1.9097
132.960 1.9065
132.980 1.9097
133.000 1.9000
133.020 1.9097
133.040 1.9129
133.060 1.9097
133.080 1.9097
133.100 1.9065
133.120 1.9032
133.140 1.9097
133.160 1.9000
133.180 1.9065
133.200 1.9129
133.220 1.9097
133.240 1.9000
133.260 1.9000
133.280 1.9097
133.300 1.9129
133.320 1.9097
133.340 1.9226
133.360 1.9129
133.380 1.9129
133.400 1.9065
133.420 1.9065
133.440 1.9161
133.460 1.9065
133.480 1.9194
133.500 1.9097
133.520 1.9194
133.540 1.9065
133.560 1.9065
133.580 1.8968
133.600 1.9065
133.620 1.9129
133.640 1.9161
133.660 1.9097
133.680 1.9129
133.700 1.9129
133.720 1.9000
133.740 1.9129
133.760 1.9129
133.780 1.9129
133.800 1.9161
133.820 1.9065
133.840 1.9000
133.860 1.9032
133.880 1.9097
133.900 1.9065
133.920 1.9065
133.940 1.9065
133.960 1.9097
133.980 1.9000
134.000 1.9032
134.020 1.9194
134.040 1.9097
134.060 1.9032
134.080 1.9032
134.100 1.9000
134.120 1.9032
134.140 1.9000
134.160 1.9000
134.180 1.9097
134.200 1.9032
134.220 1.9000
134.240 1.8968
134.260 1.8968
134.280 1.9032
134.300 1.9129
134.320 1.8871
134.340 1.8935
134.360 1.8935
134.380 1.9065
134.400 1.9000
134.420 1.9032
134.440 1.8968
134.460 1.9000
134.480 1.9000
134.500 1.9000
134.520 1.8774
134.540 1.8903
134.560 1.9194
134.580 1.8903
134.600 1.8839
134.620 1.8935
134.640 1.8871
134.660 1.8935
134.680 1.8903
134.700 1.8774
134.720 1.9161
134.740 1.8935
134.760 1.8871
134.780 1.8806
134.800 1.8935
134.820 1.8935
134.840 1.8935
134.860 1.8903
134.880 1.8839
134.900 1.8806
134.920 1.8839
134.940 1.8839
134.960 1.8839
134.980 1.8806
135.000 1.8742
135.020 1.9129
135.040 1.8839
135.060 1.8710
135.080 1.8806
135.100 1.8774
135.120 1.8903
135.140 1.8774
135.160 1.8742
135.180 1.8968
135.200 1.8774
135.220 1.8839
135.240 1.8806
135.260 1.8806
135.280 1.8839
135.300 1.8806
135.320 1.8710
135.340 1.8935
135.360 1.8806
135.380 1.8742
135.400 1.8774
135.420 1.8742
135.440 1.8806
135.460 1.8806
135.480 1.8742
135.500 1.8839
135.520 1.8839
135.540 1.8710
135.560 1.8806
135.580 1.8839
135.600 1.8774
135.620 1.8871
135.640 1.8774
135.660 1.8806
135.680 1.8774
135.700 1.8806
135.720 1.8935
135.740 1.8839
135.760 1.8871
135.780 1.8839
135.800 1.8903
135.820 1.8871
135.840 1.8871
135.860 1.8871
135.880 1.9097
135.900 1.8935
135.920 1.8968
135.940 1.8806
135.960 1.8968
135.980 1.8839
136.000 1.8903
136.020 1.8903
136.040 1.8839
136.060 1.8903
136.080 1.8935
136.100 1.8935
136.120 1.8903
136.140 1.8935
136.160 1.8968
136.180 1.8935
136.200 1.9032
136.220 1.8935
136.240 1.8903
136.260 1.8871
136.280 1.9000
136.300 1.8968
136.320 1.8968
136.340 1.8935
136.360 1.8935
136.380 1.9032
136.400 1.8839
136.420 1.9000
136.440 1.8903
136.460 1.9000
136.480 1.8968
136.500 1.9032
136.520 1.9032
136.540 1.9065
136.560 1.9065
136.580 1.9000
136.600 1.9032
136.620 1.9065
136.640 1.9032
136.660 1.9065
136.680 1.8935
136.700 1.9065
136.720 1.9000
136.740 1.9129
136.760 1.9097
136.780 1.9000
136.800 1.8903
136.820 1.9000
136.840 1.9065
136.860 1.9161
136.880 1.9097
136.900 1.9097
136.920 1.9000
136.940 1.9065
136.960 1.8935
136.980 1.9000
137.000 1.8935
137.020 1.9065
137.040 1.9097
137.060 1.9032
137.080 1.8935
137.100 1.9065
137.120 1.9065
137.140 1.9065
137.160 1.9065
137.180 1.9097
137.200 1.9129
137.220 1.9129
137.240 1.9000
137.260 1.9032
137.280 1.9032
137.300 1.8710
137.320 1.8968
137.340 1.9097
137.360 1.9097
137.380 1.8935
137.400 1.9032
137.420 1.9194
137.440 1.9097
137.460 1.9065
137.480 1.9129
137.500 1.9097
137.520 1.9032
137.540 1.9065
137.560 1.9097
137.580 1.9065
137.600 1.9065
137.620 1.9065
137.640 1.9097
137.660 1.9032
137.680 1.9129
137.700 1.9000
137.720 1.9097
137.740 1.8968
137.760 1.9161
137.780 1.9000
137.800 1.9129
137.820 1.9065
137.840 1.9097
137.860 1.9387
137.880 1.9097
137.900 1.9032
137.920 1.9161
137.940 1.9065
137.960 1.9194
137.980 1.9161
138.000 1.9097
138.020 1.9000
138.040 1.9000
138.060 1.8935
138.080 1.9129
138.100 1.9065
138.120 1.9097
138.140 1.9129
138.160 1.9129
138.180 1.9032
138.200 1.9161
138.220 1.9129
138.240 1.9065
138.260 1.9032
138.280 1.9032
138.300 1.9065
138.320 1.9065
138.340 1.9129
138.360 1.9065
138.380 1.9194
138.400 1.9065
138.420 1.9065
138.440 1.9097
138.460 1.9097
138.480 1.9000
138.500 1.9065
138.520 1.9194
138.540 1.9065
138.560 1.9000
138.580 1.9129
138.600 1.9000
138.620 1.9065
138.640 1.8935
138.660 1.9129
138.680 1.9129
138.700 1.9032
138.720 1.9032
138.740 1.9000
138.760 1.8968
138.780 1.8935
138.800 1.9032
138.820 1.8935
138.840 1.8935
138.860 1.9065
138.880 1.9032
138.900 1.8935
138.920 1.9000
138.940 1.9032
138.960 1.8968
138.980 1.8935
139.000 1.8935
139.020 1.8903
139.040 1.8968
139.060 1.8935
139.080 1.8871
139.100 1.8968
139.120 1.8968
139.140 1.8935
139.160 1.8903
139.180 1.8935
139.200 1.8742
139.220 1.8935
139.240 1.8903
139.260 1.8871
139.280 1.8903
139.300 1.9000
139.320 1.9129
139.340 1.8935
139.360 1.8871
139.380 1.8839
139.400 1.8871
139.420 1.8839
139.440 1.8871
139.460 1.8806
139.480 1.8903
139.500 1.8871
139.520 1.8839
139.540 1.8806
139.560 1.8774
139.580 1.8806
139.600 1.8871
139.620 1.8839
139.640 1.8742
139.660 1.8871
139.680 1.8839
139.700 1.8806
139.720 1.8871
139.740 1.8806
139.760 1.8935
139.780 1.8839
139.800 1.8806
139.820 1.8774
139.840 1.8742
139.860 1.8677
139.880 1.8839
139.900 1.8871
139.920 1.8839
139.940 1.8774
139.960 1.8806
139.980 1.8903
140.000 1.8871
140.020 1.8774
140.040 1.8710
140.060 1.8839
140.080 1.8774
140.100 1.8871
140.120 1.8839
140.140 1.8871
140.160 1.8806
140.180 1.8839
140.200 1.8806
140.220 1.8839
140.240 1.8806
140.260 1.8806
140.280 1.8839
140.300 1.8903
140.320 1.8871
140.340 1.8871
140.360 1.8677
140.380 1.8839
140.400 1.8903
140.420 1.8806
140.440 1.8871
140.460 1.8839
140.480 1.8806
140.500 1.8774
140.520 1.8903
140.540 1.8871
140.560 1.8935
140.580 1.8903
140.600 1.8806
140.620 1.8839
140.640 1.8871
140.660 1.9000
140.680 1.8935
140.700 1.8968
140.720 1.8968
140.740 1.8839
140.760 1.8935
140.780 1.8935
140.800 1.8968
140.820 1.8871
140.840 1.8968
140.860 1.8935
140.880 1.8710
140.900 1.8871
140.920 1.8968
140.940 1.8968
140.960 1.9065
140.980 1.8774
141.000 1.9000
141.020 1.9000
141.040 1.9000
141.060 1.8935
141.080 1.9032
141.100 1.9032
141.120 1.8968
141.140 1.8968
141.160 1.9065
141.180 1.8968
141.200 1.8871
141.220 1.8968
141.240 1.8935
141.260 1.9032
141.280 1.9000
141.300 1.8968
141.320 1.9032
141.340 1.9000
141.360 1.9097
141.380 1.8935
141.400 1.9129
141.420 1.9032
141.440 1.9000
141.460 1.9065
141.480 1.9032
141.500 1.9000
141.520 1.8903
141.540 1.9097
141.560 1.9032
141.580 1.9065
141.600 1.9065
141.620 1.9065
141.640 1.8968
141.660 1.9097
141.680 1.9000
141.700 1.9065
141.720 1.9065
141.740 1.9065
141.760 1.8968
141.780 1.9032
141.800 1.9032
141.820 1.9000
141.840 1.9032
141.860 1.9129
141.880 1.8935
141.900 1.9097
141.920 1.9000
141.940 1.9129
141.960 1.9000
141.980 1.8968
142.000 1.9065
142.020 1.9097
142.040 1.9065
142.060 1.8968
142.080 1.9097
142.100 1.9097
142.120 1.9065
142.140 1.9097
142.160 1.9065
142.180 1.9065
142.200 1.9323
142.220 1.9032
142.240 1.9065
142.260 1.9032
142.280 1.9000
142.300 1.9161
142.320 1.9032
142.340 1.9032
142.360 1.9065
142.380 1.9194
142.400 1.9065
142.420 1.9097
142.440 1.9065
142.460 1.9097
142.480 1.8968
142.500 1.9065
142.520 1.9065
142.540 1.9032
142.560 1.9065
142.580 1.9065
142.600 1.9032
142.620 1.9065
142.640 1.9097
142.660 1.9097
142.680 1.9065
142.700 1.9129
142.720 1.9065
142.740 1.9065
142.760 1.9065
142.780 1.9097
142.800 1.9097
142.820 1.9097
142.840 1.9452
142.860 1.8935
142.880 1.9065
142.900 1.9226
142.920 1.9161
142.940 1.9097
142.960 1.9097
142.980 1.9065
143.000 1.9097
143.020 1.9032
143.040 1.9000
143.060 1.9065
143.080 1.9000
143.100 1.9065
143.120 1.9000
143.140 1.9000
143.160 1.8968
143.180 1.8968
143.200 1.9097
143.220 1.9032
143.240 1.9065
143.260 1.9065
143.280 1.9032
143.300 1.8935
143.320 1.9000
143.340 1.8903
143.360 1.8968
143.380 1.9032
143.400 1.9032
143.420 1.8903
143.440 1.8806
143.460 1.8968
143.480 1.9065
143.500 1.8935
143.520 1.9000
143.540 1.8935
143.560 1.8935
143.580 1.8903
143.600 1.8935
143.620 1.8839
143.640 1.9194
143.660 1.8903
143.680 1.8677
143.700 1.8871
143.720 1.8903
143.740 1.8903
143.760 1.8871
143.780 1.8903
143.800 1.8806
143.820 1.8871
143.840 1.8903
143.860 1.9000
143.880 1.8806
143.900 1.8839
143.920 1.8871
143.940 1.8839
143.960 1.8742
143.980 1.8839
144.000 1.8935
144.020 1.8935
144.040 1.8903
144.060 1.8903
144.080 1.8839
144.100 1.8806
144.120 1.8806
144.140 1.8806
144.160 1.8677
144.180 1.8774
144.200 1.8871
144.220 1.8806
144.240 1.8742
144.260 1.8742
144.280 1.8742
144.300 1.8871
144.320 1.8871
144.340 1.8774
144.360 1.8871
144.380 1.8871
144.400 1.8839
144.420 1.8839
144.440 1.8806
144.460 1.8774
144.480 1.8806
144.500 1.8806
144.520 1.8806
144.540 1.8774
144.560 1.8839
144.580 1.8903
144.600 1.8806
144.620 1.8839
144.640 1.8806
144.660 1.8806
144.680 1.8806
144.700 1.8871
144.720 1.8839
144.740 1.8903
144.760 1.8903
144.780 1.8871
144.800 1.8903
144.820 1.8968
144.840 1.8839
144.860 1.8903
144.880 1.8839
144.900 1.8871
144.920 1.9032
144.940 1.8935
144.960 1.9000
144.980 1.8903
145.000 1.8935
145.020 1.8935
145.040 1.8903
145.060 1.8903
145.080 1.8806
145.100 1.8968
145.120 1.9000
145.140 1.9000
145.160 1.9000
145.180 1.8839
145.200 1.8871
145.220 1.8968
145.240 1.8968
145.260 1.8968
145.280 1.8968
145.300 1.8968
145.320 1.8968
145.340 1.8935
145.360 1.9032
145.380 1.8968
145.400 1.9194
145.420 1.9000
145.440 1.9065
145.460 1.8839
145.480 1.8968
145.500 1.9097
145.520 1.9065
145.540 1.8968
145.560 1.8903
145.580 1.9097
145.600 1.9065
145.620 1.9097
145.640 1.9000
145.660 1.9065
145.680 1.9032
145.700 1.9032
145.720 1.9065
145.740 1.9000
145.760 1.8935
145.780 1.9194
145.800 1.9161
145.820 1.9065
145.840 1.9129
145.860 1.9065
145.880 1.8935
145.900 1.9032
145.920 1.8968
145.940 1.9000
145.960 1.9097
145.980 1.9000
146.000 1.9000
146.020 1.9032
146.040 1.9161
146.060 1.9000
146.080 1.9129
146.100 1.9097
146.120 1.9032
146.140 1.9065
146.160 1.9065
146.180 1.9097
146.200 1.9419
146.220 1.9129
146.240 1.9129
146.260 1.9097
146.280 1.9000
146.300 1.9065
146.320 1.9032
146.340 1.9258
146.360 1.9129
146.380 1.9097
146.400 1.9032
146.420 1.9097
146.440 1.9097
146.460 1.9000
146.480 1.9000
146.500 1.9065
146.520 1.9129
146.540 1.9129
146.560 1.9032
146.580 1.9194
146.600 1.9129
146.620 1.9065
146.640 1.9065
146.660 1.9097
146.680 1.9065
146.700 1.9097
146.720 1.9065
146.740 1.8968
146.760 1.9065
146.780 1.9000
146.800 1.9065
146.820 1.9129
146.840 1.8935
146.860 1.9000
146.880 1.9032
146.900 1.9129
146.920 1.9065
146.940 1.9032
146.960 1.9129
146.980 1.9065
147.000 1.9097
147.020 1.9097
147.040 1.9000
147.060 1.9097
147.080 1.9129
147.100 1.9129
147.120 1.9000
147.140 1.9032
147.160 1.9129
147.180 1.9032
147.200 1.9161
147.220 1.9032
147.240 1.9129
147.260 1.9032
147.280 1.9129
147.300 1.9097
147.320 1.9032
147.340 1.9097
147.360 1.8935
147.380 1.9000
147.400 1.9065
147.420 1.9097
147.440 1.9000
147.460 1.9065
147.480 1.9032
147.500 1.9065
147.520 1.9065
147.540 1.8935
147.560 1.9032
147.580 1.9065
147.600 1.9258
147.620 1.8935
147.640 1.9000
147.660 1.8935
147.680 1.8935
147.700 1.9032
147.720 1.8903
147.740 1.9032
147.760 1.9032
147.780 1.9097
147.800 1.9032
147.820 1.9000
147.840 1.9000
147.860 1.8935
147.880 1.8903
147.900 1.8677
147.920 1.9097
147.940 1.9065
147.960 1.9065
147.980 1.8968
148.000 1.8839
148.020 1.9000
148.040 1.9032
148.060 1.9032
148.080 1.8968
148.100 1.8968
148.120 1.8903
148.140 1.8935
148.160 1.8839
148.180 1.8935
148.200 1.9065
148.220 1.8806
148.240 1.8806
148.260 1.8935
148.280 1.8903
148.300 1.8871
148.320 1.8935
148.340 1.8903
148.360 1.8935
148.380 1.8871
148.400 1.8903
148.420 1.8903
148.440 1.8806
148.460 1.8871
148.480 1.8935
148.500 1.8839
148.520 1.8839
148.540 1.8774
148.560 1.8871
148.580 1.8871
148.600 1.8871
148.620 1.8806
148.640 1.8903
148.660 1.8839
148.680 1.8871
148.700 1.8806
148.720 1.8806
148.740 1.8742
148.760 1.8839
148.780 1.8774
148.800 1.8903
148.820 1.8871
148.840 1.8387
148.860 1.8839
148.880 1.8806
148.900 1.8710
148.920 1.8806
148.940 1.8839
148.960 1.8806
148.980 1.8839
149.000 1.8806
149.020 1.8806
149.040 1.8516
149.060 1.8871
149.080 1.8839
149.100 1.8677
149.120 1.8806
149.140 1.8806
149.160 1.8839
149.180 1.8839
149.200 1.8710
149.220 1.8806
149.240 1.8774
149.260 1.8806
149.280 1.8774
149.300 1.8710
149.320 1.8710
149.340 1.8806
149.360 1.8742
149.380 1.8806
149.400 1.8839
149.420 1.8677
149.440 1.8742
149.460 1.8710
149.480 1.8710
149.500 1.8677
149.520 1.8839
149.540 1.8806
149.560 1.9355
149.580 1.8806
149.600 1.8710
149.620 1.8774
149.640 1.8774
149.660 1.8774
149.680 1.8806
149.700 1.8871
149.720 1.8774
149.740 1.8806
149.760 1.8806
149.780 1.8806
149.800 1.8806
149.820 1.8903
149.840 1.8742
149.860 1.9097
149.880 1.8774
149.900 1.8806
149.920 1.8903
149.940 1.8806
149.960 1.8903
149.980 1.8839
150.000 1.8839
150.020 1.8839
150.040 1.8839
150.060 1.8935
150.080 1.8806
150.100 1.8806
150.120 1.8871
150.140 1.8935
150.160 1.8903
150.180 1.8903
150.200 1.8903
150.220 1.8903
150.240 1.9000
150.260 1.8935
150.280 1.8903
150.300 1.8903
150.320 1.8903
150.340 1.8935
150.360 1.8935
150.380 1.8935
150.400 1.8935
150.420 1.8968
150.440 1.8935
150.460 1.8935
150.480 1.8968
150.500 1.8935
150.520 1.8968
150.540 1.8968
150.560 1.9032
150.580 1.8968
150.600 1.9032
150.620 1.8968
150.640 1.9065
150.660 1.9000
150.680 1.9000
150.700 1.9000
150.720 1.8935
150.740 1.9032
150.760 1.9032
150.780 1.9000
150.800 1.9000
150.820 1.9032
150.840 1.8968
150.860 1.8903
150.880 1.9000
150.900 1.9032
150.920 1.9032
150.940 1.8968
150.960 1.9000
150.980 1.9032
151.000 1.9129
151.020 1.9161
151.040 1.9097
151.060 1.9032
151.080 1.9032
151.100 1.9032
151.120 1.9032
151.140 1.9032
151.160 1.9032
151.180 1.9065
151.200 1.9065
151.220 1.9065
151.240 1.9000
151.260 1.9065
151.280 1.9032
151.300 1.9065
151.320 1.9097
151.340 1.9097
151.360 1.9097
151.380 1.9000
151.400 1.9129
151.420 1.9032
151.440 1.9000
151.460 1.9097
151.480 1.9065
151.500 1.9065
151.520 1.9032
151.540 1.9032
151.560 1.9097
151.580 1.9065
151.600 1.9032
151.620 1.9161
151.640 1.9097
151.660 1.9097
151.680 1.9129
151.700 1.9065
151.720 1.9032
151.740 1.9032
151.760 1.9032
151.780 1.9032
151.800 1.9032
151.820 1.9032
151.840 1.9097
151.860 1.9065
151.880 1.9032
151.900 1.9161
151.920 1.8968
151.940 1.9097
151.960 1.8903
151.980 1.9000
152.000 1.9065
152.020 1.9097
152.040 1.9032
152.060 1.9065
152.080 1.9129
152.100 1.9161
152.120 1.9065
152.140 1.9065
152.160 1.9032
152.180 1.9032
152.200 1.9032
152.220 1.9065
152.240 1.9161
152.260 1.9065
152.280 1.9065
152.300 1.9065
152.320 1.9129
152.340 1.8871
152.360 1.9032
152.380 1.9194
152.400 1.9097
152.420 1.9097
152.440 1.9000
152.460 1.8968
152.480 1.8935
152.500 1.9290
152.520 1.9032
152.540 1.8935
152.560 1.9032
152.580 1.9000
152.600 1.9065
152.620 1.9097
152.640 1.9065
152.660 1.9000
152.680 1.9032
152.700 1.8839
152.720 1.9032
152.740 1.9032
152.760 1.8968
152.780 1.8935
152.800 1.9032
152.820 1.8871
152.840 1.9000
152.860 1.8935
152.880 1.9065
152.900 1.9032
152.920 1.8903
152.940 1.8935
152.960 1.8903
152.980 1.8968
153.000 1.8806
153.020 1.8839
153.040 1.8839
153.060 1.9032
153.080 1.8871
153.100 1.8871
153.120 1.8903
153.140 1.8903
153.160 1.8935
153.180 1.8903
153.200 1.8871
153.220 1.8742
153.240 1.8871
153.260 1.8871
153.280 1.8871
153.300 1.8839
153.320 1.8871
153.340 1.8871
153.360 1.8871
153.380 1.8871
153.400 1.8903
153.420 1.8806
153.440 1.8774
153.460 1.8903
153.480 1.8806
153.500 1.8839
153.520 1.8742
153.540 1.8871
153.560 1.8774
153.580 1.8742
153.600 1.8774
153.620 1.8839
153.640 1.8806
153.660 1.8806
153.680 1.8806
153.700 1.8806
153.720 1.8806
153.740 1.8774
153.760 1.8742
153.780 1.8742
153.800 1.8742
153.820 1.8710
153.840 1.8742
153.860 1.8806
153.880 1.8774
153.900 1.8710
153.920 1.8806
153.940 1.8774
153.960 1.8677
153.980 1.8742
154.000 1.8806
154.020 1.8774
154.040 1.8710
154.060 1.8806
154.080 1.8710
154.100 1.8806
154.120 1.8806
154.140 1.8774
154.160 1.8806
154.180 1.8742
154.200 1.8806
154.220 1.8806
154.240 1.8774
154.260 1.8774
154.280 1.8806
154.300 1.8774
154.320 1.8903
154.340 1.8742
154.360 1.8677
154.380 1.8774
154.400 1.8806
154.420 1.8871
154.440 1.8710
154.460 1.8806
154.480 1.8677
154.500 1.8839
154.520 1.8806
154.540 1.8871
154.560 1.8806
154.580 1.8935
154.600 1.8903
154.620 1.8774
154.640 1.8871
154.660 1.8806
154.680 1.8871
154.700 1.8871
154.720 1.8839
154.740 1.8806
154.760 1.8839
154.780 1.8839
154.800 1.8871
154.820 1.8806
154.840 1.8935
154.860 1.8903
154.880 1.8839
154.900 1.8774
154.920 1.8935
154.940 1.8935
154.960 1.8903
154.980 1.8968
155.000 1.8871
155.020 1.8935
155.040 1.8968
155.060 1.8968
155.080 1.9065
155.100 1.8935
155.120 1.8871
155.140 1.8935
155.160 1.8903
155.180 1.8871
155.200 1.8968
155.220 1.9032
155.240 1.8871
155.260 1.8935
155.280 1.8968
155.300 1.9000
155.320 1.8903
155.340 1.8935
155.360 1.9032
155.380 1.8968
155.400 1.9065
155.420 1.9065
155.440 1.9000
155.460 1.9000
155.480 1.9032
155.500 1.9065
155.520 1.9065
155.540 1.9032
155.560 1.9032
155.580 1.9032
155.600 1.9097
155.620 1.9032
155.640 1.9097
155.660 1.9000
155.680 1.9097
155.700 1.9065
155.720 1.9065
155.740 1.9032
155.760 1.9097
155.780 1.9097
155.800 1.9065
155.820 1.9000
155.840 1.9000
155.860 1.9065
155.880 1.9032
155.900 1.9065
155.920 1.9258
155.940 1.9194
155.960 1.9065
155.980 1.9129
156.000 1.9065
156.020 1.9097
156.040 1.9194
156.060 1.9000
156.080 1.9032
156.100 1.9032
156.120 1.8903
156.140 1.9000
156.160 1.8935
156.180 1.9032
156.200 1.9161
156.220 1.9097
156.240 1.9000
156.260 1.9000
156.280 1.9065
156.300 1.8968
156.320 1.9065
156.340 1.9097
156.360 1.9065
156.380 1.9000
156.400 1.9032
156.420 1.9129
156.440 1.9097
156.460 1.9032
156.480 1.8935
156.500 1.9032
156.520 1.8968
156.540 1.9032
156.560 1.9000
156.580 1.9032
156.600 1.8935
156.620 1.9000
156.640 1.9065
156.660 1.8935
156.680 1.8968
156.700 1.9032
156.720 1.8968
156.740 1.9000
156.760 1.8935
156.780 1.9032
156.800 1.8903
156.820 1.8968
156.840 1.8935
156.860 1.8903
156.880 1.8935
156.900 1.8935
156.920 1.8774
156.940 1.9000
156.960 1.8871
156.980 1.8839
157.000 1.8871
157.020 1.8839
157.040 1.8903
157.060 1.8839
157.080 1.8774
157.100 1.8871
157.120 1.8935
157.140 1.8806
157.160 1.8839
157.180 1.8806
157.200 1.8774
157.220 1.8935
157.240 1.8774
157.260 1.8871
157.280 1.8968
157.300 1.8903
157.320 1.8871
157.340 1.8742
157.360 1.8871
157.380 1.8839
157.400 1.8806
157.420 1.8806
157.440 1.8806
157.460 1.8871
157.480 1.8903
157.500 1.8774
157.520 1.8774
157.540 1.8774
157.560 1.8839
157.580 1.8710
157.600 1.8710
157.620 1.8742
157.640 1.8806
157.660 1.8774
157.680 1.8742
157.700 1.8839
157.720 1.8871
157.740 1.8839
157.760 1.8871
157.780 1.8806
157.800 1.8742
157.820 1.8774
157.840 1.8677
157.860 1.8677
157.880 1.8806
157.900 1.8839
157.920 1.8871
157.940 1.8806
157.960 1.8710
157.980 1.8774
158.000 1.8806
158.020 1.8968
158.040 1.8774
158.060 1.8806
158.080 1.8806
158.100 1.8839
158.120 1.8806
158.140 1.8839
158.160 1.8774
158.180 1.8806
158.200 1.8871
158.220 1.8774
158.240 1.8806
158.260 1.8935
158.280 1.8806
158.300 1.8806
158.320 1.8871
158.340 1.8871
158.360 1.8968
158.380 1.8903
158.400 1.8871
158.420 1.8710
158.440 1.8839
158.460 1.8968
158.480 1.8806
158.500 1.8935
158.520 1.8935
158.540 1.8935
158.560 1.8903
158.580 1.9000
158.600 1.9065
158.620 1.8903
158.640 1.8871
158.660 1.8935
158.680 1.8968
158.700 1.8903
158.720 1.8903
158.740 1.8968
158.760 1.8871
158.780 1.8903
158.800 1.8839
158.820 1.8935
158.840 1.8903
158.860 1.8968
158.880 1.8903
158.900 1.9032
158.920 1.8968
158.940 1.8903
158.960 1.9065
158.980 1.8935
159.000 1.8968
159.020 1.8935
159.040 1.8968
159.060 1.9097
159.080 1.9065
159.100 1.8968
159.120 1.8871
159.140 1.9000
159.160 1.8871
159.180 1.9000
159.200 1.9065
159.220 1.9065
159.240 1.8935
159.260 1.9032
159.280 1.9032
159.300 1.8935
159.320 1.9065
159.340 1.9000
159.360 1.9000
159.380 1.9032
159.400 1.8968
159.420 1.8968
159.440 1.8935
159.460 1.9032
159.480 1.8935
159.500 1.9161
159.520 1.9097
159.540 1.9000
159.560 1.9065
159.580 1.8968
159.600 1.9065
159.620 1.9097
159.640 1.9000
159.660 1.8645
159.680 1.9032
159.700 1.9000
159.720 1.9000
159.740 1.9129
159.760 1.9065
159.780 1.9032
159.800 1.9452
159.820 1.9065
159.840 1.9065
159.860 1.9032
159.880 1.9065
159.900 1.8968
159.920 1.9097
159.940 1.8968
159.960 1.8968
159.980 1.9065
160.000 1.9032
160.020 1.9097
160.040 1.8903
160.060 1.8968
160.080 1.9065
160.100 1.9065
160.120 1.9065
160.140 1.9000
160.160 1.9065
160.180 1.9032
160.200 1.9129
160.220 1.9097
160.240 1.9032
160.260 1.8806
160.280 1.9129
160.300 1.9032
160.320 1.9032
160.340 1.9000
160.360 1.9032
160.380 1.9097
160.400 1.9129
160.420 1.9065
160.440 1.9129
160.460 1.9000
160.480 1.9065
160.500 1.9065
160.520 1.9065
160.540 1.9032
160.560 1.9000
160.580 1.9032
160.600 1.9032
160.620 1.8968
160.640 1.9129
160.660 1.9097
160.680 1.9065
160.700 1.8968
160.720 1.9032
160.740 1.9032
160.760 1.9097
160.780 1.8935
160.800 1.9129
160.820 1.9000
160.840 1.9065
160.860 1.9032
160.880 1.8968
160.900 1.9065
160.920 1.8806
160.940 1.9032
160.960 1.8968
160.980 1.8935
161.000 1.9000
161.020 1.8968
161.040 1.8871
161.060 1.8935
161.080 1.9032
161.100 1.9000
161.120 1.8968
161.140 1.8968
161.160 1.9065
161.180 1.8935
161.200 1.8903
161.220 1.8839
161.240 1.9129
161.260 1.8871
161.280 1.9032
161.300 1.8935
161.320 1.8968
161.340 1.8903
161.360 1.8903
161.380 1.8871
161.400 1.8968
161.420 1.8839
161.440 1.8968
161.460 1.8871
161.480 1.8903
161.500 1.8871
161.520 1.8839
161.540 1.8871
161.560 1.8871
161.580 1.8806
161.600 1.8871
161.620 1.8839
161.640 1.8839
161.660 1.8935
161.680 1.8871
161.700 1.8806
161.720 1.8774
161.740 1.8839
161.760 1.8839
161.780 1.8806
161.800 1.8645
161.820 1.9065
161.840 1.8806
161.860 1.8645
161.880 1.8774
161.900 1.8774
161.920 1.8968
161.940 1.8742
161.960 1.8806
161.980 1.8774
162.000 1.8806
162.020 1.8710
162.040 1.8710
162.060 1.8839
162.080 1.8774
162.100 1.8677
162.120 1.8806
162.140 1.8710
162.160 1.8774
162.180 1.8806
162.200 1.8774
162.220 1.8710
162.240 1.8839
162.260 1.8774
162.280 1.8677
162.300 1.8742
162.320 1.8806
162.340 1.8677
162.360 1.8774
162.380 1.8710
162.400 1.8677
162.420 1.8806
162.440 1.8645
162.460 1.8774
162.480 1.8806
162.500 1.8774
162.520 1.8903
162.540 1.9000
162.560 1.8806
162.580 1.8774
162.600 1.8871
162.620 1.8742
162.640 1.8710
162.660 1.8806
162.680 1.8774
162.700 1.8806
162.720 1.8742
162.740 1.8806
162.760 1.8774
162.780 1.8935
162.800 1.8903
162.820 1.8806
162.840 1.8871
162.860 1.8839
162.880 1.8839
162.900 1.8871
162.920 1.8903
162.940 1.8774
162.960 1.8839
162.980 1.8742
163.000 1.8806
163.020 1.8935
163.040 1.8839
163.060 1.8839
163.080 1.8742
163.100 1.8839
163.120 1.8871
163.140 1.8935
163.160 1.8871
163.180 1.8871
163.200 1.8710
163.220 1.8774
163.240 1.8968
163.260 1.8968
163.280 1.8903
163.300 1.8935
163.320 1.8903
163.340 1.8968
163.360 1.8935
163.380 1.8935
163.400 1.8871
163.420 1.8935
163.440 1.8968
163.460 1.8968
163.480 1.8968
163.500 1.9000
163.520 1.8968
163.540 1.8935
163.560 1.8839
163.580 1.9032
163.600 1.8935
163.620 1.8968
163.640 1.8806
163.660 1.9032
163.680 1.8968
163.700 1.8968
163.720 1.9032
163.740 1.8968
163.760 1.9000
163.780 1.9032
163.800 1.8871
163.820 1.9032
163.840 1.8677
163.860 1.8935
163.880 1.9032
163.900 1.8968
163.920 1.8935
163.940 1.8935
163.960 1.9032
163.980 1.9032
164.000 1.9032
164.020 1.9032
164.040 1.9000
164.060 1.8935
164.080 1.8935
164.100 1.9032
164.120 1.8968
164.140 1.9000
164.160 1.9065
164.180 1.9000
164.200 1.9065
164.220 1.8968
164.240 1.9065
164.260 1.9129
164.280 1.9000
164.300 1.9032
164.320 1.9097
164.340 1.9000
164.360 1.9000
164.380 1.9097
164.400 1.9194
164.420 1.9000
164.440 1.9000
164.460 1.9097
164.480 1.9032
164.500 1.9161
164.520 1.9032
164.540 1.9000
164.560 1.9000
164.580 1.8968
164.600 1.9065
164.620 1.9065
164.640 1.9097
164.660 1.9032
164.680 1.9065
164.700 1.9097
164.720 1.9032
164.740 1.9000
164.760 1.9000
164.780 1.9161
164.800 1.9032
164.820 1.9097
164.840 1.9032
164.860 1.9290
164.880 1.9129
164.900 1.9129
164.920 1.9129
164.940 1.9000
164.960 1.9065
164.980 1.9097
165.000 1.9065
165.020 1.9065
165.040 1.8968
165.060 1.9032
165.080 1.9000
165.100 1.9129
165.120 1.8968
165.140 1.9097
165.160 1.9065
165.180 1.9065
165.200 1.9065
165.220 1.9065
165.240 1.8935
165.260 1.9161
165.280 1.9065
165.300 1.9065
165.320 1.9032
165.340 1.8871
165.360 1.9323
165.380 1.9065
165.400 1.9032
165.420 1.9032
165.440 1.8903
165.460 1.9032
165.480 1.8935
165.500 1.8968
165.520 1.9032
165.540 1.9032
165.560 1.8968
165.580 1.8903
165.600 1.9000
165.620 1.9000
165.640 1.9000
165.660 1.9000
165.680 1.8935
165.700 1.8935
165.720 1.8903
165.740 1.8871
165.760 1.8968
165.780 1.8839
165.800 1.8935
165.820 1.8903
165.840 1.8968
165.860 1.8935
165.880 1.8903
165.900 1.8968
165.920 1.8935
165.940 1.9000
165.960 1.8903
165.980 1.8968
166.000 1.8903
166.020 1.8903
166.040 1.8968
166.060 1.8806
166.080 1.8871
166.100 1.8935
166.120 1.9000
166.140 1.8871
166.160 1.8903
166.180 1.8871
166.200 1.8871
166.220 1.8774
166.240 1.8710
166.260 1.8839
166.280 1.8774
166.300 1.8645
166.320 1.8806
166.340 1.8677
166.360 1.8871
166.380 1.8774
166.400 1.8806
166.420 1.8774
166.440 1.8774
166.460 1.8774
166.480 1.8839
166.500 1.8774
166.520 1.8806
166.540 1.8839
166.560 1.8806
166.580 1.8806
166.600 1.8677
166.620 1.8742
166.640 1.8710
166.660 1.8581
166.680 1.8774
166.700 1.8903
166.720 1.8710
166.740 1.8387
166.760 1.8839
166.780 1.8742
166.800 1.8677
166.820 1.8613
166.840 1.8710
166.860 1.8710
166.880 1.8806
166.900 1.8774
166.920 1.8742
166.940 1.8677
166.960 1.8742
166.980 1.8839
167.000 1.8806
167.020 1.8710
167.040 1.8710
167.060 1.8710
167.080 1.8774
167.100 1.8742
167.120 1.8710
167.140 1.8774
167.160 1.8903
167.180 1.8806
167.200 1.8742
167.220 1.8710
167.240 1.8871
167.260 1.8774
167.280 1.8645
167.300 1.8774
167.320 1.8677
167.340 1.8774
167.360 1.8806
167.380 1.8774
167.400 1.8806
167.420 1.8839
167.440 1.8774
167.460 1.8742
167.480 1.8839
167.500 1.8774
167.520 1.8839
167.540 1.8774
167.560 1.8806
167.580 1.8871
167.600 1.8839
167.620 1.8742
167.640 1.8903
167.660 1.8774
167.680 1.8839
167.700 1.8806
167.720 1.8968
167.740 1.8871
167.760 1.8806
167.780 1.8935
167.800 1.9032
167.820 1.8935
167.840 1.8903
167.860 1.8839
167.880 1.8903
167.900 1.8935
167.920 1.8903
167.940 1.8903
167.960 1.8871
167.980 1.9000
168.000 1.8903
168.020 1.8903
168.040 1.8935
168.060 1.8935
168.080 1.8903
168.100 1.8903
168.120 1.8935
168.140 1.8935
168.160 1.9000
168.180 1.8903
168.200 1.9000
168.220 1.8968
168.240 1.9065
168.260 1.8903
168.280 1.8968
168.300 1.8935
168.320 1.8871
168.340 1.8935
168.360 1.8968
168.380 1.9000
168.400 1.9065
168.420 1.8871
168.440 1.8968
168.460 1.8871
168.480 1.8968
168.500 1.8935
168.520 1.8968
168.540 1.9065
168.560 1.9000
168.580 1.9032
168.600 1.9032
168.620 1.8935
168.640 1.9000
168.660 1.8903
168.680 1.9129
168.700 1.9065
168.720 1.8968
168.740 1.9097
168.760 1.9065
168.780 1.9065
168.800 1.8968
168.820 1.9032
168.840 1.9032
168.860 1.8935
168.880 1.9032
168.900 1.9032
168.920 1.9097
168.940 1.9065
168.960 1.9065
168.980 1.9097
169.000 1.9065
169.020 1.9000
169.040 1.9000
169.060 1.9097
169.080 1.9065
169.100 1.9065
169.120 1.9032
169.140 1.9097
169.160 1.9065
169.180 1.8935
169.200 1.9000
169.220 1.9065
169.240 1.8968
169.260 1.9032
169.280 1.9000
169.300 1.9000
169.320 1.9000
169.340 1.9129
169.360 1.9000
169.380 1.9065
169.400 1.9032
169.420 1.9032
169.440 1.9161
169.460 1.9161
169.480 1.9032
169.500 1.8968
169.520 1.9032
169.540 1.9355
169.560 1.9032
169.580 1.9032
169.600 1.9000
169.620 1.9065
169.640 1.9000
169.660 1.9097
169.680 1.9000
169.700 1.8968
169.720 1.9032
169.740 1.9065
169.760 1.9032
169.780 1.9226
169.800 1.9097
169.820 1.8968
169.840 1.9194
169.860 1.9097
169.880 1.9032
169.900 1.9065
169.920 1.9000
169.940 1.9129
169.960 1.9000
169.980 1.9032
170.000 1.9000
170.020 1.9065
170.040 1.9000
170.060 1.9032
170.080 1.9000
170.100 1.9000
170.120 1.9032
170.140 1.8903
170.160 1.9129
170.180 1.9065
170.200 1.8968
170.220 1.9000
170.240 1.9032
170.260 1.9032
170.280 1.8935
170.300 1.9000
170.320 1.9000
170.340 1.9000
170.360 1.9032
170.380 1.8935
170.400 1.9032
170.420 1.9000
170.440 1.8968
170.460 1.8903
170.480 1.8935
170.500 1.8935
170.520 1.8935
170.540 1.8839
170.560 1.8935
170.580 1.9000
170.600 1.8935
170.620 1.8903
170.640 1.8839
170.660 1.8839
170.680 1.8871
170.700 1.8806
170.720 1.9032
170.740 1.8903
170.760 1.8774
170.780 1.8968
170.800 1.8871
170.820 1.8871
170.840 1.8839
170.860 1.8806
170.880 1.8871
170.900 1.8806
170.920 1.8871
170.940 1.8677
170.960 1.8806
170.980 1.8742
171.000 1.8774
171.020 1.8806
171.040 1.8806
171.060 1.8871
171.080 1.8774
171.100 1.8871
171.120 1.8710
171.140 1.8710
171.160 1.8806
171.180 1.8871
171.200 1.8871
171.220 1.8774
171.240 1.8839
171.260 1.8839
171.280 1.8839
171.300 1.8774
171.320 1.8710
171.340 1.8774
171.360 1.8806
171.380 1.8742
171.400 1.8742
171.420 1.8774
171.440 1.8774
171.460 1.8806
171.480 1.8742
171.500 1.8839
171.520 1.8742
171.540 1.8645
171.560 1.8710
171.580 1.8774
171.600 1.8710
171.620 1.8871
171.640 1.8710
171.660 1.8774
171.680 1.8516
171.700 1.8710
171.720 1.8774
171.740 1.8645
171.760 1.8742
171.780 1.8581
171.800 1.8677
171.820 1.8677
171.840 1.8677
171.860 1.8839
171.880 1.8710
171.900 1.8677
171.920 1.8677
171.940 1.8742
171.960 1.8839
171.980 1.8742
172.000 1.8645
172.020 1.8742
172.040 1.8581
172.060 1.8645
172.080 1.8677
172.100 1.8710
172.120 1.8806
172.140 1.8871
172.160 1.8806
172.180 1.8839
172.200 1.8645
172.220 1.8710
172.240 1.8742
172.260 1.8742
172.280 1.8774
172.300 1.8710
172.320 1.8710
172.340 1.8742
172.360 1.8806
172.380 1.8710
172.400 1.8806
172.420 1.9000
172.440 1.8774
172.460 1.8742
172.480 1.8613
172.500 1.8613
172.520 1.8839
172.540 1.8839
172.560 1.8806
172.580 1.8774
172.600 1.8645
172.620 1.8839
172.640 1.8774
172.660 1.8839
172.680 1.8871
172.700 1.8774
172.720 1.8742
172.740 1.8742
172.760 1.8742
172.780 1.8806
172.800 1.8903
172.820 1.8806
172.840 1.8871
172.860 1.8935
172.880 1.8839
172.900 1.8806
172.920 1.8871
172.940 1.8871
172.960 1.8806
172.980 1.8871
173.000 1.8871
173.020 1.8839
173.040 1.8839
173.060 1.8871
173.080 1.8871
173.100 1.8968
173.120 1.8935
173.140 1.8839
173.160 1.8839
173.180 1.8774
173.200 1.8871
173.220 1.8742
173.240 1.8903
173.260 1.8903
173.280 1.8839
173.300 1.9226
173.320 1.8871
173.340 1.8903
173.360 1.8903
173.380 1.8935
173.400 1.8839
173.420 1.8935
173.440 1.8968
173.460 1.8903
173.480 1.8903
173.500 1.8935
173.520 1.9129
173.540 1.8968
173.560 1.8871
173.580 1.8935
173.600 1.8968
173.620 1.8903
173.640 1.8903
173.660 1.9000
173.680 1.8871
173.700 1.9032
173.720 1.9000
173.740 1.8968
173.760 1.8903
173.780 1.9000
173.800 1.8968
173.820 1.8903
173.840 1.8935
173.860 1.8968
173.880 1.8903
173.900 1.8871
173.920 1.9000
173.940 1.8968
173.960 1.9032
173.980 1.8968
174.000 1.9000
174.020 1.9032
174.040 1.8968
174.060 1.8968
174.080 1.9065
174.100 1.9000
174.120 1.8968
174.140 1.8968
174.160 1.8968
174.180 1.9000
174.200 1.9000
174.220 1.9032
174.240 1.9065
174.260 1.9032
174.280 1.8968
174.300 1.8968
174.320 1.9000
174.340 1.9000
174.360 1.9032
174.380 1.9065
174.400 1.9000
174.420 1.9097
174.440 1.9000
174.460 1.8968
174.480 1.9032
174.500 1.9000
174.520 1.8935
174.540 1.9032
174.560 1.9065
174.580 1.9000
174.600 1.9097
174.620 1.9000
174.640 1.9065
174.660 1.9000
174.680 1.9032
174.700 1.8968
174.720 1.9065
174.740 1.9000
174.760 1.8968
174.780 1.8968
174.800 1.9032
174.820 1.9032
174.840 1.9032
174.860 1.9000
174.880 1.9000
174.900 1.9000
174.920 1.8968
174.940 1.9097
174.960 1.9032
174.980 1.8968
175.000 1.9065
175.020 1.9065
175.040 1.9032
175.060 1.9032
175.080 1.9032
175.100 1.9032
175.120 1.9065
175.140 1.9097
175.160 1.9065
175.180 1.9032
175.200 1.9065
175.220 1.9000
175.240 1.8968
175.260 1.9032
175.280 1.9032
175.300 1.9065
175.320 1.8935
175.340 1.9065
175.360 1.9032
175.380 1.9000
175.400 1.9097
175.420 1.9097
175.440 1.9032
175.460 1.9000
175.480 1.9000
175.500 1.9129
175.520 1.9000
175.540 1.9065
175.560 1.9000
175.580 1.8935
175.600 1.9032
175.620 1.8935
175.640 1.9161
175.660 1.9097
175.680 1.8968
175.700 1.9323
175.720 1.9194
175.740 1.9065
175.760 1.8968
175.780 1.9000
175.800 1.9065
175.820 1.9129
175.840 1.9065
175.860 1.8903
175.880 1.9097
175.900 1.8935
175.920 1.9097
175.940 1.9000
175.960 1.9032
175.980 1.8935
176.000 1.8968
176.020 1.9065
176.040 1.9000
176.060 1.9000
176.080 1.9032
176.100 1.8968
176.120 1.8935
176.140 1.9032
176.160 1.8968
176.180 1.8839
176.200 1.9065
176.220 1.8935
176.240 1.8806
176.260 1.8903
176.280 1.9000
176.300 1.8774
176.320 1.8968
176.340 1.8839
176.360 1.9000
176.380 1.8774
176.400 1.8935
176.420 1.8903
176.440 1.8806
176.460 1.9032
176.480 1.8871
176.500 1.8903
176.520 1.8871
176.540 1.8806
176.560 1.8839
176.580 1.8839
176.600 1.8806
176.620 1.8839
176.640 1.8806
176.660 1.8710
176.680 1.8871
176.700 1.8839
176.720 1.8871
176.740 1.8806
176.760 1.8710
176.780 1.8742
176.800 1.8806
176.820 1.8806
176.840 1.8677
176.860 1.8742
176.880 1.8677
176.900 1.8742
176.920 1.8806
176.940 1.8710
176.960 1.8742
176.980 1.8742
177.000 1.8806
177.020 1.8774
177.040 1.8774
177.060 1.8710
177.080 1.8774
177.100 1.8774
177.120 1.8710
177.140 1.8806
177.160 1.8806
177.180 1.8742
177.200 1.8742
177.220 1.8774
177.240 1.8677
177.260 1.8839
177.280 1.8742
177.300 1.8677
177.320 1.8774
177.340 1.8774
177.360 1.8806
177.380 1.8645
177.400 1.8742
177.420 1.8677
177.440 1.8645
177.460 1.8710
177.480 1.8710
177.500 1.8742
177.520 1.8742
177.540 1.8774
177.560 1.8806
177.580 1.8645
177.600 1.8710
177.620 1.8710
177.640 1.8806
177.660 1.8871
177.680 1.8774
177.700 1.8677
177.720 1.8903
177.740 1.8774
177.760 1.8806
177.780 1.8839
177.800 1.8935
177.820 1.8710
177.840 1.8806
177.860 1.8323
177.880 1.8677
177.900 1.8839
177.920 1.8742
177.940 1.8806
177.960 1.8774
177.980 1.8774
178.000 1.8935
178.020 1.8774
178.040 1.8806
178.060 1.8903
178.080 1.8806
178.100 1.8774
178.120 1.8806
178.140 1.8806
178.160 1.8742
178.180 1.8774
178.200 1.8774
178.220 1.8677
178.240 1.8806
178.260 1.8774
178.280 1.8839
178.300 1.8806
178.320 1.8839
178.340 1.8871
178.360 1.8903
178.380 1.8903
178.400 1.8871
178.420 1.8839
178.440 1.8871
178.460 1.8871
178.480 1.8774
178.500 1.8968
178.520 1.8774
178.540 1.8871
178.560 1.8871
178.580 1.8935
178.600 1.8871
178.620 1.8935
178.640 1.8839
178.660 1.8839
178.680 1.8871
178.700 1.8903
178.720 1.8935
178.740 1.8839
178.760 1.8806
178.780 1.8968
178.800 1.8935
178.820 1.8871
178.840 1.8935
178.860 1.9000
178.880 1.8935
178.900 1.8968
178.920 1.9000
178.940 1.8903
178.960 1.8903
178.980 1.8968
179.000 1.8935
179.020 1.8935
179.040 1.8903
179.060 1.8839
179.080 1.9032
179.100 1.8935
179.120 1.9000
179.140 1.9000
179.160 1.8968
179.180 1.8903
179.200 1.9000
179.220 1.9032
179.240 1.9000
179.260 1.9065
179.280 1.8935
179.300 1.8935
179.320 1.9065
179.340 1.9032
179.360 1.9032
179.380 1.9032
179.400 1.9000
179.420 1.9000
179.440 1.9097
179.460 1.8935
179.480 1.9032
179.500 1.9032
179.520 1.9065
179.540 1.8968
179.560 1.9129
179.580 1.9097
179.600 1.9161
179.620 1.9000
179.640 1.9161
179.660 1.8968
179.680 1.9000
179.700 1.9065
179.720 1.8968
179.740 1.9000
179.760 1.9129
179.780 1.9355
179.800 1.9065
179.820 1.9097
179.840 1.9065
179.860 1.9097
179.880 1.9097
179.900 1.9194
179.920 1.9000
179.940 1.9129
179.960 1.9065
179.980 1.9032
180.000 1.8968
180.020 1.8968
180.040 1.9097
180.060 1.9097
180.080 1.9000
180.100 1.9000
180.120 1.8968
180.140 1.9065
180.160 1.9065
180.180 1.9065
180.200 1.9065
180.220 1.9194
180.240 1.9065
180.260 1.9065
180.280 1.9129
180.300 1.9032
180.320 1.8871
180.340 1.9065
180.360 1.9000
180.380 1.9129
180.400 1.9097
180.420 1.9065
180.440 1.9097
180.460 1.9000
180.480 1.9065
180.500 1.9129
180.520 1.9065
180.540 1.8968
180.560 1.9032
180.580 1.9032
180.600 1.8968
180.620 1.9129
180.640 1.9000
180.660 1.9065
180.680 1.8968
180.700 1.9065
180.720 1.9000
180.740 1.9065
180.760 1.9065
180.780 1.8968
180.800 1.9000
180.820 1.8968
180.840 1.9065
180.860 1.8871
180.880 1.8968
180.900 1.8968
180.920 1.8903
180.940 1.9032
180.960 1.8968
180.980 1.8935
181.000 1.9032
181.020 1.8968
181.040 1.8935
181.060 1.8968
181.080 1.8935
181.100 1.8903
181.120 1.8935
181.140 1.8903
181.160 1.8935
181.180 1.8774
181.200 1.8903
181.220 1.8839
181.240 1.8774
181.260 1.8677
181.280 1.8839
181.300 1.8742
181.320 1.8806
181.340 1.8774
181.360 1.8742
181.380 1.8774
181.400 1.8774
181.420 1.8806
181.440 1.8774
181.460 1.8774
181.480 1.8742
181.500 1.8774
181.520 1.8806
181.540 1.8742
181.560 1.8806
181.580 1.8774
181.600 1.8774
181.620 1.8613
181.640 1.8677
181.660 1.8645
181.680 1.8677
181.700 1.8871
181.720 1.8774
181.740 1.8677
181.760 1.8710
181.780 1.8677
181.800 1.8774
181.820 1.8710
181.840 1.8742
181.860 1.8774
181.880 1.8774
181.900 1.8677
181.920 1.8742
181.940 1.8742
181.960 1.8677
181.980 1.8677
182.000 1.8774
182.020 1.8677
182.040 1.8774
182.060 1.8710
182.080 1.8677
182.100 1.8806
182.120 1.8774
182.140 1.8677
182.160 1.8677
182.180 1.8710
182.200 1.8839
182.220 1.8774
182.240 1.8806
182.260 1.8806
182.280 1.8677
182.300 1.8484
182.320 1.8742
182.340 1.8710
182.360 1.8710
182.380 1.8742
182.400 1.8645
182.420 1.8774
182.440 1.8742
182.460 1.8774
182.480 1.8774
182.500 1.8710
182.520 1.8645
182.540 1.8677
182.560 1.8774
182.580 1.8645
182.600 1.8645
182.620 1.8742
182.640 1.8871
182.660 1.8677
182.680 1.8677
182.700 1.8710
182.720 1.8677
182.740 1.8806
182.760 1.8742
182.780 1.8742
182.800 1.8742
182.820 1.8645
182.840 1.8774
182.860 1.8710
182.880 1.8710
182.900 1.8677
182.920 1.8677
182.940 1.8742
182.960 1.8710
182.980 1.8710
183.000 1.8742
183.020 1.8710
183.040 1.8806
183.060 1.8710
183.080 1.8774
183.100 1.8645
183.120 1.8774
183.140 1.8806
183.160 1.8613
183.180 1.8774
183.200 1.8806
183.220 1.8806
183.240 1.8774
183.260 1.8774
183.280 1.8548
183.300 1.8839
183.320 1.8710
183.340 1.8806
183.360 1.8742
183.380 1.9129
183.400 1.8742
183.420 1.8806
183.440 1.8710
183.460 1.8839
183.480 1.8806
183.500 1.8774
183.520 1.8935
183.540 1.8839
183.560 1.8742
183.580 1.8806
183.600 1.8806
183.620 1.8935
183.640 1.8935
183.660 1.8871
183.680 1.8806
183.700 1.8871
183.720 1.8839
183.740 1.8871
183.760 1.8839
183.780 1.8806
183.800 1.8871
183.820 1.8935
183.840 1.8774
183.860 1.8903
183.880 1.8806
183.900 1.8903
183.920 1.8935
183.940 1.8903
183.960 1.8839
183.980 1.8839
184.000 1.8903
184.020 1.8935
184.040 1.8871
184.060 1.8935
184.080 1.8935
184.100 1.8935
184.120 1.8839
184.140 1.8871
184.160 1.8903
184.180 1.8903
184.200 1.8968
184.220 1.8871
184.240 1.8839
184.260 1.8871
184.280 1.9000
184.300 1.9000
184.320 1.8871
184.340 1.8903
184.360 1.9000
184.380 1.8935
184.400 1.8903
184.420 1.8839
184.440 1.8935
184.460 1.8935
184.480 1.8935
184.500 1.9000
184.520 1.8968
184.540 1.8935
184.560 1.9000
184.580 1.8968
184.600 1.8968
184.620 1.8935
184.640 1.8935
184.660 1.8968
184.680 1.8935
184.700 1.9000
184.720 1.8935
184.740 1.9065
184.760 1.8968
184.780 1.9000
184.800 1.9000
184.820 1.9032
184.840 1.8968
184.860 1.9000
184.880 1.9032
184.900 1.8968
184.920 1.9000
184.940 1.9097
184.960 1.9032
184.980 1.9032
185.000 1.8839
185.020 1.8968
185.040 1.8968
185.060 1.9065
185.080 1.9032
185.100 1.8968
185.120 1.9097
185.140 1.9032
185.160 1.9097
185.180 1.8968
185.200 1.9065
185.220 1.9065
185.240 1.9097
185.260 1.9032
185.280 1.8935
185.300 1.9065
185.320 1.9065
185.340 1.9065
185.360 1.9129
185.380 1.8968
185.400 1.9065
185.420 1.9065
185.440 1.9032
185.460 1.9000
185.480 1.9097
185.500 1.9032
185.520 1.8935
185.540 1.9032
185.560 1.9097
185.580 1.9226
185.600 1.9065
185.620 1.9161
185.640 1.9032
185.660 1.9032
185.680 1.9129
185.700 1.9065
185.720 1.9129
185.740 1.9032
185.760 1.9097
185.780 1.9161
185.800 1.9065
185.820 1.9032
185.840 1.8968
185.860 1.9097
185.880 1.9194
185.900 1.9065
185.920 1.9129
185.940 1.9065
185.960 1.9000
185.980 1.9032
186.000 1.9065
186.020 1.9032
186.040 1.9032
186.060 1.9032
186.080 1.9000
186.100 1.9065
186.120 1.9097
186.140 1.9065
186.160 1.9097
186.180 1.9000
186.200 1.9129
186.220 1.9065
186.240 1.9097
186.260 1.9032
186.280 1.9065
186.300 1.9097
186.320 1.9129
186.340 1.9032
186.360 1.9000
186.380 1.9032
186.400 1.9032
186.420 1.9129
186.440 1.9000
186.460 1.9194
186.480 1.9000
186.500 1.8935
186.520 1.8968
186.540 1.8968
186.560 1.8903
186.580 1.8935
186.600 1.8903
186.620 1.8935
186.640 1.9000
186.660 1.8806
186.680 1.8968
186.700 1.8935
186.720 1.9032
186.740 1.8903
186.760 1.8903
186.780 1.8903
186.800 1.8871
186.820 1.8871
186.840 1.8806
186.860 1.8871
186.880 1.8871
186.900 1.8968
186.920 1.8806
186.940 1.8839
186.960 1.8871
186.980 1.8935
187.000 1.8871
187.020 1.8742
187.040 1.8935
187.060 1.8839
187.080 1.8742
187.100 1.8839
187.120 1.8677
187.140 1.8806
187.160 1.8806
187.180 1.8968
187.200 1.8806
187.220 1.8806
187.240 1.8710
187.260 1.8903
187.280 1.8806
187.300 1.8839
187.320 1.8806
187.340 1.8774
187.360 1.8839
187.380 1.8839
187.400 1.8742
187.420 1.8742
187.440 1.8839
187.460 1.8806
187.480 1.8710
187.500 1.8742
187.520 1.8645
187.540 1.8742
187.560 1.8645
187.580 1.8774
187.600 1.8839
187.620 1.8323
187.640 1.8645
187.660 1.8839
187.680 1.8710
187.700 1.8806
187.720 1.8806
187.740 1.8710
187.760 1.8710
187.780 1.8774
187.800 1.8710
187.820 1.8710
187.840 1.8806
187.860 1.8774
187.880 1.8742
187.900 1.8677
187.920 1.8742
187.940 1.8645
187.960 1.8613
187.980 1.8677
188.000 1.8742
188.020 1.8742
188.040 1.8774
188.060 1.8710
188.080 1.8645
188.100 1.8774
188.120 1.8903
188.140 1.8774
188.160 1.8839
188.180 1.8677
188.200 1.8742
188.220 1.8774
188.240 1.8677
188.260 1.8645
188.280 1.8742
188.300 1.8742
188.320 1.8806
188.340 1.8774
188.360 1.8839
188.380 1.8484
188.400 1.8806
188.420 1.8806
188.440 1.8839
188.460 1.8806
188.480 1.8742
188.500 1.8806
188.520 1.9129
188.540 1.8774
188.560 1.8839
188.580 1.8774
188.600 1.8806
188.620 1.8903
188.640 1.8806
188.660 1.8871
188.680 1.8903
188.700 1.8903
188.720 1.8839
188.740 1.8839
188.760 1.8839
188.780 1.8871
188.800 1.8774
188.820 1.8871
188.840 1.8903
188.860 1.8806
188.880 1.9000
188.900 1.8839
188.920 1.8871
188.940 1.8839
188.960 1.8903
188.980 1.8935
189.000 1.8903
189.020 1.8806
189.040 1.8839
189.060 1.8871
189.080 1.8935
189.100 1.8871
189.120 1.8935
189.140 1.8839
189.160 1.8935
189.180 1.8871
189.200 1.8903
189.220 1.8903
189.240 1.9032
189.260 1.8935
189.280 1.9032
189.300 1.8968
189.320 1.8968
189.340 1.9032
189.360 1.8968
189.380 1.8903
189.400 1.9000
189.420 1.9000
189.440 1.8935
189.460 1.8968
189.480 1.9032
189.500 1.8903
189.520 1.9065
189.540 1.9000
189.560 1.9000
189.580 1.9032
189.600 1.8968
189.620 1.9065
189.640 1.9000
189.660 1.9032
189.680 1.9000
189.700 1.9032
189.720 1.9000
189.740 1.9000
189.760 1.9065
189.780 1.8871
189.800 1.9097
189.820 1.9000
189.840 1.9097
189.860 1.9065
189.880 1.9032
189.900 1.9032
189.920 1.8935
189.940 1.9065
189.960 1.9129
189.980 1.8968
190.000 1.9065
190.020 1.9000
190.040 1.9000
190.060 1.9000
190.080 1.8968
190.100 1.9097
190.120 1.9065
190.140 1.9032
190.160 1.9065
190.180 1.9032
190.200 1.9065
190.220 1.9065
190.240 1.9065
190.260 1.9097
190.280 1.9032
190.300 1.9387
190.320 1.9065
190.340 1.8903
190.360 1.9000
190.380 1.9065
190.400 1.9226
190.420 1.9097
190.440 1.9000
190.460 1.8968
190.480 1.8968
190.500 1.9065
190.520 1.9032
190.540 1.8903
190.560 1.8935
190.580 1.9065
190.600 1.8935
190.620 1.9065
190.640 1.9065
190.660 1.9161
190.680 1.9065
190.700 1.9065
190.720 1.9000
190.740 1.9000
190.760 1.9065
190.780 1.8935
190.800 1.8968
190.820 1.9000
190.840 1.9097
190.860 1.9000
190.880 1.9097
190.900 1.8968
190.920 1.9065
190.940 1.8968
190.960 1.9000
190.980 1.8935
191.000 1.8935
191.020 1.8839
191.040 1.8839
191.060 1.8871
191.080 1.8968
191.100 1.9032
191.120 1.9032
191.140 1.8774
191.160 1.8935
191.180 1.8903
191.200 1.8871
191.220 1.8871
191.240 1.8935
191.260 1.8968
191.280 1.8839
191.300 1.8871
191.320 1.8871
191.340 1.8839
191.360 1.8871
191.380 1.8839
191.400 1.8742
191.420 1.8806
191.440 1.8871
191.460 1.8806
191.480 1.8806
191.500 1.8871
191.520 1.8806
191.540 1.8774
191.560 1.8871
191.580 1.8839
191.600 1.8839
191.620 1.8806
191.640 1.8806
191.660 1.8806
191.680 1.8774
191.700 1.8839
191.720 1.8742
191.740 1.8742
191.760 1.8742
191.780 1.8806
191.800 1.8677
191.820 1.8742
191.840 1.8742
191.860 1.8806
191.880 1.8677
191.900 1.8677
191.920 1.8710
191.940 1.8806
191.960 1.8806
191.980 1.8806
192.000 1.8742
192.020 1.8742
192.040 1.8774
192.060 1.8742
192.080 1.8774
192.100 1.8742
192.120 1.8871
192.140 1.8645
192.160 1.8742
192.180 1.8742
192.200 1.8774
192.220 1.8742
192.240 1.8839
192.260 1.8710
192.280 1.8677
192.300 1.8710
192.320 1.8516
192.340 1.8677
192.360 1.8710
192.380 1.8774
192.400 1.8742
192.420 1.8774
192.440 1.8645
192.460 1.8774
192.480 1.8742
192.500 1.8774
192.520 1.8871
192.540 1.8839
192.560 1.8774
192.580 1.8774
192.600 1.8774
192.620 1.8742
192.640 1.8774
192.660 1.8806
192.680 1.8839
192.700 1.8839
192.720 1.8806
192.740 1.8742
192.760 1.8774
192.780 1.8839
192.800 1.8839
192.820 1.8774
192.840 1.8871
192.860 1.8871
192.880 1.8839
192.900 1.8806
192.920 1.8742
192.940 1.8839
192.960 1.8839
192.980 1.8871
193.000 1.8806
193.020 1.9000
193.040 1.8839
193.060 1.8839
193.080 1.8871
193.100 1.8903
193.120 1.8871
193.140 1.9000
193.160 1.8968
193.180 1.8871
193.200 1.8806
193.220 1.9000
193.240 1.8871
193.260 1.8968
193.280 1.8871
193.300 1.8968
193.320 1.8935
193.340 1.8871
193.360 1.8839
193.380 1.8871
193.400 1.8935
193.420 1.9000
193.440 1.8903
193.460 1.9000
193.480 1.8968
193.500 1.8871
193.520 1.9000
193.540 1.9032
193.560 1.9032
193.580 1.8839
193.600 1.9000
193.620 1.8935
193.640 1.9032
193.660 1.8968
193.680 1.9032
193.700 1.9161
193.720 1.9000
193.740 1.9032
193.760 1.8935
193.780 1.8968
193.800 1.8935
193.820 1.9065
193.840 1.9000
193.860 1.8968
193.880 1.9032
193.900 1.9000
193.920 1.9065
193.940 1.9032
193.960 1.8613
193.980 1.9065
194.000 1.9065
194.020 1.9065
194.040 1.9161
194.060 1.9097
194.080 1.9097
194.100 1.9194
194.120 1.9032
194.140 1.9161
194.160 1.8968
194.180 1.9161
194.200 1.9000
194.220 1.9065
194.240 1.9129
194.260 1.9000
194.280 1.9032
194.300 1.9032
194.320 1.9065
194.340 1.9065
194.360 1.9000
194.380 1.9032
194.400 1.9129
194.420 1.9129
194.440 1.9097
194.460 1.9129
194.480 1.8806
194.500 1.9000
194.520 1.9097
194.540 1.9129
194.560 1.9000
194.580 1.9097
194.600 1.9065
194.620 1.9097
194.640 1.9097
194.660 1.9129
194.680 1.9065
194.700 1.9065
194.720 1.9000
194.740 1.9032
194.760 1.9065
194.780 1.9000
194.800 1.9129
194.820 1.9065
194.840 1.9258
194.860 1.9000
194.880 1.8968
194.900 1.9032
194.920 1.9097
194.940 1.9097
194.960 1.9065
194.980 1.9032
195.000 1.9097
195.020 1.9161
195.040 1.9097
195.060 1.9032
195.080 1.9032
195.100 1.9129
195.120 1.9161
195.140 1.9065
195.160 1.9065
195.180 1.9097
195.200 1.9290
195.220 1.9032
195.240 1.9065
195.260 1.9097
195.280 1.9065
195.300 1.9097
195.320 1.9032
195.340 1.9065
195.360 1.9290
195.380 1.9065
195.400 1.9000
195.420 1.9000
195.440 1.8968
195.460 1.9032
195.480 1.8710
195.500 1.9161
195.520 1.8968
195.540 1.8968
195.560 1.9000
195.580 1.9032
195.600 1.9032
195.620 1.9032
195.640 1.9097
195.660 1.9000
195.680 1.8935
195.700 1.9065
195.720 1.9000
195.740 1.9065
195.760 1.9065
195.780 1.8935
195.800 1.8968
195.820 1.8968
195.840 1.8839
195.860 1.8935
195.880 1.8871
195.900 1.9000
195.920 1.8871
195.940 1.8871
195.960 1.8871
195.980 1.8903
196.000 1.8968
196.020 1.8903
196.040 1.8968
196.060 1.8742
196.080 1.8806
196.100 1.8839
196.120 1.8903
196.140 1.8806
196.160 1.8839
196.180 1.8935
196.200 1.8806
196.220 1.8839
196.240 1.8839
196.260 1.8774
196.280 1.8742
196.300 1.8742
196.320 1.8806
196.340 1.8839
196.360 1.8871
196.380 1.8839
196.400 1.8839
196.420 1.8839
196.440 1.8742
196.460 1.8871
196.480 1.8839
196.500 1.8839
196.520 1.8774
196.540 1.8774
196.560 1.8871
196.580 1.8806
196.600 1.8871
196.620 1.8742
196.640 1.8774
196.660 1.8710
196.680 1.8774
196.700 1.8806
196.720 1.8806
196.740 1.8839
196.760 1.8742
196.780 1.8806
196.800 1.8710
196.820 1.8968
196.840 1.8935
196.860 1.8742
196.880 1.8839
196.900 1.8742
196.920 1.8710
196.940 1.8710
196.960 1.8581
196.980 1.8806
197.000 1.8774
197.020 1.8871
197.040 1.8742
197.060 1.8677
197.080 1.8806
197.100 1.8742
197.120 1.8839
197.140 1.8774
197.160 1.8774
197.180 1.8774
197.200 1.8774
197.220 1.8839
197.240 1.8677
197.260 1.8774
197.280 1.8774
197.300 1.8871
197.320 1.8806
197.340 1.8806
197.360 1.8742
197.380 1.8839
197.400 1.8806
197.420 1.8871
197.440 1.8871
197.460 1.8871
197.480 1.8903
197.500 1.8903
197.520 1.8839
197.540 1.8903
197.560 1.8839
197.580 1.8839
197.600 1.8839
197.620 1.8871
197.640 1.8903
197.660 1.8903
197.680 1.8968
197.700 1.8935
197.720 1.8903
197.740 1.8935
197.760 1.8968
197.780 1.8968
197.800 1.8871
197.820 1.8968
197.840 1.8935
197.860 1.8903
197.880 1.8935
197.900 1.8903
197.920 1.8871
197.940 1.8935
197.960 1.9000
197.980 1.9000
198.000 1.8903
198.020 1.9000
198.040 1.8935
198.060 1.8968
198.080 1.8968
198.100 1.8935
198.120 1.9065
198.140 1.9032
198.160 1.8968
198.180 1.9032
198.200 1.8968
198.220 1.8935
198.240 1.9032
198.260 1.9000
198.280 1.9000
198.300 1.8968
198.320 1.8968
198.340 1.9000
198.360 1.9032
198.380 1.8968
198.400 1.9000
198.420 1.9000
198.440 1.9032
198.460 1.9097
198.480 1.9032
198.500 1.8935
198.520 1.9065
198.540 1.9097
198.560 1.8968
198.580 1.9000
198.600 1.9032
198.620 1.9065
198.640 1.9032
198.660 1.9000
198.680 1.9032
198.700 1.9097
198.720 1.9065
198.740 1.9097
198.760 1.9065
198.780 1.9032
198.800 1.9129
198.820 1.9097
198.840 1.9065
198.860 1.9129
198.880 1.9129
198.900 1.9065
198.920 1.9065
198.940 1.9129
198.960 1.9129
198.980 1.9097
199.000 1.9129
199.020 1.9065
199.040 1.9161
199.060 1.9065
199.080 1.9129
199.100 1.9355
199.120 1.9032
199.140 1.9065
199.160 1.9097
199.180 1.9097
199.200 1.9065
199.220 1.9032
199.240 1.9065
199.260 1.9129
199.280 1.9065
199.300 1.9032
199.320 1.9032
199.340 1.9032
199.360 1.9000
199.380 1.9161
199.400 1.9097
199.420 1.9129
199.440 1.9129
199.460 1.9097
199.480 1.9032
199.500 1.9129
199.520 1.9065
199.540 1.8935
199.560 1.9065
199.580 1.9065
199.600 1.9065
199.620 1.9097
199.640 1.8710
199.660 1.9032
199.680 1.9097
199.700 1.9226
199.720 1.9032
199.740 1.9129
199.760 1.9065
199.780 1.9097
199.800 1.9032
199.820 1.9032
199.840 1.9194
199.860 1.9065
199.880 1.9000
199.900 1.9065
199.920 1.9097
199.940 1.9129
199.960 1.9226
199.980 1.9032
200.000 1.9000
200.020 1.9097
200.040 1.9032
200.060 1.8935
200.080 1.8968
200.100 1.9065
200.120 1.8968
200.140 1.9032
200.160 1.9097
200.180 1.9065
200.200 1.8935
200.220 1.9065
200.240 1.9032
200.260 1.8871
200.280 1.8968
200.300 1.8871
200.320 1.8903
200.340 1.8903
200.360 1.8968
200.380 1.9000
200.400 1.9000
200.420 1.8903
200.440 1.8903
200.460 1.9000
200.480 1.8935
200.500 1.8903
200.520 1.8968
200.540 1.8871
200.560 1.8742
200.580 1.8806
200.600 1.8903
200.620 1.8839
200.640 1.8935
200.660 1.8839
200.680 1.8935
200.700 1.8968
200.720 1.8839
200.740 1.8806
200.760 1.8806
200.780 1.8839
200.800 1.8903
200.820 1.8903
200.840 1.8774
200.860 1.8839
200.880 1.8774
200.900 1.8839
200.920 1.8871
200.940 1.8903
200.960 1.8774
200.980 1.8839
201.000 1.8839
201.020 1.8742
201.040 1.8839
201.060 1.8871
201.080 1.8710
201.100 1.8742
201.120 1.8742
201.140 1.8903
201.160 1.8806
201.180 1.8806
201.200 1.8871
201.220 1.8839
201.240 1.8710
201.260 1.8419
201.280 1.8871
201.300 1.8774
201.320 1.8806
201.340 1.8806
201.360 1.8710
201.380 1.8806
201.400 1.8710
201.420 1.8742
201.440 1.8742
201.460 1.8677
201.480 1.8774
201.500 1.8806
201.520 1.8774
201.540 1.8806
201.560 1.8871
201.580 1.8742
201.600 1.8677
201.620 1.8677
201.640 1.8806
201.660 1.8710
201.680 1.8645
201.700 1.8677
201.720 1.8710
201.740 1.8774
201.760 1.8871
201.780 1.8774
201.800 1.8806
201.820 1.8839
201.840 1.8871
201.860 1.8806
201.880 1.8806
201.900 1.8839
201.920 1.8806
201.940 1.8903
201.960 1.8871
201.980 1.8871
202.000 1.9065
202.020 1.8806
202.040 1.9032
202.060 1.8839
202.080 1.8774
202.100 1.8871
202.120 1.8806
202.140 1.8806
202.160 1.8839
202.180 1.8871
202.200 1.8839
202.220 1.8871
202.240 1.8871
202.260 1.8871
202.280 1.8903
202.300 1.9032
202.320 1.8839
202.340 1.8871
202.360 1.8871
202.380 1.8935
202.400 1.8935
202.420 1.8968
202.440 1.8903
202.460 1.8935
202.480 1.8968
202.500 1.8903
202.520 1.8935
202.540 1.8903
202.560 1.8903
202.580 1.8903
202.600 1.8968
202.620 1.8968
202.640 1.9000
202.660 1.8871
202.680 1.8968
202.700 1.8968
202.720 1.9065
202.740 1.9032
202.760 1.8968
202.780 1.8935
202.800 1.8935
202.820 1.8968
202.840 1.9000
202.860 1.9032
202.880 1.9065
202.900 1.9000
202.920 1.9065
202.940 1.9065
202.960 1.8968
202.980 1.8968
203.000 1.8968
203.020 1.8935
203.040 1.8968
203.060 1.8968
203.080 1.9065
203.100 1.9000
203.120 1.9000
203.140 1.9065
203.160 1.9032
203.180 1.9032
203.200 1.9065
203.220 1.9032
203.240 1.9065
203.260 1.8968
203.280 1.9032
203.300 1.9129
203.320 1.9097
203.340 1.9290
203.360 1.9129
203.380 1.8903
203.400 1.9097
203.420 1.9065
203.440 1.9097
203.460 1.9065
203.480 1.9000
203.500 1.9000
203.520 1.9097
203.540 1.9161
203.560 1.9000
203.580 1.9065
203.600 1.9032
203.620 1.9000
203.640 1.9065
203.660 1.9161
203.680 1.9097
203.700 1.9097
203.720 1.9129
203.740 1.9000
203.760 1.9097
203.780 1.9129
203.800 1.9065
203.820 1.8968
203.840 1.9000
203.860 1.9032
203.880 1.9065
203.900 1.9065
203.920 1.9032
203.940 1.9097
203.960 1.9000
203.980 1.9065
204.000 1.9065
204.020 1.9000
204.040 1.9097
204.060 1.9065
204.080 1.9065
204.100 1.9097
204.120 1.9032
204.140 1.9065
204.160 1.9097
204.180 1.9000
204.200 1.8871
204.220 1.9097
204.240 1.9032
204.260 1.9000
204.280 1.9000
204.300 1.9065
204.320 1.9065
204.340 1.8968
204.360 1.9097
204.380 1.9065
204.400 1.9129
204.420 1.9032
204.440 1.9097
204.460 1.8935
204.480 1.8968
204.500 1.9000
204.520 1.9000
204.540 1.9032
204.560 1.8968
204.580 1.8903
204.600 1.9032
204.620 1.9000
204.640 1.9000
204.660 1.9097
204.680 1.8968
204.700 1.8903
204.720 1.8935
204.740 1.8903
204.760 1.8935
204.780 1.9000
204.800 1.8903
204.820 1.8903
204.840 1.9000
204.860 1.9000
204.880 1.9065
204.900 1.9000
204.920 1.8968
204.940 1.8871
204.960 1.8871
204.980 1.8935
205.000 1.8903
205.020 1.8839
205.040 1.8935
205.060 1.8839
205.080 1.8935
205.100 1.8903
205.120 1.8871
205.140 1.8903
205.160 1.8871
205.180 1.8839
205.200 1.8806
205.220 1.8839
205.240 1.8839
205.260 1.8774
205.280 1.8774
205.300 1.8871
205.320 1.8871
205.340 1.8774
205.360 1.8806
205.380 1.8742
205.400 1.8774
205.420 1.8839
205.440 1.8774
205.460 1.8806
205.480 1.8774
205.500 1.8742
205.520 1.8742
205.540 1.8806
205.560 1.8774
205.580 1.8774
205.600 1.8742
205.620 1.8839
205.640 1.8806
205.660 1.8742
205.680 1.8806
205.700 1.8806
205.720 1.8774
205.740 1.8774
205.760 1.8710
205.780 1.8774
205.800 1.8774
205.820 1.8774
205.840 1.8774
205.860 1.8806
205.880 1.8774
205.900 1.8742
205.920 1.8742
205.940 1.8677
205.960 1.8806
205.980 1.8774
206.000 1.8710
206.020 1.8742
206.040 1.8806
206.060 1.8774
206.080 1.8710
206.100 1.8774
206.120 1.8903
206.140 1.8774
206.160 1.8742
206.180 1.8806
206.200 1.8806
206.220 1.8774
206.240 1.8774
206.260 1.8774
206.280 1.8806
206.300 1.8903
206.320 1.8774
206.340 1.8710
206.360 1.8806
206.380 1.8710
206.400 1.8871
206.420 1.8871
206.440 1.8903
206.460 1.8903
206.480 1.9000
206.500 1.8935
206.520 1.8839
206.540 1.8774
206.560 1.8935
206.580 1.8871
206.600 1.8871
206.620 1.8903
206.640 1.9000
206.660 1.8839
206.680 1.8903
206.700 1.8871
206.720 1.8871
206.740 1.8903
206.760 1.8871
206.780 1.8935
206.800 1.8968
206.820 1.8839
206.840 1.8935
206.860 1.8903
206.880 1.8806
206.900 1.8903
206.920 1.9032
206.940 1.9032
206.960 1.8935
206.980 1.8839
207.000 1.8968
207.020 1.8871
207.040 1.8968
207.060 1.8935
207.080 1.8903
207.100 1.8968
207.120 1.9065
207.140 1.8968
207.160 1.9065
207.180 1.9032
207.200 1.9000
207.220 1.8903
207.240 1.9065
207.260 1.8935
207.280 1.8968
207.300 1.8968
207.320 1.8968
207.340 1.8968
207.360 1.9000
207.380 1.9000
207.400 1.8968
207.420 1.9097
207.440 1.8968
207.460 1.8968
207.480 1.9097
207.500 1.9032
207.520 1.9065
207.540 1.9032
207.560 1.9065
207.580 1.9000
207.600 1.9032
207.620 1.9129
207.640 1.9000
207.660 1.9000
207.680 1.8839
207.700 1.9129
207.720 1.9065
207.740 1.8935
207.760 1.9032
207.780 1.8968
207.800 1.8935
207.820 1.9065
207.840 1.8968
207.860 1.9000
207.880 1.9065
207.900 1.9032
207.920 1.9129
207.940 1.9000
207.960 1.8968
207.980 1.9097
208.000 1.9032
208.020 1.9000
208.040 1.9032
208.060 1.9032
208.080 1.8968
208.100 1.9000
208.120 1.9161
208.140 1.9032
208.160 1.9065
208.180 1.9097
208.200 1.8968
208.220 1.9032
208.240 1.9161
208.260 1.9129
208.280 1.9097
208.300 1.9161
208.320 1.9032
208.340 1.8968
208.360 1.9065
208.380 1.9065
208.400 1.9065
208.420 1.9065
208.440 1.9065
208.460 1.9097
208.480 1.9129
208.500 1.9065
208.520 1.9065
208.540 1.9161
208.560 1.8968
208.580 1.8968
208.600 1.8935
208.620 1.8968
208.640 1.9129
208.660 1.9032
208.680 1.9097
208.700 1.9032
208.720 1.9032
208.740 1.9097
208.760 1.9097
208.780 1.9097
208.800 1.8968
208.820 1.8710
208.840 1.9000
208.860 1.8968
208.880 1.9032
208.900 1.9065
208.920 1.8710
208.940 1.8968
208.960 1.9065
208.980 1.8968
209.000 1.9065
209.020 1.9000
209.040 1.8968
209.060 1.9032
209.080 1.8968
209.100 1.8935
209.120 1.8935
209.140 1.8903
209.160 1.9000
209.180 1.8903
209.200 1.8968
209.220 1.9000
209.240 1.8968
209.260 1.8871
209.280 1.8935
209.300 1.8806
209.320 1.9000
209.340 1.8903
209.360 1.9000
209.380 1.8903
209.400 1.8935
209.420 1.8935
209.440 1.8871
209.460 1.8903
209.480 1.8903
209.500 1.8871
209.520 1.9065
209.540 1.8871
209.560 1.8903
209.580 1.8903
209.600 1.8903
209.620 1.8903
209.640 1.8968
209.660 1.8548
209.680 1.8839
209.700 1.8903
209.720 1.8968
209.740 1.8806
209.760 1.8839
209.780 1.8839
209.800 1.8774
209.820 1.8839
209.840 1.8839
209.860 1.8968
209.880 1.8839
209.900 1.8774
209.920 1.8645
209.940 1.8871
209.960 1.8871
209.980 1.8806
210.000 1.8903
210.020 1.8839
210.040 1.8742
210.060 1.8677
210.080 1.8839
210.100 1.8742
210.120 1.8710
210.140 1.8774
210.160 1.8839
210.180 1.8839
210.200 1.8871
210.220 1.8871
210.240 1.8839
210.260 1.8871
210.280 1.8774
210.300 1.8774
210.320 1.8903
210.340 1.8839
210.360 1.8774
210.380 1.8871
210.400 1.8806
210.420 1.8677
210.440 1.8742
210.460 1.8774
210.480 1.8806
210.500 1.8774
210.520 1.8742
210.540 1.8839
210.560 1.8677
210.580 1.8871
210.600 1.8903
210.620 1.8839
210.640 1.8774
210.660 1.8839
210.680 1.8710
210.700 1.8871
210.720 1.8903
210.740 1.8871
210.760 1.8806
210.780 1.8871
210.800 1.8806
210.820 1.8806
210.840 1.9000
210.860 1.8903
210.880 1.8903
210.900 1.9065
210.920 1.8968
210.940 1.8839
210.960 1.8839
210.980 1.8903
211.000 1.8871
211.020 1.8903
211.040 1.8968
211.060 1.8871
211.080 1.9032
211.100 1.8871
211.120 1.8968
211.140 1.8903
211.160 1.8935
211.180 1.8903
211.200 1.8968
211.220 1.9000
211.240 1.8871
211.260 1.9000
211.280 1.8968
211.300 1.8968
211.320 1.8935
211.340 1.8968
211.360 1.8968
211.380 1.8935
211.400 1.8968
211.420 1.9032
211.440 1.8968
211.460 1.8935
211.480 1.9000
211.500 1.9065
211.520 1.8935
211.540 1.8968
211.560 1.8968
211.580 1.9065
211.600 1.9129
211.620 1.8871
211.640 1.9065
211.660 1.8935
211.680 1.9032
211.700 1.9032
211.720 1.9032
211.740 1.9355
211.760 1.9000
211.780 1.9032
211.800 1.9065
211.820 1.8968
211.840 1.9065
211.860 1.8968
211.880 1.8806
211.900 1.9065
211.920 1.8968
211.940 1.9065
211.960 1.9032
211.980 1.9000
212.000 1.8968
212.020 1.9065
212.040 1.8903
212.060 1.9065
212.080 1.9032
212.100 1.9065
212.120 1.9065
212.140 1.9065
212.160 1.9032
212.180 1.9032
212.200 1.9097
212.220 1.9032
212.240 1.9032
212.260 1.8968
212.280 1.9097
212.300 1.9065
212.320 1.9097
212.340 1.8903
212.360 1.8935
212.380 1.9065
212.400 1.9065
212.420 1.9065
212.440 1.9097
212.460 1.9065
212.480 1.8968
212.500 1.9032
212.520 1.9129
212.540 1.9065
212.560 1.8935
212.580 1.9032
212.600 1.9032
212.620 1.9032
212.640 1.9000
212.660 1.9065
212.680 1.9000
212.700 1.9032
212.720 1.9065
212.740 1.8968
212.760 1.8968
212.780 1.9065
212.800 1.9032
212.820 1.9032
212.840 1.9032
212.860 1.9129
212.880 1.9000
212.900 1.9032
212.920 1.9000
212.940 1.9000
212.960 1.9097
212.980 1.9032
213.000 1.9065
213.020 1.9065
213.040 1.9065
213.060 1.9065
213.080 1.8968
213.100 1.9129
213.120 1.9032
213.140 1.9032
213.160 1.9032
213.180 1.9032
213.200 1.9194
213.220 1.8968
213.240 1.8935
213.260 1.8935
213.280 1.9000
213.300 1.8968
213.320 1.9000
213.340 1.8710
213.360 1.9000
213.380 1.9000
213.400 1.9000
213.420 1.9032
213.440 1.9032
213.460 1.8935
213.480 1.9000
213.500 1.9065
213.520 1.9032
213.540 1.8871
213.560 1.8935
213.580 1.8839
213.600 1.8871
213.620 1.8871
213.640 1.8935
213.660 1.8871
213.680 1.8871
213.700 1.8839
213.720 1.8968
213.740 1.8903
213.760 1.9032
213.780 1.8903
213.800 1.8903
213.820 1.8742
213.840 1.8903
213.860 1.8968
213.880 1.8806
213.900 1.8806
213.920 1.8839
213.940 1.8839
213.960 1.8839
213.980 1.9161
214.000 1.8935
214.020 1.8839
214.040 1.8806
214.060 1.8839
214.080 1.8806
214.100 1.8903
214.120 1.8871
214.140 1.8742
214.160 1.8806
214.180 1.8903
214.200 1.8839
214.220 1.8903
214.240 1.8839
214.260 1.8839
214.280 1.8742
214.300 1.8806
214.320 1.8806
214.340 1.8839
214.360 1.8839
214.380 1.8774
214.400 1.8903
214.420 1.8839
214.440 1.8774
214.460 1.8839
214.480 1.8839
214.500 1.8839
214.520 1.8774
214.540 1.8935
214.560 1.8839
214.580 1.8839
214.600 1.8839
214.620 1.8774
214.640 1.8774
214.660 1.8968
214.680 1.8839
214.700 1.8839
214.720 1.8871
214.740 1.8903
214.760 1.8774
214.780 1.8839
214.800 1.8903
214.820 1.8742
214.840 1.8806
214.860 1.8839
214.880 1.8839
214.900 1.8742
214.920 1.8806
214.940 1.8806
214.960 1.8903
214.980 1.8871
215.000 1.8903
215.020 1.8839
215.040 1.8806
215.060 1.8935
215.080 1.8903
215.100 1.8774
215.120 1.8806
215.140 1.8871
215.160 1.8903
215.180 1.8968
215.200 1.8935
215.220 1.8903
215.240 1.8871
215.260 1.9065
215.280 1.8903
215.300 1.8935
215.320 1.8839
215.340 1.9419
215.360 1.8935
215.380 1.8968
215.400 1.8968
215.420 1.9000
215.440 1.9000
215.460 1.8935
215.480 1.8935
215.500 1.8968
215.520 1.8935
215.540 1.9032
215.560 1.8968
215.580 1.9000
215.600 1.9000
215.620 1.9097
215.640 1.9000
215.660 1.9032
215.680 1.8968
215.700 1.9032
215.720 1.8935
215.740 1.8903
215.760 1.9000
215.780 1.9000
215.800 1.9065
215.820 1.9032
215.840 1.8903
215.860 1.8903
215.880 1.9097
215.900 1.9194
215.920 1.8935
215.940 1.9032
215.960 1.9000
215.980 1.9000
216.000 1.9097
216.020 1.9032
216.040 1.9032
216.060 1.9032
216.080 1.9226
216.100 1.9065
216.120 1.9097
216.140 1.9065
216.160 1.8968
216.180 1.8935
216.200 1.9000
216.220 1.9032
216.240 1.9032
216.260 1.9161
216.280 1.8968
216.300 1.9000
216.320 1.9000
216.340 1.9000
216.360 1.9065
216.380 1.9129
216.400 1.9065
216.420 1.9000
216.440 1.9065
216.460 1.9065
216.480 1.9032
216.500 1.9000
216.520 1.9065
216.540 1.9097
216.560 1.9032
216.580 1.9097
216.600 1.9129
216.620 1.9032
216.640 1.9032
216.660 1.9065
216.680 1.9097
216.700 1.9065
216.720 1.9097
216.740 1.9032
216.760 1.8968
216.780 1.9032
216.800 1.9129
216.820 1.9097
216.840 1.9097
216.860 1.9194
216.880 1.8935
216.900 1.9032
216.920 1.9097
216.940 1.9032
216.960 1.9065
216.980 1.9032
217.000 1.9129
217.020 1.9097
217.040 1.9032
217.060 1.8710
217.080 1.9065
217.100 1.9129
217.120 1.9065
217.140 1.9065
217.160 1.9065
217.180 1.9032
217.200 1.9065
217.220 1.8968
217.240 1.9032
217.260 1.9097
217.280 1.9065
217.300 1.9129
217.320 1.9000
217.340 1.9032
217.360 1.9000
217.380 1.9065
217.400 1.9000
217.420 1.8968
217.440 1.8935
217.460 1.9097
217.480 1.9097
217.500 1.9032
217.520 1.9129
217.540 1.9129
217.560 1.9065
217.580 1.9000
217.600 1.9065
217.620 1.8968
217.640 1.8935
217.660 1.8968
217.680 1.9000
217.700 1.8903
217.720 1.9000
217.740 1.9000
217.760 1.8968
217.780 1.8871
217.800 1.8903
217.820 1.8871
217.840 1.9000
217.860 1.9000
217.880 1.8871
217.900 1.8968
217.920 1.9000
217.940 1.8903
217.960 1.8935
217.980 1.8968
218.000 1.8935
218.020 1.8839
218.040 1.8935
218.060 1.8806
218.080 1.8903
218.100 1.8903
218.120 1.8806
218.140 1.8903
218.160 1.8806
218.180 1.8871
218.200 1.8839
218.220 1.8871
218.240 1.8871
218.260 1.8806
218.280 1.8871
218.300 1.8903
218.320 1.8806
218.340 1.8774
218.360 1.8871
218.380 1.8742
218.400 1.8871
218.420 1.8774
218.440 1.8935
218.460 1.8871
218.480 1.8839
218.500 1.8806
218.520 1.8774
218.540 1.8774
218.560 1.8839
218.580 1.8871
218.600 1.8839
218.620 1.8871
218.640 1.8742
218.660 1.8742
218.680 1.8935
218.700 1.8774
218.720 1.8903
218.740 1.8839
218.760 1.9000
218.780 1.8871
218.800 1.8806
218.820 1.8968
218.840 1.8903
218.860 1.8710
218.880 1.8677
218.900 1.8871
218.920 1.8806
218.940 1.8806
218.960 1.8839
218.980 1.8806
219.000 1.8935
219.020 1.8935
219.040 1.8903
219.060 1.8742
219.080 1.8774
219.100 1.8968
219.120 1.8903
219.140 1.9000
219.160 1.8871
219.180 1.8935
219.200 1.9000
219.220 1.8935
219.240 1.8903
219.260 1.8935
219.280 1.8935
219.300 1.9032
219.320 1.8903
219.340 1.8968
219.360 1.9065
219.380 1.9000
219.400 1.9000
219.420 1.9000
219.440 1.8903
219.460 1.9000
219.480 1.9097
219.500 1.9032
219.520 1.8935
219.540 1.9065
219.560 1.9032
219.580 1.8968
219.600 1.9065
219.620 1.9032
219.640 1.9065
219.660 1.9065
219.680 1.8968
219.700 1.9032
219.720 1.9000
219.740 1.9032
219.760 1.9065
219.780 1.8968
219.800 1.8935
219.820 1.9032
219.840 1.9065
219.860 1.8903
219.880 1.8871
219.900 1.8968
219.920 1.9129
219.940 1.9065
219.960 1.8968
219.980 1.9032
220.000 1.9032
220.020 1.9000
220.040 1.8968
220.060 1.9065
220.080 1.9032
220.100 1.9032
220.120 1.8935
220.140 1.8935
220.160 1.9032
220.180 1.9032
220.200 1.9097
220.220 1.9000
220.240 1.8968
220.260 1.9000
220.280 1.9065
220.300 1.8968
220.320 1.8903
220.340 1.8935
220.360 1.9032
220.380 1.9097
220.400 1.9032
220.420 1.9065
220.440 1.9032
220.460 1.9032
220.480 1.9032
220.500 1.9000
220.520 1.9032
220.540 1.9032
220.560 1.9065
220.580 1.9097
220.600 1.9097
220.620 1.9065
220.640 1.9000
220.660 1.8968
220.680 1.9000
220.700 1.9097
220.720 1.9032
220.740 1.9000
220.760 1.9065
220.780 1.9000
220.800 1.9065
220.820 1.8935
220.840 1.9097
220.860 1.9032
220.880 1.9065
220.900 1.9097
220.920 1.9000
220.940 1.9065
220.960 1.9161
220.980 1.9065
221.000 1.9065
221.020 1.9097
221.040 1.9065
221.060 1.9065
221.080 1.9161
221.100 1.9000
221.120 1.9032
221.140 1.9000
221.160 1.9065
221.180 1.9000
221.200 1.9065
221.220 1.9000
221.240 1.9032
221.260 1.9032
221.280 1.9000
221.300 1.8968
221.320 1.9000
221.340 1.9000
221.360 1.9032
221.380 1.8968
221.400 1.8968
221.420 1.9032
221.440 1.9000
221.460 1.8968
221.480 1.8935
221.500 1.8968
221.520 1.9032
221.540 1.8968
221.560 1.8871
221.580 1.8935
221.600 1.8968
221.620 1.8935
221.640 1.8935
221.660 1.8871
221.680 1.8968
221.700 1.8935
221.720 1.8871
221.740 1.8839
221.760 1.8871
221.780 1.8871
221.800 1.8806
221.820 1.8903
221.840 1.8871
221.860 1.8903
221.880 1.8839
221.900 1.8903
221.920 1.8871
221.940 1.8806
221.960 1.8806
221.980 1.8935
222.000 1.8806
222.020 1.8839
222.040 1.8839
222.060 1.8839
222.080 1.8871
222.100 1.8903
222.120 1.8839
222.140 1.8806
222.160 1.8774
222.180 1.8742
222.200 1.8839
222.220 1.8806
222.240 1.8774
222.260 1.8806
222.280 1.8903
222.300 1.8774
222.320 1.8806
222.340 1.8774
222.360 1.8839
222.380 1.8871
222.400 1.8839
222.420 1.8806
222.440 1.8871
222.460 1.8742
222.480 1.8839
222.500 1.9032
222.520 1.8806
222.540 1.8774
222.560 1.8742
222.580 1.8742
222.600 1.8774
222.620 1.8903
222.640 1.8742
222.660 1.8871
222.680 1.8742
222.700 1.8806
222.720 1.8806
222.740 1.8774
222.760 1.9194
222.780 1.8839
222.800 1.8806
222.820 1.8871
222.840 1.8839
222.860 1.8839
222.880 1.8742
222.900 1.8806
222.920 1.8774
222.940 1.8839
222.960 1.8935
222.980 1.8871
223.000 1.8839
223.020 1.8935
223.040 1.8935
223.060 1.8903
223.080 1.8903
223.100 1.8871
223.120 1.8710
223.140 1.8742
223.160 1.8903
223.180 1.8903
223.200 1.8903
223.220 1.8903
223.240 1.8935
223.260 1.8871
223.280 1.8968
223.300 1.8968
223.320 1.8935
223.340 1.9000
223.360 1.8968
223.380 1.8935
223.400 1.8968
223.420 1.8935
223.440 1.9000
223.460 1.8935
223.480 1.9000
223.500 1.9032
223.520 1.8968
223.540 1.9000
223.560 1.9032
223.580 1.9129
223.600 1.9097
223.620 1.9032
223.640 1.8968
223.660 1.9032
223.680 1.9032
223.700 1.9000
223.720 1.8871
223.740 1.9065
223.760 1.9161
223.780 1.8935
223.800 1.9000
223.820 1.8935
223.840 1.9032
223.860 1.8935
223.880 1.9097
223.900 1.8968
223.920 1.9097
223.940 1.9032
223.960 1.9032
223.980 1.9000
224.000 1.8935
224.020 1.9065
224.040 1.8935
224.060 1.9032
224.080 1.8968
224.100 1.9000
224.120 1.9065
224.140 1.9032
224.160 1.9129
224.180 1.8935
224.200 1.9097
224.220 1.9000
224.240 1.9032
224.260 1.8968
224.280 1.9032
224.300 1.8968
224.320 1.9065
224.340 1.9129
224.360 1.9194
224.380 1.9097
224.400 1.9032
224.420 1.9097
224.440 1.9161
224.460 1.9032
224.480 1.9000
224.500 1.8968
224.520 1.8935
224.540 1.9065
224.560 1.9097
224.580 1.8935
224.600 1.9065
224.620 1.8968
224.640 1.9065
224.660 1.9065
224.680 1.9065
224.700 1.9032
224.720 1.9097
224.740 1.9065
224.760 1.9065
224.780 1.8935
224.800 1.9000
224.820 1.9065
224.840 1.9032
224.860 1.9000
224.880 1.9032
224.900 1.8968
224.920 1.9000
224.940 1.8968
224.960 1.9097
224.980 1.9000
225.000 1.9032
225.020 1.8903
225.040 1.8968
225.060 1.8903
225.080 1.8968
225.100 1.9032
225.120 1.8968
225.140 1.8935
225.160 1.8903
225.180 1.9000
225.200 1.9065
225.220 1.8968
225.240 1.8935
225.260 1.8903
225.280 1.8935
225.300 1.9000
225.320 1.9000
225.340 1.8839
225.360 1.8839
225.380 1.8935
225.400 1.8903
225.420 1.8871
225.440 1.8935
225.460 1.8839
225.480 1.8935
225.500 1.8774
225.520 1.8903
225.540 1.8903
225.560 1.8903
225.580 1.8968
225.600 1.8806
225.620 1.8806
225.640 1.8871
225.660 1.8871
225.680 1.8871
225.700 1.8839
225.720 1.8839
225.740 1.8871
225.760 1.8903
225.780 1.8839
225.800 1.8581
225.820 1.8839
225.840 1.9065
225.860 1.8806
225.880 1.8903
225.900 1.8871
225.920 1.8903
225.940 1.8742
225.960 1.8839
225.980 1.8806
226.000 1.8774
226.020 1.8903
226.040 1.8774
226.060 1.8839
226.080 1.8806
226.100 1.8774
226.120 1.8839
226.140 1.8839
226.160 1.8806
226.180 1.8710
226.200 1.8774
226.220 1.8742
226.240 1.8774
226.260 1.8839
226.280 1.8742
226.300 1.8903
226.320 1.9258
226.340 1.8774
226.360 1.8774
226.380 1.8774
226.400 1.8774
226.420 1.8645
226.440 1.8839
226.460 1.8774
226.480 1.8710
226.500 1.8742
226.520 1.8742
226.540 1.8806
226.560 1.8806
226.580 1.8806
226.600 1.8774
226.620 1.8806
226.640 1.8903
226.660 1.8806
226.680 1.8774
226.700 1.8871
226.720 1.8935
226.740 1.8935
226.760 1.8806
226.780 1.8774
226.800 1.8774
226.820 1.8903
226.840 1.8871
226.860 1.9000
226.880 1.8903
226.900 1.8871
226.920 1.8806
226.940 1.8903
226.960 1.8903
226.980 1.8871
227.000 1.8968
227.020 1.9000
227.040 1.9000
227.060 1.8968
227.080 1.9000
227.100 1.8935
227.120 1.8871
227.140 1.8935
227.160 1.9000
227.180 1.8935
227.200 1.8935
227.220 1.9032
227.240 1.8871
227.260 1.9000
227.280 1.8935
227.300 1.8935
227.320 1.8968
227.340 1.9000
227.360 1.9000
227.380 1.9000
227.400 1.8935
227.420 1.8903
227.440 1.9000
227.460 1.9000
227.480 1.9032
227.500 1.9065
227.520 1.9065
227.540 1.8935
227.560 1.9129
227.580 1.8968
227.600 1.9000
227.620 1.9000
227.640 1.9000
227.660 1.9065
227.680 1.8935
227.700 1.9000
227.720 1.9065
227.740 1.9032
227.760 1.8968
227.780 1.9065
227.800 1.9097
227.820 1.9097
227.840 1.9032
227.860 1.9000
227.880 1.9032
227.900 1.9194
227.920 1.9032
227.940 1.9032
227.960 1.9065
227.980 1.9065
228.000 1.8935
228.020 1.9000
228.040 1.9000
228.060 1.9000
228.080 1.9000
228.100 1.8903
228.120 1.9065
228.140 1.9032
228.160 1.9065
228.180 1.9032
228.200 1.9065
228.220 1.9000
228.240 1.9097
228.260 1.9065
228.280 1.9032
228.300 1.9000
228.320 1.9065
228.340 1.9032
228.360 1.9161
228.380 1.9032
228.400 1.9032
228.420 1.9065
228.440 1.9000
228.460 1.9032
228.480 1.8935
228.500 1.9032
228.520 1.9065
228.540 1.9129
228.560 1.8968
228.580 1.9000
228.600 1.9000
228.620 1.8677
228.640 1.9097
228.660 1.8968
228.680 1.9097
228.700 1.9000
228.720 1.9032
228.740 1.9000
228.760 1.9000
228.780 1.9032
228.800 1.9129
228.820 1.9000
228.840 1.9032
228.860 1.8903
228.880 1.8903
228.900 1.9000
228.920 1.9065
228.940 1.8968
228.960 1.9032
228.980 1.9097
229.000 1.8839
229.020 1.9097
229.040 1.8903
229.060 1.8903
229.080 1.9000
229.100 1.8968
229.120 1.8871
229.140 1.8968
229.160 1.8935
229.180 1.8871
229.200 1.8871
229.220 1.8839
229.240 1.8839
229.260 1.9000
229.280 1.8871
229.300 1.8968
229.320 1.8806
229.340 1.8839
229.360 1.8871
229.380 1.9065
229.400 1.8839
229.420 1.8806
229.440 1.9065
229.460 1.8903
229.480 1.8903
229.500 1.8774
229.520 1.8645
229.540 1.8742
229.560 1.8806
229.580 1.8806
229.600 1.8839
229.620 1.8903
229.640 1.8903
229.660 1.8903
229.680 1.8613
229.700 1.8839
229.720 1.8774
229.740 1.8742
229.760 1.8871
229.780 1.8806
229.800 1.8806
229.820 1.8968
229.840 1.8903
229.860 1.8774
229.880 1.8871
229.900 1.8774
229.920 1.8806
229.940 1.8774
229.960 1.8742
229.980 1.8839
230.000 1.8839
230.020 1.8774
230.040 1.8871
230.060 1.8871
230.080 1.8903
230.100 1.8806
230.120 1.8742
230.140 1.8774
230.160 1.8806
230.180 1.8839
230.200 1.8806
230.220 1.8806
230.240 1.8871
230.260 1.8806
230.280 1.8903
230.300 1.8935
230.320 1.8871
230.340 1.8968
230.360 1.8903
230.380 1.8871
230.400 1.8839
230.420 1.8774
230.440 1.8806
230.460 1.8935
230.480 1.8806
230.500 1.8903
230.520 1.8935
230.540 1.8871
230.560 1.8968
230.580 1.8935
230.600 1.8935
230.620 1.9000
230.640 1.8935
230.660 1.8935
230.680 1.8968
230.700 1.8968
230.720 1.8935
230.740 1.9032
230.760 1.9032
230.780 1.9032
230.800 1.9000
230.820 1.8968
230.840 1.8935
230.860 1.9032
230.880 1.9065
230.900 1.8871
230.920 1.8903
230.940 1.9000
230.960 1.9065
230.980 1.8935
231.000 1.8871
231.020 1.9000
231.040 1.9129
231.060 1.9065
231.080 1.9032
231.100 1.9258
231.120 1.9065
231.140 1.9097
231.160 1.9129
231.180 1.9129
231.200 1.9097
231.220 1.9194
231.240 1.9097
231.260 1.9161
231.280 1.9258
231.300 1.9194
231.320 1.9129
231.340 1.9129
231.360 1.9097
231.380 1.9097
231.400 1.9032
231.420 1.9194
231.440 1.9129
231.460 1.9097
231.480 1.9065
231.500 1.9161
231.520 1.9065
231.540 1.9097
231.560 1.9161
231.580 1.9065
231.600 1.9065
231.620 1.9065
231.640 1.9065
231.660 1.9129
231.680 1.9065
231.700 1.9032
231.720 1.9129
231.740 1.9097
231.760 1.9097
231.780 1.9065
231.800 1.9065
231.820 1.8710
231.840 1.9097
231.860 1.8968
231.880 1.9097
231.900 1.9161
231.920 1.9065
231.940 1.9065
231.960 1.9097
231.980 1.9323
232.000 1.9065
232.020 1.8935
232.040 1.9000
232.060 1.9065
232.080 1.9097
232.100 1.9129
232.120 1.9161
232.140 1.9097
232.160 1.9000
232.180 1.9032
232.200 1.9032
232.220 1.9065
232.240 1.9065
232.260 1.9065
232.280 1.9065
232.300 1.8935
232.320 1.9129
232.340 1.8968
232.360 1.9032
232.380 1.8839
232.400 1.9000
232.420 1.9032
232.440 1.8935
232.460 1.9065
232.480 1.9097
232.500 1.8774
232.520 1.9000
232.540 1.8935
232.560 1.8935
232.580 1.9000
232.600 1.8935
232.620 1.8968
232.640 1.9000
232.660 1.9129
232.680 1.8935
232.700 1.8935
232.720 1.8935
232.740 1.8968
232.760 1.9032
232.780 1.8968
232.800 1.8935
232.820 1.9000
232.840 1.8903
232.860 1.8903
232.880 1.8871
232.900 1.8903
232.920 1.8968
232.940 1.8839
232.960 1.8935
232.980 1.8903
233.000 1.8839
233.020 1.8935
233.040 1.8806
233.060 1.8871
233.080 1.8774
233.100 1.8806
233.120 1.8839
233.140 1.8806
233.160 1.8839
233.180 1.8903
233.200 1.8903
233.220 1.9065
233.240 1.8806
233.260 1.8806
233.280 1.8774
233.300 1.8742
233.320 1.8871
233.340 1.8806
233.360 1.8806
233.380 1.8871
233.400 1.8871
233.420 1.8806
233.440 1.8774
233.460 1.8839
233.480 1.8806
233.500 1.8806
233.520 1.8806
233.540 1.9065
233.560 1.8839
233.580 1.8710
233.600 1.8935
233.620 1.8871
233.640 1.8774
233.660 1.8742
233.680 1.8774
233.700 1.8806
233.720 1.8839
233.740 1.8903
233.760 1.8839
233.780 1.8806
233.800 1.8774
233.820 1.8839
233.840 1.8806
233.860 1.8871
233.880 1.8839
233.900 1.8871
233.920 1.8903
233.940 1.8903
233.960 1.8774
233.980 1.8742
234.000 1.8839
234.020 1.8968
234.040 1.8871
234.060 1.8935
234.080 1.8871
234.100 1.8935
234.120 1.9258
234.140 1.8839
234.160 1.8903
234.180 1.8839
234.200 1.8839
234.220 1.8806
234.240 1.8839
234.260 1.9000
234.280 1.9000
234.300 1.8903
234.320 1.8871
234.340 1.8903
234.360 1.8935
234.380 1.8935
234.400 1.9000
234.420 1.8871
234.440 1.8935
234.460 1.8968
234.480 1.9000
234.500 1.9129
234.520 1.8935
234.540 1.8935
234.560 1.8903
234.580 1.9032
234.600 1.9032
234.620 1.8935
234.640 1.9065
234.660 1.8968
234.680 1.8935
234.700 1.9000
234.720 1.8935
234.740 1.9065
234.760 1.8871
234.780 1.9097
234.800 1.9000
234.820 1.9065
234.840 1.8903
234.860 1.9032
234.880 1.9032
234.900 1.9032
234.920 1.9194
234.940 1.8968
234.960 1.8935
234.980 1.9065
235.000 1.8968
235.020 1.8968
235.040 1.8935
235.060 1.9065
235.080 1.9129
235.100 1.9032
235.120 1.9000
235.140 1.9032
235.160 1.9032
235.180 1.9032
235.200 1.9065
235.220 1.8903
235.240 1.8968
235.260 1.9032
235.280 1.9000
235.300 1.9032
235.320 1.9097
235.340 1.9065
235.360 1.8935
235.380 1.8968
235.400 1.9097
235.420 1.9065
235.440 1.9032
235.460 1.9032
235.480 1.9097
235.500 1.9161
235.520 1.9065
235.540 1.9097
235.560 1.9000
235.580 1.9000
235.600 1.9000
235.620 1.9065
235.640 1.9097
235.660 1.9032
235.680 1.9065
235.700 1.8935
235.720 1.9065
235.740 1.8968
235.760 1.8968
235.780 1.9097
235.800 1.9032
235.820 1.9032
235.840 1.9129
235.860 1.9129
235.880 1.8806
235.900 1.9032
235.920 1.8968
235.940 1.9065
235.960 1.8935
235.980 1.8935
236.000 1.8935
236.020 1.8871
236.040 1.8968
236.060 1.8677
236.080 1.9065
236.100 1.9000
236.120 1.8968
236.140 1.8968
236.160 1.8968
236.180 1.9065
236.200 1.9032
236.220 1.9097
236.240 1.8968
236.260 1.9032
236.280 1.8968
236.300 1.8935
236.320 1.8871
236.340 1.9000
236.360 1.9065
236.380 1.9032
236.400 1.8903
236.420 1.8935
236.440 1.8968
236.460 1.8935
236.480 1.8935
236.500 1.8903
236.520 1.8903
236.540 1.8935
236.560 1.8806
236.580 1.8806
236.600 1.9000
236.620 1.8968
236.640 1.8839
236.660 1.8774
236.680 1.8806
236.700 1.8903
236.720 1.8839
236.740 1.8871
236.760 1.8774
236.780 1.8774
236.800 1.8774
236.820 1.8968
236.840 1.8871
236.860 1.8806
236.880 1.8806
236.900 1.8871
236.920 1.8774
236.940 1.8742
236.960 1.8935
236.980 1.8903
237.000 1.8774
237.020 1.8806
237.040 1.8871
237.060 1.8774
237.080 1.8839
237.100 1.8871
237.120 1.8839
237.140 1.8806
237.160 1.8710
237.180 1.8839
237.200 1.8839
237.220 1.8871
237.240 1.8806
237.260 1.8871
237.280 1.8903
237.300 1.8774
237.320 1.8935
237.340 1.8903
237.360 1.8806
237.380 1.8742
237.400 1.8935
237.420 1.8806
237.440 1.8903
237.460 1.8903
237.480 1.8903
237.500 1.8903
237.520 1.8903
237.540 1.8806
237.560 1.8871
237.580 1.8839
237.600 1.8968
237.620 1.8968
237.640 1.8903
237.660 1.8806
237.680 1.8903
237.700 1.9032
237.720 1.9032
237.740 1.8935
237.760 1.8935
237.780 1.8903
237.800 1.8935
237.820 1.9000
237.840 1.8935
237.860 1.8935
237.880 1.9032
237.900 1.9000
237.920 1.8968
237.940 1.8968
237.960 1.8968
237.980 1.8935
238.000 1.9032
238.020 1.8968
238.040 1.8903
238.060 1.9032
238.080 1.8903
238.100 1.9032
238.120 1.9097
238.140 1.9065
238.160 1.8968
238.180 1.9032
238.200 1.9000
238.220 1.9032
238.240 1.9065
238.260 1.9065
238.280 1.9000
238.300 1.8968
238.320 1.9032
238.340 1.9032
238.360 1.9000
238.380 1.8968
238.400 1.9000
238.420 1.9032
238.440 1.9032
238.460 1.9065
238.480 1.9129
238.500 1.9032
238.520 1.9097
238.540 1.9065
238.560 1.9065
238.580 1.9161
238.600 1.9000
238.620 1.9032
238.640 1.9032
238.660 1.9000
238.680 1.8968
238.700 1.9032
238.720 1.8968
238.740 1.9097
238.760 1.9065
238.780 1.9000
238.800 1.9065
238.820 1.9000
238.840 1.8935
238.860 1.9065
238.880 1.9097
238.900 1.9065
238.920 1.9032
238.940 1.9065
238.960 1.9129
238.980 1.9065
239.000 1.9032
239.020 1.8968
239.040 1.9000
239.060 1.9065
239.080 1.9097
239.100 1.9065
239.120 1.8935
239.140 1.9065
239.160 1.8935
239.180 1.9161
239.200 1.9065
239.220 1.8935
239.240 1.9097
239.260 1.9032
239.280 1.9000
239.300 1.9161
239.320 1.9065
239.340 1.9065
239.360 1.8935
239.380 1.9032
239.400 1.8968
239.420 1.9097
239.440 1.9065
239.460 1.8935
239.480 1.9065
239.500 1.9032
239.520 1.8968
239.540 1.9000
239.560 1.8903
239.580 1.8710
239.600 1.9032
239.620 1.9065
239.640 1.8968
239.660 1.8806
239.680 1.8935
239.700 1.8935
239.720 1.8968
239.740 1.8935
239.760 1.9000
239.780 1.8935
239.800 1.8903
239.820 1.8903
239.840 1.8871
239.860 1.9000
239.880 1.8903
239.900 1.8839
239.920 1.9161
239.940 1.8903
239.960 1.8903
239.980 1.8903
240.000 1.8871
240.020 1.8839
240.040 1.8903
240.060 1.8871
240.080 1.8806
240.100 1.8806
240.120 1.8806
240.140 1.9355
240.160 1.8806
240.180 1.8742
240.200 1.9194
240.220 1.8968
240.240 1.8806
240.260 1.8774
240.280 1.8903
240.300 1.8742
240.320 1.8903
240.340 1.8806
240.360 1.8774
240.380 1.8806
240.400 1.8968
240.420 1.8806
240.440 1.8839
240.460 1.8774
240.480 1.8613
240.500 1.8806
240.520 1.8839
240.540 1.8774
240.560 1.8903
240.580 1.8806
240.600 1.8742
240.620 1.8839
240.640 1.8774
240.660 1.8774
240.680 1.8806
240.700 1.8742
240.720 1.8806
240.740 1.8774
240.760 1.8774
240.780 1.8806
240.800 1.8871
240.820 1.8806
240.840 1.8839
240.860 1.8774
240.880 1.8774
240.900 1.8806
240.920 1.8742
240.940 1.8742
240.960 1.8774
240.980 1.8774
241.000 1.8774
241.020 1.8806
241.040 1.8806
241.060 1.8806
241.080 1.8806
241.100 1.8774
241.120 1.8742
241.140 1.8742
241.160 1.8806
241.180 1.8806
241.200 1.8839
241.220 1.8774
241.240 1.8903
241.260 1.8742
241.280 1.8935
241.300 1.8968
241.320 1.8871
241.340 1.8839
241.360 1.8806
241.380 1.8839
241.400 1.8903
241.420 1.8935
241.440 1.8774
241.460 1.8839
241.480 1.8839
241.500 1.8839
241.520 1.8871
241.540 1.8903
241.560 1.8968
241.580 1.8968
241.600 1.8871
241.620 1.8903
241.640 1.8968
241.660 1.8871
241.680 1.8903
241.700 1.8935
241.720 1.8935
241.740 1.8935
241.760 1.9000
241.780 1.8903
241.800 1.8871
241.820 1.8935
241.840 1.8968
241.860 1.8935
241.880 1.9000
241.900 1.9032
241.920 1.9226
241.940 1.8968
241.960 1.9032
241.980 1.8968
242.000 1.8968
242.020 1.8935
242.040 1.8968
242.060 1.9000
242.080 1.9000
242.100 1.8935
242.120 1.9065
242.140 1.8871
242.160 1.8968
242.180 1.9032
242.200 1.8968
242.220 1.8935
242.240 1.9065
242.260 1.8968
242.280 1.9032
242.300 1.8968
242.320 1.9065
242.340 1.8839
242.360 1.8968
242.380 1.8968
242.400 1.9065
242.420 1.9032
242.440 1.9032
242.460 1.9032
242.480 1.9032
242.500 1.9000
242.520 1.8968
242.540 1.9000
242.560 1.9000
242.580 1.8968
242.600 1.9129
242.620 1.9065
242.640 1.8968
242.660 1.9065
242.680 1.9065
242.700 1.9000
242.720 1.9097
242.740 1.9000
242.760 1.9000
242.780 1.8968
242.800 1.9097
242.820 1.9000
242.840 1.9097
242.860 1.9000
242.880 1.9097
242.900 1.9065
242.920 1.9000
242.940 1.9065
242.960 1.9032
242.980 1.9032
243.000 1.9032
243.020 1.9065
243.040 1.9065
243.060 1.9000
243.080 1.9097
243.100 1.9032
243.120 1.9097
243.140 1.9097
243.160 1.9000
243.180 1.9065
243.200 1.8935
243.220 1.9097
243.240 1.9097
243.260 1.9032
243.280 1.9065
243.300 1.8935
243.320 1.8935
243.340 1.8935
243.360 1.9065
243.380 1.9000
243.400 1.8935
243.420 1.9065
243.440 1.9000
243.460 1.9097
243.480 1.9065
243.500 1.9032
243.520 1.8968
243.540 1.9032
243.560 1.9000
243.580 1.9097
243.600 1.8935
243.620 1.9000
243.640 1.8871
243.660 1.9032
243.680 1.9000
243.700 1.8935
243.720 1.9000
243.740 1.8903
243.760 1.9032
243.780 1.8968
243.800 1.9032
243.820 1.8968
243.840 1.9000
243.860 1.8903
243.880 1.8968
243.900 1.8935
243.920 1.9000
243.940 1.8839
243.960 1.8968
243.980 1.8871
244.000 1.8903
244.020 1.8935
244.040 1.8935
244.060 1.8935
244.080 1.8903
244.100 1.8903
244.120 1.8774
244.140 1.8871
244.160 1.8871
244.180 1.8968
244.200 1.8806
244.220 1.8839
244.240 1.8903
244.260 1.8839
244.280 1.8871
244.300 1.8839
244.320 1.8839
244.340 1.8806
244.360 1.8839
244.380 1.8871
244.400 1.8774
244.420 1.8806
244.440 1.8839
244.460 1.8839
244.480 1.8806
244.500 1.8871
244.520 1.8871
244.540 1.8871
244.560 1.8677
244.580 1.8839
244.600 1.8806
244.620 1.8742
244.640 1.8839
244.660 1.8774
244.680 1.8839
244.700 1.8806
244.720 1.8903
244.740 1.8871
244.760 1.8806
244.780 1.8774
244.800 1.8774
244.820 1.8806
244.840 1.8839
244.860 1.8774
244.880 1.8774
244.900 1.8903
244.920 1.8839
244.940 1.8839
244.960 1.8839
244.980 1.8774
245.000 1.8806
245.020 1.8806
245.040 1.8774
245.060 1.8839
245.080 1.8903
245.100 1.8839
245.120 1.8806
245.140 1.8806
245.160 1.8839
245.180 1.8871
245.200 1.8806
245.220 1.8839
245.240 1.8839
245.260 1.8871
245.280 1.8839
245.300 1.8903
245.320 1.8871
245.340 1.8871
245.360 1.8839
245.380 1.8839
245.400 1.8871
245.420 1.8806
245.440 1.8903
245.460 1.8871
245.480 1.8903
245.500 1.8935
245.520 1.8968
245.540 1.8903
245.560 1.8839
245.580 1.8871
245.600 1.8935
245.620 1.8935
245.640 1.8903
245.660 1.9000
245.680 1.8935
245.700 1.9000
245.720 1.8968
245.740 1.9000
245.760 1.8903
245.780 1.8871
245.800 1.8935
245.820 1.9000
245.840 1.8871
245.860 1.9000
245.880 1.9032
245.900 1.8968
245.920 1.9000
245.940 1.8968
245.960 1.9032
245.980 1.9000
246.000 1.9032
246.020 1.9032
246.040 1.9032
246.060 1.9032
246.080 1.9000
246.100 1.9000
246.120 1.8968
246.140 1.9032
246.160 1.9032
246.180 1.9065
246.200 1.9000
246.220 1.9097
246.240 1.8968
246.260 1.9000
246.280 1.8968
246.300 1.8968
246.320 1.8903
246.340 1.9032
246.360 1.9000
246.380 1.9065
246.400 1.9032
246.420 1.8935
246.440 1.8968
246.460 1.8935
246.480 1.9000
246.500 1.9000
246.520 1.9032
246.540 1.9290
246.560 1.8968
246.580 1.8871
246.600 1.9065
246.620 1.9065
246.640 1.9000
246.660 1.9032
246.680 1.9000
246.700 1.9000
246.720 1.9000
246.740 1.9032
246.760 1.9032
246.780 1.8968
246.800 1.9032
246.820 1.9032
246.840 1.9097
246.860 1.9000
246.880 1.9000
246.900 1.9000
246.920 1.9065
246.940 1.9032
246.960 1.9129
246.980 1.9065
247.000 1.9032
247.020 1.9032
247.040 1.9000
247.060 1.9129
247.080 1.8935
247.100 1.9000
247.120 1.9032
247.140 1.9065
247.160 1.9065
247.180 1.9000
247.200 1.9032
247.220 1.9032
247.240 1.9065
247.260 1.9097
247.280 1.9000
247.300 1.9032
247.320 1.9129
247.340 1.9000
247.360 1.9032
247.380 1.9065
247.400 1.8935
247.420 1.9000
247.440 1.9000
247.460 1.9032
247.480 1.9032
247.500 1.8968
247.520 1.9032
247.540 1.8935
247.560 1.9065
247.580 1.9000
247.600 1.9065
247.620 1.8968
247.640 1.9000
247.660 1.9000
247.680 1.8935
247.700 1.9032
247.720 1.8903
247.740 1.9000
247.760 1.8903
247.780 1.8968
247.800 1.8968
247.820 1.8871
247.840 1.8968
247.860 1.9000
247.880 1.9161
247.900 1.9000
247.920 1.8968
247.940 1.8871
247.960 1.8935
247.980 1.8871
248.000 1.8903
248.020 1.8839
248.040 1.9000
248.060 1.8903
248.080 1.9032
248.100 1.9000
248.120 1.8839
248.140 1.9161
248.160 1.8871
248.180 1.8935
248.200 1.8935
248.220 1.8871
248.240 1.8903
248.260 1.9065
248.280 1.8839
248.300 1.8903
248.320 1.8871
248.340 1.8903
248.360 1.8903
248.380 1.8839
248.400 1.8871
248.420 1.8806
248.440 1.8903
248.460 1.8742
248.480 1.8645
248.500 1.8774
248.520 1.8774
248.540 1.8871
248.560 1.8742
248.580 1.8839
248.600 1.8806
248.620 1.8806
248.640 1.8742
248.660 1.8871
248.680 1.8806
248.700 1.8677
248.720 1.8935
248.740 1.8903
248.760 1.8806
248.780 1.8581
248.800 1.8742
248.820 1.8871
248.840 1.8839
248.860 1.8774
248.880 1.8677
248.900 1.8903
248.920 1.8774
248.940 1.8774
248.960 1.8839
248.980 1.8774
249.000 1.8806
249.020 1.8839
249.040 1.8871
249.060 1.8774
249.080 1.8742
249.100 1.8742
249.120 1.8742
249.140 1.8806
249.160 1.8742
249.180 1.8742
249.200 1.8871
249.220 1.8839
249.240 1.8871
249.260 1.8839
249.280 1.8871
249.300 1.8839
249.320 1.8935
249.340 1.8774
249.360 1.8871
249.380 1.8871
249.400 1.8903
249.420 1.8806
249.440 1.8935
249.460 1.8871
249.480 1.8871
249.500 1.8903
249.520 1.8839
249.540 1.8903
249.560 1.8903
249.580 1.8935
249.600 1.8968
249.620 1.8871
249.640 1.8935
249.660 1.8581
249.680 1.8774
249.700 1.9000
249.720 1.9032
249.740 1.8839
249.760 1.8935
249.780 1.9161
249.800 1.9000
249.820 1.9032
249.840 1.9000
249.860 1.9032
249.880 1.9065
249.900 1.8935
249.920 1.9032
249.940 1.8968
249.960 1.9129
249.980 1.9032
250.000 1.9000
250.020 1.8935
250.040 1.9032
250.060 1.9000
250.080 1.8968
250.100 1.9097
250.120 1.9000
250.140 1.9097
250.160 1.8935
250.180 1.9129
250.200 1.9065
250.220 1.9032
250.240 1.9000
250.260 1.9065
250.280 1.9032
250.300 1.9065
250.320 1.9000
250.340 1.9000
250.360 1.8968
250.380 1.9000
250.400 1.9000
250.420 1.9032
250.440 1.9065
250.460 1.8968
250.480 1.9000
250.500 1.9032
250.520 1.8968
250.540 1.9129
250.560 1.8968
250.580 1.9065
250.600 1.8935
250.620 1.9065
250.640 1.9065
250.660 1.9065
250.680 1.9000
250.700 1.9065
250.720 1.8935
250.740 1.8903
250.760 1.8871
250.780 1.9032
250.800 1.9032
250.820 1.8968
250.840 1.9065
250.860 1.9000
250.880 1.9097
250.900 1.8968
250.920 1.9065
250.940 1.9065
250.960 1.9065
250.980 1.9097
251.000 1.9065
251.020 1.8871
251.040 1.8968
251.060 1.9032
251.080 1.9000
251.100 1.8968
251.120 1.9161
251.140 1.9032
251.160 1.9065
251.180 1.9065
251.200 1.9129
251.220 1.9000
251.240 1.9065
251.260 1.9032
251.280 1.8968
251.300 1.8968
251.320 1.9065
251.340 1.9065
251.360 1.9065
251.380 1.9032
251.400 1.9032
251.420 1.9000
251.440 1.9065
251.460 1.9161
251.480 1.9065
251.500 1.9032
251.520 1.8968
251.540 1.9129
251.560 1.9097
251.580 1.9000
251.600 1.9000
251.620 1.8935
251.640 1.9032
251.660 1.8839
251.680 1.8935
251.700 1.8968
251.720 1.9065
251.740 1.8935
251.760 1.8839
251.780 1.9065
251.800 1.8968
251.820 1.8871
251.840 1.8968
251.860 1.8968
251.880 1.9000
251.900 1.8935
251.920 1.8968
251.940 1.8871
251.960 1.8935
251.980 1.8935
252.000 1.8871
252.020 1.8968
252.040 1.8935
252.060 1.8806
252.080 1.8935
252.100 1.8839
252.120 1.8935
252.140 1.8903
252.160 1.8839
252.180 1.8806
252.200 1.8806
252.220 1.8935
252.240 1.9032
252.260 1.8710
252.280 1.8903
252.300 1.8903
252.320 1.8806
252.340 1.8806
252.360 1.8806
252.380 1.8871
252.400 1.8871
252.420 1.8806
252.440 1.8903
252.460 1.8839
252.480 1.8839
252.500 1.8839
252.520 1.8839
252.540 1.8871
252.560 1.8839
252.580 1.8903
252.600 1.8839
252.620 1.8806
252.640 1.8774
252.660 1.8710
252.680 1.8806
252.700 1.8806
252.720 1.8871
252.740 1.8806
252.760 1.8742
252.780 1.8774
252.800 1.8419
252.820 1.8806
252.840 1.8645
252.860 1.8774
252.880 1.8839
252.900 1.8839
252.920 1.8806
252.940 1.8742
252.960 1.8871
252.980 1.8806
253.000 1.8806
253.020 1.8871
253.040 1.8774
253.060 1.8742
253.080 1.8839
253.100 1.8903
253.120 1.8806
253.140 1.8903
253.160 1.8710
253.180 1.8774
253.200 1.8871
253.220 1.8839
253.240 1.8903
253.260 1.8935
253.280 1.8774
253.300 1.8806
253.320 1.8871
253.340 1.8871
253.360 1.8968
253.380 1.8774
253.400 1.8774
253.420 1.8871
253.440 1.8935
253.460 1.8968
253.480 1.8871
253.500 1.8871
253.520 1.8839
253.540 1.8871
253.560 1.8903
253.580 1.8903
253.600 1.8968
253.620 1.8968
253.640 1.8871
253.660 1.9129
253.680 1.8839
253.700 1.8968
253.720 1.9000
253.740 1.9097
253.760 1.8935
253.780 1.8935
253.800 1.8968
253.820 1.8968
253.840 1.8871
253.860 1.8968
253.880 1.9000
253.900 1.9097
253.920 1.9065
253.940 1.8968
253.960 1.8903
253.980 1.8968
254.000 1.8968
254.020 1.9065
254.040 1.8968
254.060 1.8903
254.080 1.8903
254.100 1.8935
254.120 1.8968
254.140 1.8968
254.160 1.9065
254.180 1.9065
254.200 1.9065
254.220 1.9065
254.240 1.9032
254.260 1.9032
254.280 1.8968
254.300 1.9000
254.320 1.9065
254.340 1.9065
254.360 1.9032
254.380 1.9065
254.400 1.9065
254.420 1.9097
254.440 1.8935
254.460 1.9032
254.480 1.8968
254.500 1.9129
254.520 1.9097
254.540 1.9032
254.560 1.9032
254.580 1.9032
254.600 1.9000
254.620 1.8968
254.640 1.9129
254.660 1.9032
254.680 1.9065
254.700 1.9097
254.720 1.9097
254.740 1.9000
254.760 1.9097
254.780 1.8871
254.800 1.9065
254.820 1.8968
254.840 1.9000
254.860 1.8968
254.880 1.8968
254.900 1.9097
254.920 1.9065
254.940 1.9000
254.960 1.8968
254.980 1.9065
255.000 1.9065
255.020 1.9000
255.040 1.9065
255.060 1.9452
255.080 1.9097
255.100 1.9032
255.120 1.8968
255.140 1.9065
255.160 1.9000
255.180 1.9097
255.200 1.8935
255.220 1.8903
255.240 1.9065
255.260 1.9194
255.280 1.9032
255.300 1.9065
255.320 1.9000
255.340 1.9161
255.360 1.9000
255.380 1.9032
255.400 1.9000
255.420 1.9065
255.440 1.8968
255.460 1.8968
255.480 1.9065
255.500 1.9032
255.520 1.9129
255.540 1.9000
255.560 1.9000
255.580 1.9065
255.600 1.9000
255.620 1.9032
255.640 1.9032
255.660 1.9065
255.680 1.9032
255.700 1.9097
255.720 1.8903
255.740 1.9000
255.760 1.8968
255.780 1.9032
255.800 1.9065
255.820 1.8935
255.840 1.8935
255.860 1.9000
255.880 1.8968
255.900 1.8677
255.920 1.9000
255.940 1.9032
255.960 1.9000
255.980 1.8935
256.000 1.8935
256.020 1.8903
256.040 1.8935
256.060 1.8903
256.080 1.8935
256.100 1.8968
256.120 1.8548
256.140 1.9000
256.160 1.8871
256.180 1.9000
256.200 1.8871
256.220 1.8935
256.240 1.8871
256.260 1.8806
256.280 1.8903
256.300 1.8903
256.320 1.8806
256.340 1.8871
256.360 1.8903
256.380 1.8839
256.400 1.8806
256.420 1.8806
256.440 1.8935
256.460 1.8903
256.480 1.8806
256.500 1.8774
256.520 1.8871
256.540 1.8871
256.560 1.8774
256.580 1.8935
256.600 1.8806
256.620 1.8774
256.640 1.8774
256.660 1.8806
256.680 1.8806
256.700 1.8742
256.720 1.8839
256.740 1.8806
256.760 1.8806
256.780 1.8935
256.800 1.8806
256.820 1.8839
256.840 1.8839
256.860 1.8806
256.880 1.8742
256.900 1.8871
256.920 1.8774
256.940 1.8806
256.960 1.8839
256.980 1.8839
257.000 1.8742
257.020 1.8806
257.040 1.8774
257.060 1.8710
257.080 1.8774
257.100 1.8806
257.120 1.8774
257.140 1.8806
257.160 1.8903
257.180 1.8710
257.200 1.8742
257.220 1.8677
257.240 1.8710
257.260 1.8839
257.280 1.8774
257.300 1.8774
257.320 1.8774
257.340 1.8774
257.360 1.8710
257.380 1.8871
257.400 1.8839
257.420 1.8742
257.440 1.8774
257.460 1.8839
257.480 1.8806
257.500 1.8968
257.520 1.8839
257.540 1.8839
257.560 1.8806
257.580 1.8774
257.600 1.8839
257.620 1.8806
257.640 1.8806
257.660 1.8806
257.680 1.8839
257.700 1.8871
257.720 1.8839
257.740 1.8871
257.760 1.8871
257.780 1.8839
257.800 1.8742
257.820 1.8742
257.840 1.8871
257.860 1.8774
257.880 1.8903
257.900 1.8806
257.920 1.8839
257.940 1.8871
257.960 1.8903
257.980 1.8968
258.000 1.8806
258.020 1.8839
258.040 1.8968
258.060 1.8871
258.080 1.8871
258.100 1.8806
258.120 1.8710
258.140 1.8710
258.160 1.8903
258.180 1.8903
258.200 1.9323
258.220 1.8903
258.240 1.8935
258.260 1.8903
258.280 1.8871
258.300 1.8935
258.320 1.8935
258.340 1.8935
258.360 1.8968
258.380 1.8935
258.400 1.8935
258.420 1.9032
258.440 1.8774
258.460 1.8968
258.480 1.9032
258.500 1.8871
258.520 1.9000
258.540 1.8871
258.560 1.8968
258.580 1.8968
258.600 1.9000
258.620 1.9000
258.640 1.9129
258.660 1.8935
258.680 1.8935
258.700 1.8968
258.720 1.9000
258.740 1.8871
258.760 1.9032
258.780 1.8968
258.800 1.9000
258.820 1.8903
258.840 1.9000
258.860 1.8968
258.880 1.8968
258.900 1.9065
258.920 1.9032
258.940 1.9000
258.960 1.9000
258.980 1.9065
259.000 1.9032
259.020 1.8968
259.040 1.8968
259.060 1.9032
259.080 1.9065
259.100 1.9000
259.120 1.9000
259.140 1.9000
259.160 1.9097
259.180 1.9032
259.200 1.8968
259.220 1.8968
259.240 1.8968
259.260 1.8935
259.280 1.9032
259.300 1.8968
259.320 1.9032
259.340 1.9000
259.360 1.9065
259.380 1.9065
259.400 1.9000
259.420 1.8935
259.440 1.8968
259.460 1.9032
259.480 1.9065
259.500 1.9161
259.520 1.8968
259.540 1.9097
259.560 1.9032
259.580 1.9032
259.600 1.9097
259.620 1.9065
259.640 1.9065
259.660 1.9000
259.680 1.9032
259.700 1.9161
259.720 1.9000
259.740 1.9032
259.760 1.9000
259.780 1.9032
259.800 1.9000
259.820 1.9032
259.840 1.9032
259.860 1.9000
259.880 1.9065
259.900 1.9032
259.920 1.9000
259.940 1.9000
259.960 1.9032
259.980 1.9032
260.000 1.8968
260.020 1.9032
260.040 1.8935
260.060 1.8968
260.080 1.8968
260.100 1.9032
260.120 1.8968
260.140 1.9129
260.160 1.8903
260.180 1.8935
260.200 1.8903
260.220 1.9065
260.240 1.9000
260.260 1.8903
260.280 1.8935
260.300 1.8903
260.320 1.8968
260.340 1.8935
260.360 1.8742
260.380 1.8935
260.400 1.9032
260.420 1.8935
260.440 1.8774
260.460 1.8839
260.480 1.8871
260.500 1.8806
260.520 1.8968
260.540 1.8871
260.560 1.8903
260.580 1.8903
260.600 1.8871
260.620 1.9032
260.640 1.8871
260.660 1.8710
260.680 1.8903
260.700 1.8774
260.720 1.8710
260.740 1.8839
260.760 1.8806
260.780 1.8871
260.800 1.8355
260.820 1.8806
260.840 1.8742
260.860 1.8774
260.880 1.8774
260.900 1.8548
260.920 1.8806
260.940 1.8774
260.960 1.8742
260.980 1.8806
261.000 1.8806
261.020 1.8806
261.040 1.8839
261.060 1.8645
261.080 1.8742
261.100 1.8774
261.120 1.8677
261.140 1.8742
261.160 1.8710
261.180 1.8742
261.200 1.8774
261.220 1.8806
261.240 1.8742
261.260 1.8839
261.280 1.8839
261.300 1.8613
261.320 1.8710
261.340 1.8742
261.360 1.8774
261.380 1.8839
261.400 1.8839
261.420 1.8806
261.440 1.8806
261.460 1.8839
261.480 1.8677
261.500 1.8774
261.520 1.8645
261.540 1.8774
261.560 1.8774
261.580 1.8806
261.600 1.8774
261.620 1.8839
261.640 1.8710
261.660 1.8774
261.680 1.8742
261.700 1.8774
261.720 1.8774
261.740 1.8871
261.760 1.8806
261.780 1.8871
261.800 1.8806
261.820 1.8806
261.840 1.8839
261.860 1.8774
261.880 1.8774
261.900 1.8806
261.920 1.8774
261.940 1.8806
261.960 1.8742
261.980 1.8839
262.000 1.8839
262.020 1.8742
262.040 1.8871
262.060 1.8806
262.080 1.8935
262.100 1.8806
262.120 1.8806
262.140 1.8839
262.160 1.8935
262.180 1.8935
262.200 1.8871
262.220 1.8968
262.240 1.8935
262.260 1.8968
262.280 1.8839
262.300 1.8968
262.320 1.9097
262.340 1.8935
262.360 1.8806
262.380 1.8935
262.400 1.8935
262.420 1.8903
262.440 1.8935
262.460 1.8839
262.480 1.8935
262.500 1.8935
262.520 1.8935
262.540 1.8935
262.560 1.8968
262.580 1.8903
262.600 1.9000
262.620 1.8871
262.640 1.8968
262.660 1.9032
262.680 1.9290
262.700 1.9000
262.720 1.9032
262.740 1.8968
262.760 1.9065
262.780 1.9000
262.800 1.8968
262.820 1.9000
262.840 1.8968
262.860 1.8968
262.880 1.9065
262.900 1.9000
262.920 1.8968
262.940 1.8935
262.960 1.9000
262.980 1.9065
263.000 1.9129
263.020 1.9032
263.040 1.9000
263.060 1.9065
263.080 1.9065
263.100 1.8968
263.120 1.9000
263.140 1.9065
263.160 1.9032
263.180 1.8968
263.200 1.9097
263.220 1.9000
263.240 1.8968
263.260 1.8968
263.280 1.8903
263.300 1.9032
263.320 1.9032
263.340 1.9000
263.360 1.9032
263.380 1.9065
263.400 1.8935
263.420 1.9000
263.440 1.9129
263.460 1.9290
263.480 1.9129
263.500 1.8935
263.520 1.8903
263.540 1.9097
263.560 1.9032
263.580 1.9032
263.600 1.9065
263.620 1.9032
263.640 1.9000
263.660 1.9000
263.680 1.9129
263.700 1.9065
263.720 1.9032
263.740 1.9032
263.760 1.8968
263.780 1.8968
263.800 1.9065
263.820 1.9000
263.840 1.9032
263.860 1.9097
263.880 1.9065
263.900 1.8968
263.920 1.9032
263.940 1.8968
263.960 1.9129
263.980 1.8968
264.000 1.9097
264.020 1.9032
264.040 1.8968
264.060 1.8935
264.080 1.8903
264.100 1.9000
264.120 1.9065
264.140 1.8903
264.160 1.9097
264.180 1.9000
264.200 1.8903
264.220 1.9032
264.240 1.8968
264.260 1.9000
264.280 1.8903
264.300 1.9000
264.320 1.9065
264.340 1.9032
264.360 1.8935
264.380 1.8935
264.400 1.9000
264.420 1.8935
264.440 1.8968
264.460 1.9000
264.480 1.8935
264.500 1.8935
264.520 1.8871
264.540 1.8871
264.560 1.8871
264.580 1.8968
264.600 1.8871
264.620 1.8871
264.640 1.8871
264.660 1.8903
264.680 1.8806
264.700 1.8774
264.720 1.8935
264.740 1.8839
264.760 1.8968
264.780 1.8903
264.800 1.8806
264.820 1.8968
264.840 1.8839
264.860 1.8806
264.880 1.8839
264.900 1.8806
264.920 1.8871
264.940 1.8871
264.960 1.8903
264.980 1.8806
265.000 1.8806
265.020 1.8806
265.040 1.8806
265.060 1.8806
265.080 1.8935
265.100 1.8774
265.120 1.8806
265.140 1.8774
265.160 1.8806
265.180 1.8774
265.200 1.8774
265.220 1.8806
265.240 1.8710
265.260 1.8871
265.280 1.8839
265.300 1.8839
265.320 1.8839
265.340 1.8806
265.360 1.8774
265.380 1.8839
265.400 1.8774
265.420 1.8839
265.440 1.8677
265.460 1.8839
265.480 1.8774
265.500 1.8774
265.520 1.8710
265.540 1.8806
265.560 1.8806
265.580 1.8742
265.600 1.8774
265.620 1.8806
265.640 1.8774
265.660 1.8935
265.680 1.8806
265.700 1.8839
265.720 1.8871
265.740 1.8806
265.760 1.8742
265.780 1.8806
265.800 1.8968
265.820 1.8806
265.840 1.8871
265.860 1.8903
265.880 1.8871
265.900 1.8935
265.920 1.8935
265.940 1.8968
265.960 1.8806
265.980 1.8903
266.000 1.8903
266.020 1.9161
266.040 1.9065
266.060 1.8871
266.080 1.8935
266.100 1.8806
266.120 1.8968
266.140 1.8839
266.160 1.8871
266.180 1.9000
266.200 1.8871
266.220 1.9032
266.240 1.9032
266.260 1.9065
266.280 1.8968
266.300 1.9032
266.320 1.9000
266.340 1.8968
266.360 1.8935
266.380 1.8903
266.400 1.8935
266.420 1.8935
266.440 1.8968
266.460 1.8968
266.480 1.8935
266.500 1.8968
266.520 1.8968
266.540 1.9032
266.560 1.9000
266.580 1.8968
266.600 1.9000
266.620 1.9032
266.640 1.8935
266.660 1.9000
266.680 1.8968
266.700 1.8968
266.720 1.8968
266.740 1.8968
266.760 1.9065
266.780 1.9065
266.800 1.9032
266.820 1.8968
266.840 1.8968
266.860 1.9032
266.880 1.9097
266.900 1.9097
266.920 1.8935
266.940 1.8806
266.960 1.9032
266.980 1.8935
267.000 1.9032
267.020 1.8935
267.040 1.8968
267.060 1.8968
267.080 1.9097
267.100 1.9097
267.120 1.9097
267.140 1.9032
267.160 1.9000
267.180 1.9000
267.200 1.9097
267.220 1.9097
267.240 1.9032
267.260 1.8903
267.280 1.9065
267.300 1.9000
267.320 1.9000
267.340 1.9065
267.360 1.9032
267.380 1.9065
267.400 1.9065
267.420 1.8968
267.440 1.9032
267.460 1.9065
267.480 1.9065
267.500 1.9032
267.520 1.9065
267.540 1.8935
267.560 1.9000
267.580 1.8935
267.600 1.9032
267.620 1.9129
267.640 1.9000
267.660 1.9000
267.680 1.9065
267.700 1.8903
267.720 1.9097
267.740 1.9065
267.760 1.9000
267.780 1.9097
267.800 1.9129
267.820 1.9065
267.840 1.9129
267.860 1.8935
267.880 1.9032
267.900 1.9032
267.920 1.9097
267.940 1.9000
267.960 1.9000
267.980 1.9000
268.000 1.9065
268.020 1.8968
268.040 1.9065
268.060 1.9032
268.080 1.9065
268.100 1.8968
268.120 1.8968
268.140 1.8839
268.160 1.8935
268.180 1.9000
268.200 1.9000
268.220 1.9032
268.240 1.9000
268.260 1.8968
268.280 1.8968
268.300 1.9065
268.320 1.9000
268.340 1.8871
268.360 1.9032
268.380 1.8935
268.400 1.9000
268.420 1.9000
268.440 1.8968
268.460 1.8839
268.480 1.8903
268.500 1.8903
268.520 1.8903
268.540 1.8903
268.560 1.8871
268.580 1.8935
268.600 1.8903
268.620 1.9032
268.640 1.8839
268.660 1.8968
268.680 1.8968
268.700 1.8774
268.720 1.8903
268.740 1.8903
268.760 1.8839
268.780 1.8871
268.800 1.8903
268.820 1.8871
268.840 1.8903
268.860 1.8806
268.880 1.8871
268.900 1.8871
268.920 1.8871
268.940 1.8806
268.960 1.8806
268.980 1.8839
269.000 1.8839
269.020 1.8839
269.040 1.8806
269.060 1.8774
269.080 1.8903
269.100 1.8839
269.120 1.8903
269.140 1.8903
269.160 1.8871
269.180 1.8806
269.200 1.8839
269.220 1.8806
269.240 1.8839
269.260 1.8839
269.280 1.8839
269.300 1.8774
269.320 1.8806
269.340 1.8806
269.360 1.8742
269.380 1.8774
269.400 1.8742
269.420 1.8774
269.440 1.8774
269.460 1.8903
269.480 1.8839
269.500 1.8677
269.520 1.8806
269.540 1.8806
269.560 1.8774
269.580 1.8839
269.600 1.8806
269.620 1.8839
269.640 1.8871
269.660 1.8871
269.680 1.8806
269.700 1.8871
269.720 1.8839
269.740 1.8871
269.760 1.8839
269.780 1.8774
269.800 1.8839
269.820 1.8839
269.840 1.8871
269.860 1.8806
269.880 1.8839
269.900 1.8774
269.920 1.8774
269.940 1.8871
269.960 1.8806
269.980 1.8806
270.000 1.8839
270.020 1.8871
270.040 1.8710
270.060 1.8774
270.080 1.8935
270.100 1.8710
270.120 1.8839
270.140 1.9032
270.160 1.8871
270.180 1.8871
270.200 1.8968
270.220 1.8839
270.240 1.8935
270.260 1.8968
270.280 1.8839
270.300 1.8935
270.320 1.8806
270.340 1.9032
270.360 1.8935
270.380 1.8839
270.400 1.8871
270.420 1.8968
270.440 1.8839
270.460 1.9000
270.480 1.9000
270.500 1.8903
270.520 1.8935
270.540 1.9000
270.560 1.9000
270.580 1.9161
270.600 1.9000
270.620 1.8871
270.640 1.8645
270.660 1.9000
270.680 1.8968
270.700 1.9032
270.720 1.9032
270.740 1.8935
270.760 1.8935
270.780 1.8968
270.800 1.8903
270.820 1.9129
270.840 1.9000
270.860 1.8968
270.880 1.9000
270.900 1.8968
270.920 1.8968
270.940 1.9000
270.960 1.8903
270.980 1.9000
271.000 1.8968
271.020 1.8968
271.040 1.8968
271.060 1.8935
271.080 1.9032
271.100 1.9000
271.120 1.9032
271.140 1.9065
271.160 1.9032
271.180 1.9065
271.200 1.9161
271.220 1.8806
271.240 1.8968
271.260 1.9065
271.280 1.9032
271.300 1.9000
271.320 1.8968
271.340 1.9065
271.360 1.9065
271.380 1.8968
271.400 1.9000
271.420 1.9000
271.440 1.9032
271.460 1.8935
271.480 1.9097
271.500 1.9000
271.520 1.9000
271.540 1.9097
271.560 1.9065
271.580 1.9097
271.600 1.9032
271.620 1.8806
271.640 1.8903
271.660 1.9065
271.680 1.9000
271.700 1.8968
271.720 1.9065
271.740 1.9032
271.760 1.9097
271.780 1.9000
271.800 1.9032
271.820 1.9065
271.840 1.9032
271.860 1.9032
271.880 1.9065
271.900 1.9000
271.920 1.9032
271.940 1.9032
271.960 1.9032
271.980 1.9032
272.000 1.9000
272.020 1.9065
272.040 1.9032
272.060 1.9065
272.080 1.8968
272.100 1.9000
272.120 1.9065
272.140 1.9097
272.160 1.9032
272.180 1.9000
272.200 1.9032
272.220 1.8968
272.240 1.8968
272.260 1.9000
272.280 1.9097
272.300 1.9065
272.320 1.9065
272.340 1.9097
272.360 1.9000
272.380 1.9000
272.400 1.9032
272.420 1.9000
272.440 1.9000
272.460 1.8968
272.480 1.8968
272.500 1.8871
272.520 1.8935
272.540 1.8968
272.560 1.9065
272.580 1.8935
272.600 1.8806
272.620 1.8968
272.640 1.9000
272.660 1.9000
272.680 1.8968
272.700 1.8871
272.720 1.8903
272.740 1.8968
272.760 1.8871
272.780 1.8871
272.800 1.8935
272.820 1.8839
272.840 1.8839
272.860 1.8613
272.880 1.8774
272.900 1.8806
272.920 1.8774
272.940 1.8742
272.960 1.8935
272.980 1.8871
273.000 1.8806
273.020 1.8774
273.040 1.8839
273.060 1.8903
273.080 1.8871
273.100 1.8677
273.120 1.8871
273.140 1.8806
273.160 1.8839
273.180 1.8839
273.200 1.8806
273.220 1.8677
273.240 1.8839
273.260 1.8774
273.280 1.8774
273.300 1.8774
273.320 1.8839
273.340 1.8839
273.360 1.8871
273.380 1.8774
273.400 1.8548
273.420 1.8774
273.440 1.8774
273.460 1.8742
273.480 1.8774
273.500 1.8774
273.520 1.8806
273.540 1.8774
273.560 1.8774
273.580 1.8710
273.600 1.8710
273.620 1.8839
273.640 1.8742
273.660 1.8839
273.680 1.8774
273.700 1.8742
273.720 1.9097
273.740 1.8774
273.760 1.8806
273.780 1.8806
273.800 1.8742
273.820 1.8774
273.840 1.8839
273.860 1.8806
273.880 1.8806
273.900 1.8871
273.920 1.8710
273.940 1.8742
273.960 1.8839
273.980 1.8806
274.000 1.8774
274.020 1.8839
274.040 1.8839
274.060 1.8871
274.080 1.8903
274.100 1.8839
274.120 1.8839
274.140 1.8742
274.160 1.8806
274.180 1.8871
274.200 1.8806
274.220 1.8871
274.240 1.8774
274.260 1.8710
274.280 1.8806
274.300 1.8903
274.320 1.8806
274.340 1.8742
274.360 1.8903
274.380 1.8871
274.400 1.8839
274.420 1.8903
274.440 1.8839
274.460 1.8839
274.480 1.8839
274.500 1.8935
274.520 1.8871
274.540 1.8903
274.560 1.9000
274.580 1.8774
274.600 1.8839
274.620 1.8935
274.640 1.8903
274.660 1.8806
274.680 1.8903
274.700 1.8935
274.720 1.8903
274.740 1.8839
274.760 1.8968
274.780 1.8935
274.800 1.8903
274.820 1.9032
274.840 1.8903
274.860 1.8839
274.880 1.8968
274.900 1.8968
274.920 1.8968
274.940 1.8935
274.960 1.9065
274.980 1.9032
275.000 1.8871
275.020 1.9032
275.040 1.8903
275.060 1.9000
275.080 1.9065
275.100 1.9129
275.120 1.8935
275.140 1.8903
275.160 1.9000
275.180 1.8968
275.200 1.8935
275.220 1.8903
275.240 1.9129
275.260 1.9000
275.280 1.9000
275.300 1.8774
275.320 1.8968
275.340 1.9000
275.360 1.8839
275.380 1.9000
275.400 1.9065
275.420 1.8968
275.440 1.9065
275.460 1.9129
275.480 1.9000
275.500 1.8968
275.520 1.9129
275.540 1.9000
275.560 1.9097
275.580 1.9000
275.600 1.9065
275.620 1.9065
275.640 1.8968
275.660 1.9065
275.680 1.9000
275.700 1.9065
275.720 1.9032
275.740 1.9065
275.760 1.9000
275.780 1.9065
275.800 1.9129
275.820 1.8968
275.840 1.8935
275.860 1.9000
275.880 1.9032
275.900 1.8903
275.920 1.9032
275.940 1.9000
275.960 1.9000
275.980 1.8968
276.000 1.9032
276.020 1.8871
276.040 1.9065
276.060 1.9097
276.080 1.9065
276.100 1.9032
276.120 1.9065
276.140 1.9000
276.160 1.9032
276.180 1.9065
276.200 1.9065
276.220 1.9194
276.240 1.9032
276.260 1.9032
276.280 1.9065
276.300 1.9000
276.320 1.9129
276.340 1.9000
276.360 1.9000
276.380 1.9000
276.400 1.9000
276.420 1.9000
276.440 1.9129
276.460 1.9000
276.480 1.9032
276.500 1.9065
276.520 1.9000
276.540 1.8935
276.560 1.9065
276.580 1.8968
276.600 1.9032
276.620 1.8935
276.640 1.9065
276.660 1.9065
276.680 1.8935
276.700 1.9129
276.720 1.9097
276.740 1.9161
276.760 1.9032
276.780 1.9129
276.800 1.8935
276.820 1.9000
276.840 1.9097
276.860 1.8968
276.880 1.9032
276.900 1.9032
276.920 1.9065
276.940 1.9032
276.960 1.9065
276.980 1.8968
277.000 1.9032
277.020 1.8935
277.040 1.9000
277.060 1.8968
277.080 1.8935
277.100 1.8871
277.120 1.9000
277.140 1.8871
277.160 1.8935
277.180 1.8871
277.200 1.8935
277.220 1.8935
277.240 1.8968
277.260 1.8871
277.280 1.8935
277.300 1.8903
277.320 1.8903
277.340 1.8871
277.360 1.8935
277.380 1.8903
277.400 1.8871
277.420 1.8839
277.440 1.8935
277.460 1.8903
277.480 1.8839
277.500 1.8839
277.520 1.8806
277.540 1.8839
277.560 1.8806
277.580 1.8774
277.600 1.8806
277.620 1.8935
277.640 1.8806
277.660 1.9258
277.680 1.8871
277.700 1.8806
277.720 1.8839
277.740 1.8742
277.760 1.8839
277.780 1.8839
277.800 1.8806
277.820 1.8806
277.840 1.8839
277.860 1.8871
277.880 1.8710
277.900 1.8839
277.920 1.8806
277.940 1.8742
277.960 1.8839
277.980 1.8935
278.000 1.8774
278.020 1.8839
278.040 1.8742
278.060 1.8710
278.080 1.8839
278.100 1.8839
278.120 1.8839
278.140 1.8710
278.160 1.8806
278.180 1.8774
278.200 1.8839
278.220 1.8839
278.240 1.8871
278.260 1.8806
278.280 1.8742
278.300 1.8839
278.320 1.8774
278.340 1.8871
278.360 1.8774
278.380 1.8742
278.400 1.8742
278.420 1.8839
278.440 1.8710
278.460 1.8742
278.480 1.8774
278.500 1.8871
278.520 1.8871
278.540 1.8839
278.560 1.8806
278.580 1.8839
278.600 1.8839
278.620 1.8806
278.640 1.8839
278.660 1.8839
278.680 1.8871
278.700 1.8774
278.720 1.8839
278.740 1.8839
278.760 1.8871
278.780 1.8871
278.800 1.8935
278.820 1.9000
278.840 1.8774
278.860 1.8968
278.880 1.8935
278.900 1.8968
278.920 1.8935
278.940 1.8903
278.960 1.8871
278.980 1.8968
279.000 1.8839
279.020 1.8806
279.040 1.8871
279.060 1.9000
279.080 1.8903
279.100 1.8839
279.120 1.8871
279.140 1.8935
279.160 1.8935
279.180 1.8935
279.200 1.8968
279.220 1.8903
279.240 1.8935
279.260 1.8935
279.280 1.8935
279.300 1.8935
279.320 1.8968
279.340 1.9032
279.360 1.8968
279.380 1.8935
279.400 1.9032
279.420 1.9032
279.440 1.9000
279.460 1.9032
279.480 1.9000
279.500 1.9000
279.520 1.9065
279.540 1.9032
279.560 1.9032
279.580 1.8903
279.600 1.9065
279.620 1.9032
279.640 1.8935
279.660 1.9065
279.680 1.9032
279.700 1.9065
279.720 1.9065
279.740 1.9032
279.760 1.8935
279.780 1.8935
279.800 1.9000
279.820 1.9065
279.840 1.9032
279.860 1.8968
279.880 1.9032
279.900 1.9290
279.920 1.8968
279.940 1.8968
279.960 1.8968
279.980 1.9097
280.000 1.9000
280.020 1.9000
280.040 1.9032
280.060 1.8968
280.080 1.9065
280.100 1.9000
280.120 1.9000
280.140 1.9000
280.160 1.9032
280.180 1.8935
280.200 1.9097
280.220 1.9032
280.240 1.8935
280.260 1.9032
280.280 1.9065
280.300 1.8968
280.320 1.9065
280.340 1.9032
280.360 1.9000
280.380 1.8903
280.400 1.9000
280.420 1.9032
280.440 1.9097
280.460 1.9032
280.480 1.9000
280.500 1.9065
280.520 1.9161
280.540 1.9032
280.560 1.9097
280.580 1.9000
280.600 1.8968
280.620 1.8935
280.640 1.9000
280.660 1.9000
280.680 1.9065
280.700 1.9032
280.720 1.9000
280.740 1.9032
280.760 1.9065
280.780 1.9065
280.800 1.9032
280.820 1.8871
280.840 1.9000
280.860 1.8935
280.880 1.9065
280.900 1.9097
280.920 1.9065
280.940 1.9000
280.960 1.8968
280.980 1.8935
281.000 1.9000
281.020 1.8806
281.040 1.9000
281.060 1.9065
281.080 1.9000
281.100 1.8935
281.120 1.9000
281.140 1.9032
281.160 1.8968
281.180 1.8935
281.200 1.8903
281.220 1.8935
281.240 1.8968
281.260 1.8839
281.280 1.8774
281.300 1.8903
281.320 1.9000
281.340 1.8903
281.360 1.8935
281.380 1.8871
281.400 1.8903
281.420 1.8871
281.440 1.8774
281.460 1.8871
281.480 1.8871
281.500 1.8839
281.520 1.8806
281.540 1.8839
281.560 1.8774
281.580 1.8806
281.600 1.8742
281.620 1.8935
281.640 1.8774
281.660 1.8871
281.680 1.8774
281.700 1.8839
281.720 1.8903
281.740 1.8774
281.760 1.8839
281.780 1.8806
281.800 1.8839
281.820 1.8806
281.840 1.8839
281.860 1.8839
281.880 1.8839
281.900 1.8903
281.920 1.8774
281.940 1.8839
281.960 1.8839
281.980 1.8839
282.000 1.8677
282.020 1.8677
282.040 1.8839
282.060 1.8774
282.080 1.8742
282.100 1.8774
282.120 1.8806
282.140 1.8774
282.160 1.8871
282.180 1.8871
282.200 1.8839
282.220 1.8839
282.240 1.8839
282.260 1.8839
282.280 1.8742
282.300 1.8774
282.320 1.8806
282.340 1.8710
282.360 1.8871
282.380 1.8806
282.400 1.8871
282.420 1.8774
282.440 1.8742
282.460 1.8839
282.480 1.8871
282.500 1.8806
282.520 1.8742
282.540 1.8806
282.560 1.8871
282.580 1.8839
282.600 1.8806
282.620 1.8903
282.640 1.8839
282.660 1.8871
282.680 1.8839
282.700 1.8935
282.720 1.8839
282.740 1.8871
282.760 1.8935
282.780 1.8871
282.800 1.8903
282.820 1.8968
282.840 1.8903
282.860 1.8968
282.880 1.8903
282.900 1.8968
282.920 1.8968
282.940 1.8871
282.960 1.9000
282.980 1.8935
283.000 1.8935
283.020 1.8903
283.040 1.8806
283.060 1.8968
283.080 1.8968
283.100 1.8968
283.120 1.8935
283.140 1.8935
283.160 1.9065
283.180 1.9000
283.200 1.9000
283.220 1.8903
283.240 1.9000
283.260 1.8903
283.280 1.9129
283.300 1.9000
283.320 1.9032
283.340 1.8935
283.360 1.9000
283.380 1.8935
283.400 1.9000
283.420 1.9000
283.440 1.9000
283.460 1.9000
283.480 1.8968
283.500 1.8968
283.520 1.9000
283.540 1.8968
283.560 1.9032
283.580 1.9000
283.600 1.8968
283.620 1.9000
283.640 1.9032
283.660 1.9032
283.680 1.9065
283.700 1.9000
283.720 1.8968
283.740 1.8935
283.760 1.8968
283.780 1.9032
283.800 1.9000
283.820 1.8968
283.840 1.9065
283.860 1.8968
283.880 1.9000
283.900 1.9065
283.920 1.8968
283.940 1.9097
283.960 1.9032
283.980 1.9097
284.000 1.9000
284.020 1.8935
284.040 1.9032
284.060 1.8968
284.080 1.9097
284.100 1.9065
284.120 1.9129
284.140 1.9032
284.160 1.9097
284.180 1.9065
284.200 1.9065
284.220 1.8935
284.240 1.8968
284.260 1.9323
284.280 1.8903
284.300 1.8968
284.320 1.9000
284.340 1.9065
284.360 1.8935
284.380 1.8774
284.400 1.9065
284.420 1.8935
284.440 1.9000
284.460 1.9161
284.480 1.9097
284.500 1.9065
284.520 1.9065
284.540 1.9032
284.560 1.8935
284.580 1.9097
284.600 1.9065
284.620 1.8839
284.640 1.9097
284.660 1.9032
284.680 1.9000
284.700 1.8968
284.720 1.9032
284.740 1.8968
284.760 1.8935
284.780 1.9065
284.800 1.9032
284.820 1.8968
284.840 1.9000
284.860 1.9032
284.880 1.9032
284.900 1.9032
284.920 1.8968
284.940 1.8645
284.960 1.8839
284.980 1.8903
285.000 1.9032
285.020 1.8968
285.040 1.8935
285.060 1.8903
285.080 1.8903
285.100 1.8871
285.120 1.8968
285.140 1.8903
285.160 1.8968
285.180 1.8935
285.200 1.8871
285.220 1.8903
285.240 1.8903
285.260 1.8903
285.280 1.8903
285.300 1.8968
285.320 1.8968
285.340 1.8871
285.360 1.9000
285.380 1.8839
285.400 1.8903
285.420 1.8903
285.440 1.8806
285.460 1.8839
285.480 1.8968
285.500 1.8903
285.520 1.8839
285.540 1.8871
285.560 1.8806
285.580 1.8839
285.600 1.8839
285.620 1.8806
285.640 1.8806
285.660 1.8903
285.680 1.8806
285.700 1.8806
285.720 1.8839
285.740 1.8871
285.760 1.8871
285.780 1.8806
285.800 1.8774
285.820 1.8774
285.840 1.8645
285.860 1.8774
285.880 1.8645
285.900 1.8806
285.920 1.8677
285.940 1.8774
285.960 1.8710
285.980 1.8774
286.000 1.8742
286.020 1.8839
286.040 1.8871
286.060 1.8742
286.080 1.8677
286.100 1.8806
286.120 1.8710
286.140 1.8742
286.160 1.8742
286.180 1.8806
286.200 1.8742
286.220 1.8581
286.240 1.8710
286.260 1.8774
286.280 1.8774
286.300 1.8742
286.320 1.8806
286.340 1.8871
286.360 1.8774
286.380 1.8774
286.400 1.8774
286.420 1.8710
286.440 1.8774
286.460 1.8774
286.480 1.8871
286.500 1.8710
286.520 1.8839
286.540 1.8774
286.560 1.8613
286.580 1.8839
286.600 1.8677
286.620 1.8710
286.640 1.8742
286.660 1.8742
286.680 1.8742
286.700 1.8645
286.720 1.8710
286.740 1.8774
286.760 1.8677
286.780 1.8839
286.800 1.8710
286.820 1.8871
286.840 1.8806
286.860 1.8839
286.880 1.8710
286.900 1.8710
286.920 1.8839
286.940 1.8774
286.960 1.8677
286.980 1.8710
287.000 1.8806
287.020 1.8742
287.040 1.8806
287.060 1.8903
287.080 1.8839
287.100 1.8839
287.120 1.8968
287.140 1.8839
287.160 1.8968
287.180 1.8839
287.200 1.8806
287.220 1.8871
287.240 1.8839
287.260 1.8871
287.280 1.8806
287.300 1.8871
287.320 1.8839
287.340 1.8774
287.360 1.8871
287.380 1.8968
287.400 1.8839
287.420 1.8806
287.440 1.8935
287.460 1.8871
287.480 1.8871
287.500 1.8935
287.520 1.8935
287.540 1.9000
287.560 1.8935
287.580 1.8839
287.600 1.8903
287.620 1.8903
287.640 1.8968
287.660 1.8871
287.680 1.8903
287.700 1.8839
287.720 1.8903
287.740 1.9032
287.760 1.8935
287.780 1.9000
287.800 1.9000
287.820 1.9032
287.840 1.8903
287.860 1.8968
287.880 1.8968
287.900 1.8968
287.920 1.8935
287.940 1.9032
287.960 1.8903
287.980 1.8935
288.000 1.8903
288.020 1.9129
288.040 1.8839
288.060 1.9000
288.080 1.8968
288.100 1.8968
288.120 1.9032
288.140 1.8935
288.160 1.8903
288.180 1.8871
288.200 1.8935
288.220 1.8935
288.240 1.9000
288.260 1.9032
288.280 1.9000
288.300 1.9097
288.320 1.9065
288.340 1.9032
288.360 1.9000
288.380 1.9000
288.400 1.8968
288.420 1.9065
288.440 1.8871
288.460 1.9032
288.480 1.9032
288.500 1.8968
288.520 1.9032
288.540 1.9032
288.560 1.8968
288.580 1.8968
288.600 1.9161
288.620 1.9032
288.640 1.9032
288.660 1.9065
288.680 1.9032
288.700 1.9097
288.720 1.9097
288.740 1.9065
288.760 1.9032
288.780 1.9032
288.800 1.9000
288.820 1.9161
288.840 1.9065
288.860 1.9032
288.880 1.9000
288.900 1.9032
288.920 1.9000
288.940 1.8677
288.960 1.8903
288.980 1.9000
289.000 1.9032
289.020 1.8903
289.040 1.9097
289.060 1.9032
289.080 1.8968
289.100 1.9032
289.120 1.9032
289.140 1.9000
289.160 1.8935
289.180 1.8871
289.200 1.9097
289.220 1.8968
289.240 1.9161
289.260 1.9065
289.280 1.8935
289.300 1.9032
289.320 1.9000
289.340 1.9032
289.360 1.9032
289.380 1.9000
289.400 1.8968
289.420 1.9065
289.440 1.8935
289.460 1.9000
289.480 1.9065
289.500 1.9000
289.520 1.8968
289.540 1.9194
289.560 1.9000
289.580 1.9000
289.600 1.9065
289.620 1.8968
289.640 1.9000
289.660 1.8903
289.680 1.8968
289.700 1.8903
289.720 1.9000
289.740 1.8935
289.760 1.8903
289.780 1.8903
289.800 1.8968
289.820 1.8871
289.840 1.8968
289.860 1.8935
289.880 1.8839
289.900 1.8903
289.920 1.8806
289.940 1.8871
289.960 1.8903
289.980 1.8774
290.000 1.8839
290.020 1.8871
290.040 1.8839
290.060 1.8839
290.080 1.8871
290.100 1.8742
290.120 1.8742
290.140 1.8871
290.160 1.8935
290.180 1.8871
290.200 1.8806
290.220 1.8839
290.240 1.8871
290.260 1.8806
290.280 1.8806
290.300 1.8839
290.320 1.8742
290.340 1.8839
290.360 1.8742
290.380 1.9032
290.400 1.8903
290.420 1.8774
290.440 1.8710
290.460 1.8806
290.480 1.9129
290.500 1.8742
290.520 1.8806
290.540 1.8774
290.560 1.8774
290.580 1.8806
290.600 1.8839
290.620 1.8774
290.640 1.8710
290.660 1.9032
290.680 1.8806
290.700 1.8710
290.720 1.8677
290.740 1.8774
290.760 1.8677
290.780 1.8774
290.800 1.8677
290.820 1.8806
290.840 1.8806
290.860 1.8774
290.880 1.8710
290.900 1.8742
290.920 1.8935
290.940 1.8677
290.960 1.8774
290.980 1.8839
291.000 1.8710
291.020 1.8742
291.040 1.8677
291.060 1.8871
291.080 1.8645
291.100 1.8742
291.120 1.8839
291.140 1.8806
291.160 1.8806
291.180 1.8806
291.200 1.8742
291.220 1.8839
291.240 1.8645
291.260 1.8806
291.280 1.8742
291.300 1.8645
291.320 1.8742
291.340 1.8710
291.360 1.8742
291.380 1.8839
291.400 1.9194
291.420 1.8677
291.440 1.8742
291.460 1.8806
291.480 1.8806
291.500 1.8839
291.520 1.8871
291.540 1.8774
291.560 1.8839
291.580 1.8806
291.600 1.8806
291.620 1.8806
291.640 1.8871
291.660 1.8742
291.680 1.8935
291.700 1.8806
291.720 1.8839
291.740 1.8839
291.760 1.8903
291.780 1.8968
291.800 1.8903
291.820 1.8806
291.840 1.8935
291.860 1.8839
291.880 1.8935
291.900 1.8935
291.920 1.8871
291.940 1.9032
291.960 1.8871
291.980 1.8839
292.000 1.8935
292.020 1.8935
292.040 1.8968
292.060 1.8935
292.080 1.8903
292.100 1.8935
292.120 1.8935
292.140 1.8903
292.160 1.8935
292.180 1.8903
292.200 1.8935
292.220 1.8935
292.240 1.8871
292.260 1.8968
292.280 1.9000
292.300 1.8968
292.320 1.9000
292.340 1.8968
292.360 1.9032
292.380 1.8968
292.400 1.8968
292.420 1.9000
292.440 1.8968
292.460 1.9032
292.480 1.9032
292.500 1.8968
292.520 1.8903
292.540 1.9000
292.560 1.9065
292.580 1.9000
292.600 1.9032
292.620 1.9000
292.640 1.9000
292.660 1.9032
292.680 1.9000
292.700 1.9000
292.720 1.8903
292.740 1.9000
292.760 1.8968
292.780 1.9065
292.800 1.9000
292.820 1.9032
292.840 1.9032
292.860 1.8968
292.880 1.8968
292.900 1.9032
292.920 1.9000
292.940 1.9032
292.960 1.9000
292.980 1.9000
293.000 1.9065
293.020 1.8968
293.040 1.9065
293.060 1.8968
293.080 1.9000
293.100 1.9065
293.120 1.9000
293.140 1.8968
293.160 1.9000
293.180 1.9032
293.200 1.9129
293.220 1.9097
293.240 1.9032
293.260 1.9000
293.280 1.8968
293.300 1.9097
293.320 1.8968
293.340 1.9065
293.360 1.9065
293.380 1.8968
293.400 1.9032
293.420 1.9097
293.440 1.8903
293.460 1.9032
293.480 1.9097
293.500 1.9032
293.520 1.9065
293.540 1.8935
293.560 1.9000
293.580 1.9032
293.600 1.8935
293.620 1.8935
293.640 1.9032
293.660 1.8935
293.680 1.8903
293.700 1.9000
293.720 1.9000
293.740 1.9000
293.760 1.9000
293.780 1.8935
293.800 1.8871
293.820 1.8968
293.840 1.8871
293.860 1.8903
293.880 1.8710
293.900 1.8935
293.920 1.8871
293.940 1.8968
293.960 1.8968
293.980 1.8903
294.000 1.9000
294.020 1.8710
294.040 1.8774
294.060 1.8742
294.080 1.8871
294.100 1.8839
294.120 1.8839
294.140 1.8871
294.160 1.8839
294.180 1.8839
294.200 1.8871
294.220 1.8839
294.240 1.8806
294.260 1.8806
294.280 1.8774
294.300 1.8871
294.320 1.8806
294.340 1.8742
294.360 1.8871
294.380 1.8774
294.400 1.8806
294.420 1.8871
294.440 1.8839
294.460 1.8806
294.480 1.8710
294.500 1.8935
294.520 1.8806
294.540 1.8806
294.560 1.8839
294.580 1.8839
294.600 1.8903
294.620 1.8774
294.640 1.8774
294.660 1.8742
294.680 1.8839
294.700 1.8839
294.720 1.8839
294.740 1.9065
294.760 1.8839
294.780 1.8774
294.800 1.8774
294.820 1.8839
294.840 1.8839
294.860 1.9065
294.880 1.8742
294.900 1.8806
294.920 1.8774
294.940 1.8839
294.960 1.8806
294.980 1.8774
295.000 1.8935
295.020 1.8806
295.040 1.8742
295.060 1.8806
295.080 1.8774
295.100 1.8839
295.120 1.8774
295.140 1.8871
295.160 1.8742
295.180 1.8806
295.200 1.8871
295.220 1.8839
295.240 1.8774
295.260 1.8774
295.280 1.8903
295.300 1.8774
295.320 1.8903
295.340 1.8903
295.360 1.8871
295.380 1.8774
295.400 1.8871
295.420 1.8806
295.440 1.8871
295.460 1.8903
295.480 1.8935
295.500 1.8935
295.520 1.8935
295.540 1.8839
295.560 1.8903
295.580 1.8935
295.600 1.8935
295.620 1.8774
295.640 1.8935
295.660 1.8935
295.680 1.8935
295.700 1.8968
295.720 1.8935
295.740 1.9065
295.760 1.9000
295.780 1.8935
295.800 1.8774
295.820 1.8839
295.840 1.8903
295.860 1.8935
295.880 1.9000
295.900 1.9000
295.920 1.9000
295.940 1.8968
295.960 1.9065
295.980 1.8968
296.000 1.9000
296.020 1.8903
296.040 1.9129
296.060 1.9032
296.080 1.8968
296.100 1.8935
296.120 1.8903
296.140 1.8935
296.160 1.9065
296.180 1.9000
296.200 1.9097
296.220 1.9032
296.240 1.9065
296.260 1.9000
296.280 1.9129
296.300 1.9032
296.320 1.9032
296.340 1.9032
296.360 1.8968
296.380 1.9000
296.400 1.9226
296.420 1.9000
296.440 1.9032
296.460 1.9000
296.480 1.9065
296.500 1.9032
296.520 1.9032
296.540 1.8968
296.560 1.8935
296.580 1.9032
296.600 1.8968
296.620 1.9032
296.640 1.9097
296.660 1.8935
296.680 1.9000
296.700 1.8968
296.720 1.8935
296.740 1.9000
296.760 1.9000
296.780 1.9097
296.800 1.8935
296.820 1.9032
296.840 1.9000
296.860 1.9032
296.880 1.8968
296.900 1.8968
296.920 1.8903
296.940 1.8968
296.960 1.9000
296.980 1.8968
297.000 1.9097
297.020 1.8968
297.040 1.9065
297.060 1.8968
297.080 1.9065
297.100 1.9000
297.120 1.8935
297.140 1.9000
297.160 1.8839
297.180 1.8935
297.200 1.9032
297.220 1.8935
297.240 1.9065
297.260 1.8935
297.280 1.8871
297.300 1.8968
297.320 1.8935
297.340 1.9000
297.360 1.9000
297.380 1.8968
297.400 1.8935
297.420 1.8903
297.440 1.8935
297.460 1.8871
297.480 1.8871
297.500 1.8968
297.520 1.8903
297.540 1.8935
297.560 1.8968
297.580 1.8806
297.600 1.8806
297.620 1.8839
297.640 1.8839
297.660 1.8871
297.680 1.8839
297.700 1.8903
297.720 1.8871
297.740 1.8871
297.760 1.8935
297.780 1.8839
297.800 1.8871
297.820 1.8871
297.840 1.8742
297.860 1.8806
297.880 1.8806
297.900 1.8806
297.920 1.8806
297.940 1.8806
297.960 1.8903
297.980 1.8871
298.000 1.9000
298.020 1.8742
298.040 1.8871
298.060 1.8774
298.080 1.8806
298.100 1.8742
298.120 1.8742
298.140 1.8742
298.160 1.8806
298.180 1.8806
298.200 1.8871
298.220 1.8839
298.240 1.8774
298.260 1.8839
298.280 1.8806
298.300 1.8742
298.320 1.8871
298.340 1.8742
298.360 1.8806
298.380 1.8839
298.400 1.8806
298.420 1.8839
298.440 1.8774
298.460 1.8774
298.480 1.8806
298.500 1.8806
298.520 1.9065
298.540 1.8839
298.560 1.8839
298.580 1.8839
298.600 1.8742
298.620 1.8871
298.640 1.8839
298.660 1.8839
298.680 1.8871
298.700 1.8903
298.720 1.8806
298.740 1.8903
298.760 1.8806
298.780 1.8806
298.800 1.8742
298.820 1.8839
298.840 1.8806
298.860 1.8871
298.880 1.8839
298.900 1.8806
298.920 1.8903
298.940 1.8806
298.960 1.8935
298.980 1.8839
299.000 1.8871
299.020 1.8903
299.040 1.9194
299.060 1.8806
299.080 1.9000
299.100 1.8871
299.120 1.9000
299.140 1.8903
299.160 1.8935
299.180 1.9000
299.200 1.8871
299.220 1.8774
299.240 1.8935
299.260 1.8968
299.280 1.8935
299.300 1.8871
299.320 1.8935
299.340 1.9032
299.360 1.8935
299.380 1.8871
299.400 1.9000
299.420 1.8968
299.440 1.8903
299.460 1.8968
299.480 1.8968
299.500 1.8968
299.520 1.8968
299.540 1.9000
299.560 1.8968
299.580 1.8968
299.600 1.9000
299.620 1.9032
299.640 1.8968
299.660 1.9000
299.680 1.9032
299.700 1.8935
299.720 1.8968
299.740 1.8968
299.760 1.8903
299.780 1.9000
299.800 1.8935
299.820 1.8968
299.840 1.9000
299.860 1.9000
299.880 1.9032
299.900 1.9194
299.920 1.9032
299.940 1.9065
299.960 1.9065
299.980 1.9000
300.000 1.9032